UDI,Product_ID,Type,Air_Temperature_K,Process_Temperature_K,Rotational_Speed_RPM,Torque_Nm,Tool_Wear_min,Vibration_mms,TWF,HDF,PWF,OSF,RNF,Machine_Failure,Failure_Type,RUL_Hours
1,L10000,L,297.02,306.41,1678.3,27.19,154.6,3.02,0,0,0,0,0,0,No Failure,119.6
2,H10001,H,297.75,307.36,1539.3,34.67,184.9,3.15,0,0,0,0,0,0,No Failure,75.6
3,M10002,M,300.78,309.75,1655.2,23.17,3.3,1.39,0,0,0,0,0,0,No Failure,295.6
4,M10003,M,297.65,306.76,1356.4,43.72,84.9,2.0,0,0,0,0,0,0,No Failure,192.2
5,L10004,L,302.23,312.66,1563.7,42.48,192.6,2.42,0,0,0,0,0,0,No Failure,57.0
6,L10005,L,299.86,309.99,1412.8,33.04,101.0,1.89,0,0,0,0,0,0,No Failure,178.5
7,L10006,L,300.17,310.66,1319.6,45.59,90.7,2.22,0,0,0,0,0,0,No Failure,183.8
8,H10007,H,299.44,309.66,1383.9,37.72,237.9,3.35,1,0,0,0,0,1,TWF,11.5
9,M10008,M,301.55,312.25,1440.5,46.33,138.1,2.24,0,0,0,0,0,0,No Failure,122.5
10,M10009,M,301.57,312.44,1760.8,17.87,48.1,4.31,0,0,1,0,0,1,PWF,9.8
11,L10010,L,300.67,308.93,1435.8,46.77,118.1,2.71,0,0,0,0,0,0,No Failure,133.1
12,H10011,H,301.13,310.28,1310.4,33.06,129.7,3.04,0,0,0,0,0,0,No Failure,143.9
13,H10012,H,299.58,309.34,1561.5,36.95,247.2,2.75,0,0,0,0,0,0,No Failure,1.0
14,L10013,L,301.08,311.06,1543.2,33.92,179.6,4.06,0,0,0,0,0,0,No Failure,83.0
15,L10014,L,299.32,308.65,1449.9,38.86,129.9,3.06,0,0,0,0,0,0,No Failure,139.1
16,L10015,L,300.0,310.92,1509.1,29.05,108.0,3.04,0,0,0,0,0,0,No Failure,172.7
17,L10016,L,299.45,311.43,1712.7,46.65,228.9,2.45,0,0,0,0,0,0,No Failure,1.7
18,M10017,M,299.09,309.27,1658.1,27.18,161.5,4.82,0,0,0,0,1,1,RNF,5.4
19,L10018,L,298.62,308.71,1642.6,28.07,89.0,3.26,0,0,0,0,0,0,No Failure,195.6
20,L10019,L,300.94,311.78,1326.1,57.81,116.2,2.35,0,0,0,0,0,0,No Failure,142.2
21,M10020,M,302.62,310.76,2054.7,31.46,69.5,2.52,0,0,0,0,0,0,No Failure,199.7
22,L10021,L,302.34,312.37,1726.2,25.98,240.1,4.01,1,0,0,0,0,1,TWF,3.6
23,L10022,L,297.49,308.47,1630.5,35.9,175.5,2.82,0,0,0,0,0,0,No Failure,85.7
24,L10023,L,302.58,311.94,1329.6,43.48,98.1,3.03,0,0,0,0,0,0,No Failure,175.7
25,L10024,L,299.36,308.14,1707.6,23.32,45.8,3.14,0,0,0,0,0,0,No Failure,243.1
26,M10025,M,301.2,311.02,1448.3,36.12,44.3,2.32,0,0,0,0,0,0,No Failure,245.9
27,L10026,L,298.19,308.13,1503.2,39.73,119.4,2.61,0,0,0,0,0,0,No Failure,151.4
28,M10027,M,300.28,309.38,1237.1,57.36,116.9,2.7,0,0,0,0,0,0,No Failure,141.8
29,M10028,M,300.63,312.72,1315.8,44.28,104.4,3.38,0,0,0,0,0,0,No Failure,167.1
30,L10029,L,297.03,306.55,1616.5,36.32,213.0,1.43,0,0,0,0,0,0,No Failure,39.4
31,M10030,M,301.22,310.06,1718.1,29.22,244.8,4.96,1,0,0,0,0,1,TWF,2.6
32,L10031,L,302.69,312.6,1660.6,43.8,88.7,2.11,0,0,0,0,0,0,No Failure,187.4
33,L10032,L,299.65,310.56,1654.5,42.58,73.7,2.18,0,0,0,0,0,0,No Failure,207.0
34,H10033,H,302.72,312.74,1526.4,44.83,192.5,1.99,0,0,0,0,0,0,No Failure,54.4
35,H10034,H,299.62,310.11,1465.2,41.73,112.4,2.82,0,0,0,0,0,0,No Failure,158.7
36,H10035,H,301.7,310.83,1589.7,26.55,54.4,1.03,0,0,0,0,0,0,No Failure,236.7
37,L10036,L,295.56,307.05,1685.0,43.21,45.2,2.42,0,0,0,0,0,0,No Failure,242.7
38,L10037,L,304.84,315.4,1538.9,39.39,70.1,1.41,0,0,0,0,0,0,No Failure,212.9
39,M10038,M,302.99,314.04,1754.6,32.04,0.3,2.08,0,0,0,0,0,0,No Failure,299.6
40,L10039,L,299.43,309.8,1499.5,43.15,235.4,2.37,0,0,0,0,0,0,No Failure,2.1
41,L10040,L,296.06,306.88,1362.5,45.61,107.6,2.26,0,0,0,0,0,0,No Failure,162.3
42,L10041,L,300.58,309.7,1536.1,31.57,20.7,2.91,0,0,0,0,0,0,No Failure,275.3
43,L10042,L,297.11,306.62,1557.0,36.29,41.2,3.25,0,0,0,0,0,0,No Failure,249.6
44,H10043,H,300.89,312.24,1523.3,26.06,80.8,3.67,0,0,0,0,0,0,No Failure,206.2
45,L10044,L,300.82,312.38,1767.2,34.55,137.9,2.5,0,0,0,0,0,0,No Failure,132.7
46,M10045,M,298.12,306.97,1682.1,44.98,175.9,3.2,0,0,0,0,0,0,No Failure,72.4
47,L10046,L,302.24,312.49,1281.9,34.24,77.0,3.38,0,0,0,0,0,0,No Failure,206.8
48,M10047,M,301.61,311.18,1812.7,34.0,239.4,5.2,1,0,0,0,0,1,TWF,11.3
49,M10048,M,301.95,311.25,1100.0,59.22,190.1,3.24,0,0,0,0,0,0,No Failure,40.6
50,L10049,L,300.02,310.3,1923.0,36.92,206.4,1.19,0,0,0,0,0,0,No Failure,46.7
51,H10050,H,297.17,308.31,1486.6,35.14,80.9,2.68,0,0,0,0,0,0,No Failure,201.6
52,M10051,M,301.96,312.41,1504.1,32.18,95.2,3.46,0,0,0,0,0,0,No Failure,185.9
53,H10052,H,299.46,309.14,1527.3,35.18,134.5,2.56,0,0,0,0,0,0,No Failure,136.4
54,H10053,H,297.22,307.74,1607.0,45.67,112.9,2.39,0,0,0,0,0,0,No Failure,155.3
55,M10054,M,302.7,312.34,1538.0,27.05,65.0,2.38,0,0,0,0,0,0,No Failure,224.2
56,H10055,H,304.2,314.61,1514.1,31.12,249.3,6.62,1,0,0,0,0,1,TWF,2.8
57,L10056,L,299.92,311.31,1772.3,30.64,212.1,1.54,0,0,0,0,0,0,No Failure,47.9
58,L10057,L,304.32,312.24,1639.2,29.77,59.5,2.27,0,0,0,0,0,0,No Failure,208.1
59,L10058,L,300.18,310.98,1366.4,43.62,223.1,3.01,0,0,0,0,0,0,No Failure,17.0
60,L10059,L,299.24,307.7,1670.6,45.82,146.7,2.69,0,0,0,0,0,0,No Failure,101.0
61,L10060,L,298.74,309.97,1631.8,28.34,3.1,3.21,0,0,0,0,0,0,No Failure,296.3
62,L10061,L,303.27,312.64,1440.4,40.63,86.5,2.91,0,0,0,0,0,0,No Failure,191.8
63,H10062,H,298.44,307.22,1679.8,35.66,6.4,2.22,0,0,0,0,0,0,No Failure,287.8
64,L10063,L,301.47,312.17,1509.8,37.4,21.9,2.85,0,0,0,0,0,0,No Failure,273.0
65,L10064,L,298.88,309.25,1498.3,29.0,44.7,1.71,0,0,0,0,0,0,No Failure,247.3
66,M10065,M,299.08,308.08,1493.4,35.71,121.1,1.29,0,0,0,0,0,0,No Failure,152.3
67,L10066,L,302.06,310.81,1103.4,49.94,95.3,2.13,0,0,0,0,0,0,No Failure,170.3
68,H10067,H,299.24,309.05,1443.7,45.99,37.2,2.55,0,0,0,0,0,0,No Failure,252.2
69,L10068,L,299.19,307.99,1665.7,38.96,98.6,2.01,0,0,0,0,0,0,No Failure,173.6
70,H10069,H,302.27,311.2,1534.0,28.25,76.1,2.6,0,0,0,0,0,0,No Failure,209.5
71,M10070,M,303.19,313.31,1308.0,43.16,102.5,2.54,0,0,0,0,0,0,No Failure,170.2
72,L10071,L,301.29,310.32,1710.7,31.57,43.1,1.38,0,0,0,0,0,0,No Failure,248.6
73,L10072,L,298.69,309.12,1484.6,54.1,152.4,2.18,0,0,0,0,0,0,No Failure,92.7
74,H10073,H,298.98,310.47,1319.3,47.52,11.1,3.06,0,0,0,0,0,0,No Failure,285.6
75,M10074,M,300.16,310.01,1932.9,23.5,97.0,2.79,0,0,0,0,0,0,No Failure,189.0
76,M10075,M,300.64,310.77,1349.5,39.02,223.7,4.91,1,0,0,0,0,1,TWF,6.0
77,M10076,M,298.02,310.04,1695.4,32.74,104.9,2.87,0,0,0,0,0,0,No Failure,173.9
78,L10077,L,301.45,310.26,1400.3,45.38,110.3,3.55,0,0,0,0,0,0,No Failure,155.2
79,L10078,L,300.17,311.36,1562.3,41.8,17.0,2.25,0,0,0,0,0,0,No Failure,278.6
80,L10079,L,296.57,307.64,1376.5,44.99,151.3,2.94,0,0,0,0,0,0,No Failure,106.8
81,H10080,H,298.14,309.0,1316.2,44.12,234.1,2.85,0,0,0,0,0,0,No Failure,2.3
82,M10081,M,298.99,310.28,1631.5,35.82,72.9,2.21,0,0,0,0,0,0,No Failure,211.0
83,L10082,L,299.85,310.13,1610.5,36.35,98.3,1.82,0,0,0,0,0,0,No Failure,179.7
84,L10083,L,303.78,313.2,1742.9,21.95,147.0,3.49,0,0,0,0,0,0,No Failure,133.1
85,L10084,L,300.48,311.57,1531.8,38.74,23.3,3.15,0,0,0,0,0,0,No Failure,271.1
86,L10085,L,298.32,309.45,1935.4,26.96,237.6,5.75,1,0,0,0,0,1,TWF,1.0
87,M10086,M,300.44,311.55,1586.0,26.26,116.9,3.23,0,0,0,0,0,0,No Failure,164.2
88,M10087,M,299.3,309.34,1639.5,53.52,28.8,4.64,0,0,1,0,0,1,PWF,6.2
89,H10088,H,300.65,309.93,1294.8,48.52,83.8,3.22,0,0,0,0,0,0,No Failure,191.2
90,L10089,L,301.16,311.35,1428.1,42.11,93.5,1.42,0,0,0,0,0,0,No Failure,182.3
91,L10090,L,302.42,313.36,1631.0,34.19,86.3,2.26,0,0,0,0,0,0,No Failure,195.5
92,M10091,M,299.95,310.98,1522.9,44.51,173.3,3.44,0,0,0,0,0,0,No Failure,79.2
93,M10092,M,303.28,312.85,1571.6,30.04,86.4,4.09,0,0,0,0,0,0,No Failure,197.7
94,M10093,M,301.82,312.13,1391.8,40.92,81.0,2.27,0,0,0,0,0,0,No Failure,198.6
95,M10094,M,298.59,307.28,1559.8,31.8,80.5,2.26,0,0,0,0,0,0,No Failure,197.5
96,L10095,L,304.42,315.4,1559.2,43.53,194.5,2.91,0,0,0,0,0,0,No Failure,53.4
97,M10096,M,300.65,309.87,1326.7,39.44,77.1,2.71,0,0,0,0,0,0,No Failure,204.2
98,L10097,L,298.33,309.12,1653.0,44.01,3.5,2.82,0,0,0,0,0,0,No Failure,295.6
99,L10098,L,303.31,312.16,1233.7,47.94,91.4,1.2,0,0,0,0,0,0,No Failure,178.7
100,L10099,L,304.16,315.19,1571.0,43.61,69.6,2.36,0,0,0,0,0,0,No Failure,211.8
101,L10100,L,299.93,310.26,1854.0,35.16,227.3,2.98,0,0,0,0,0,0,No Failure,23.6
102,M10101,M,298.99,308.21,1659.8,43.56,119.5,1.09,0,0,0,0,0,0,No Failure,148.5
103,L10102,L,299.66,310.35,1658.7,29.63,58.6,1.53,0,0,0,0,0,0,No Failure,230.7
104,M10103,M,301.43,310.84,1377.4,49.9,245.4,3.22,1,0,0,1,0,1,TWF,3.8
105,H10104,H,302.56,313.31,1854.7,19.31,61.7,2.89,0,0,0,0,0,0,No Failure,231.0
106,L10105,L,301.14,310.87,1784.4,33.93,190.8,1.94,0,0,0,0,0,0,No Failure,69.4
107,L10106,L,300.2,308.48,1387.0,39.44,162.4,1.78,0,0,0,0,0,0,No Failure,83.8
108,M10107,M,303.0,312.01,1453.0,31.46,115.6,2.53,0,0,0,0,0,0,No Failure,162.1
109,L10108,L,299.37,308.94,1762.6,27.79,101.5,1.76,0,0,0,0,0,0,No Failure,181.2
110,L10109,L,302.06,313.43,1859.5,27.78,218.1,6.26,1,0,0,0,0,1,TWF,2.2
111,L10110,L,299.42,310.33,1311.6,44.37,118.8,3.95,0,0,0,0,0,0,No Failure,148.8
112,L10111,L,300.86,312.49,1358.3,40.5,93.8,2.28,0,0,0,0,0,0,No Failure,182.8
113,H10112,H,299.77,311.43,1512.3,40.24,88.6,1.33,0,0,0,0,0,0,No Failure,189.5
114,H10113,H,299.89,309.35,1149.4,46.39,69.0,2.23,0,0,0,0,0,0,No Failure,211.3
115,M10114,M,299.25,309.06,1541.4,35.59,102.2,2.79,0,0,0,0,0,0,No Failure,175.4
116,H10115,H,302.69,312.28,1750.2,32.26,30.0,2.73,0,0,0,0,0,0,No Failure,264.1
117,H10116,H,298.53,307.86,1280.5,48.13,16.3,3.0,0,0,0,0,0,0,No Failure,278.9
118,L10117,L,298.52,306.68,1560.8,44.38,135.4,2.14,0,0,0,0,0,0,No Failure,110.8
119,H10118,H,304.24,314.23,1433.9,47.82,113.6,2.33,0,0,0,0,0,0,No Failure,153.0
120,M10119,M,301.96,310.67,1831.6,34.42,43.3,1.03,0,0,0,0,0,0,No Failure,241.8
121,H10120,H,295.23,305.2,1436.0,44.79,26.7,2.87,0,0,0,0,0,0,No Failure,265.9
122,H10121,H,298.87,310.99,1809.9,35.33,35.8,1.71,0,0,0,0,0,0,No Failure,256.4
123,L10122,L,296.38,305.87,1431.1,39.72,78.8,2.62,0,0,0,0,0,0,No Failure,201.9
124,L10123,L,298.1,308.29,1676.0,42.1,112.9,1.98,0,0,0,0,0,0,No Failure,157.9
125,L10124,L,293.72,304.63,1583.1,31.5,48.3,2.45,0,0,0,0,0,0,No Failure,242.3
126,L10125,L,299.73,310.01,1513.2,25.31,188.9,3.08,0,0,0,0,0,0,No Failure,81.7
127,H10126,H,297.72,308.01,1396.5,35.67,48.3,2.24,0,0,0,0,0,0,No Failure,241.1
128,H10127,H,300.12,309.76,1595.8,47.42,31.0,2.06,0,0,0,0,0,0,No Failure,259.9
129,L10128,L,296.75,306.52,1459.1,39.05,248.6,5.66,1,0,0,0,0,1,TWF,14.4
130,M10129,M,300.17,309.21,1414.5,44.34,111.9,2.11,0,0,0,0,0,0,No Failure,157.5
131,L10130,L,299.17,310.02,1801.6,31.39,42.5,1.93,0,0,0,0,0,0,No Failure,249.3
132,L10131,L,303.0,311.26,1636.0,40.61,223.6,6.93,1,0,0,0,0,1,TWF,12.5
133,L10132,L,302.82,313.79,1653.2,36.79,57.8,1.39,0,0,0,0,0,0,No Failure,229.1
134,L10133,L,301.57,310.17,1467.9,40.39,231.4,2.89,0,0,0,0,0,0,No Failure,3.0
135,H10134,H,299.35,310.31,1504.7,44.17,29.7,2.42,0,0,0,0,0,0,No Failure,262.2
136,L10135,L,303.97,313.62,1493.5,36.91,210.5,2.0,0,0,0,0,0,0,No Failure,41.7
137,M10136,M,296.89,305.66,1598.4,40.14,46.1,2.71,0,0,0,0,0,0,No Failure,237.9
138,M10137,M,297.19,307.77,1652.9,35.08,234.6,5.37,1,0,0,0,0,1,TWF,8.2
139,L10138,L,299.83,310.76,1532.6,38.4,143.6,3.29,0,0,0,0,0,0,No Failure,122.5
140,H10139,H,304.51,314.07,1396.1,37.25,47.5,1.82,0,0,0,0,0,0,No Failure,241.6
141,H10140,H,299.6,310.32,1674.1,34.33,211.2,2.19,0,0,0,0,0,0,No Failure,44.2
142,L10141,L,299.63,307.35,1544.0,35.07,97.6,3.11,0,0,0,0,0,0,No Failure,155.6
143,L10142,L,297.12,305.8,1280.1,54.78,183.2,2.38,0,0,0,0,0,0,No Failure,48.6
144,L10143,L,301.89,313.18,1155.8,40.12,160.9,2.83,0,0,0,0,0,0,No Failure,99.4
145,L10144,L,301.91,311.68,1591.3,43.93,178.6,3.23,0,0,0,0,0,0,No Failure,73.2
146,L10145,L,301.58,309.72,1389.5,30.97,85.9,2.84,0,0,0,0,0,0,No Failure,180.5
147,M10146,M,298.74,308.04,1615.2,40.91,234.7,4.03,1,0,0,0,0,1,TWF,14.8
148,M10147,M,298.59,307.66,1399.2,37.02,140.0,2.29,0,0,0,0,0,0,No Failure,128.2
149,L10148,L,297.41,307.25,1561.8,42.38,19.4,3.23,0,0,0,0,0,0,No Failure,275.6
150,L10149,L,300.17,309.8,1470.3,39.96,16.7,2.59,0,0,0,0,0,0,No Failure,279.2
151,H10150,H,297.84,308.02,1851.6,22.38,184.6,2.38,0,0,0,0,0,0,No Failure,90.0
152,L10151,L,297.65,307.58,1708.1,44.64,212.5,2.73,0,0,0,0,0,0,No Failure,29.1
153,L10152,L,299.15,310.51,1779.2,39.16,173.8,1.73,0,0,0,0,0,0,No Failure,84.3
154,L10153,L,299.02,309.45,1542.3,42.43,69.4,2.36,0,0,0,0,0,0,No Failure,212.5
155,H10154,H,298.92,309.38,1685.2,31.12,56.5,2.45,0,0,0,0,0,0,No Failure,232.7
156,L10155,L,300.93,312.1,1554.4,44.28,141.4,2.44,0,0,0,0,0,0,No Failure,120.1
157,M10156,M,300.16,309.77,1801.1,24.33,49.2,2.26,0,0,0,0,0,0,No Failure,243.4
158,M10157,M,299.42,308.16,1525.0,23.75,94.8,2.31,0,0,0,0,0,0,No Failure,186.1
159,L10158,L,300.37,311.57,1287.8,35.65,157.2,2.43,0,0,0,0,0,0,No Failure,108.3
160,M10159,M,298.02,308.15,1180.2,44.38,71.2,3.38,0,0,0,0,0,0,No Failure,209.3
161,L10160,L,300.21,310.35,1836.6,27.38,93.9,1.18,0,0,0,0,0,0,No Failure,190.3
162,M10161,M,300.3,309.67,1623.7,33.91,90.1,2.92,0,0,0,0,0,0,No Failure,191.1
163,M10162,M,296.99,306.38,1635.4,33.95,115.1,2.45,0,0,0,0,0,0,No Failure,160.8
164,M10163,M,301.99,312.84,1804.6,28.7,168.6,2.46,0,0,0,0,0,0,No Failure,101.6
165,L10164,L,298.24,309.22,1242.3,33.48,195.6,2.26,0,0,0,0,0,0,No Failure,64.1
166,H10165,H,300.18,310.96,1473.8,42.06,166.3,2.8,0,0,0,0,0,0,No Failure,90.7
167,L10166,L,302.33,313.12,1495.7,38.26,6.5,3.07,0,0,0,0,0,0,No Failure,291.9
168,L10167,L,301.85,312.42,1670.9,31.04,224.2,3.35,1,0,0,0,0,1,TWF,13.9
169,L10168,L,300.07,310.2,1414.0,52.22,145.3,3.76,0,0,0,0,0,0,No Failure,108.0
170,M10169,M,299.28,309.1,1323.0,43.66,230.1,5.12,1,0,0,0,0,1,TWF,1.6
171,M10170,M,301.9,313.11,1321.3,45.82,241.0,5.58,1,0,0,0,0,1,TWF,1.9
172,L10171,L,301.35,310.98,1743.7,39.98,117.0,1.66,0,0,0,0,0,0,No Failure,154.3
173,M10172,M,298.76,309.13,1405.1,32.27,229.1,2.16,0,0,0,0,0,0,No Failure,25.4
174,L10173,L,298.41,307.61,1439.2,41.53,91.3,3.32,0,0,0,0,0,0,No Failure,185.3
175,M10174,M,295.86,305.2,1651.6,41.88,65.1,2.54,0,0,0,0,0,0,No Failure,218.1
176,L10175,L,300.31,310.07,1412.9,41.83,18.4,2.75,0,0,0,0,0,0,No Failure,276.9
177,M10176,M,299.83,309.03,1232.8,39.55,113.0,2.22,0,0,0,0,0,0,No Failure,159.6
178,L10177,L,302.27,313.07,1254.9,44.44,172.2,3.68,0,0,0,0,0,0,No Failure,80.7
179,H10178,H,300.72,309.37,1527.8,40.59,244.2,4.08,1,0,0,0,0,1,TWF,5.7
180,L10179,L,302.67,312.77,1627.0,22.13,130.3,3.18,0,0,0,0,0,0,No Failure,151.9
181,L10180,L,298.61,308.74,1501.8,30.48,183.6,2.41,0,0,0,0,0,0,No Failure,81.9
182,L10181,L,302.28,310.47,1615.0,50.97,224.0,5.49,1,0,0,1,0,1,TWF,5.7
183,H10182,H,298.94,308.5,1249.3,51.42,135.8,2.71,0,0,0,0,0,0,No Failure,121.2
184,H10183,H,301.56,311.81,1261.4,57.95,41.7,3.05,0,0,0,0,0,0,No Failure,243.4
185,L10184,L,297.08,307.51,1941.5,36.97,212.1,2.94,0,0,0,0,0,0,No Failure,39.7
186,M10185,M,300.47,310.27,1758.7,36.87,143.5,2.22,0,0,0,0,0,0,No Failure,123.9
187,H10186,H,296.03,306.71,1675.6,33.64,189.6,3.2,0,0,0,0,0,0,No Failure,71.1
188,M10187,M,299.47,309.36,1419.9,44.92,164.6,1.91,0,0,0,0,0,0,No Failure,89.9
189,M10188,M,300.88,310.89,1495.4,50.27,15.3,1.79,0,0,0,0,0,0,No Failure,280.0
190,L10189,L,298.96,309.21,1537.7,44.8,42.3,2.33,0,0,0,0,0,0,No Failure,246.1
191,L10190,L,297.9,308.83,1773.3,35.0,71.6,2.74,0,0,0,0,0,0,No Failure,213.0
192,H10191,H,301.69,311.02,1610.1,36.06,71.2,1.89,0,0,0,0,0,0,No Failure,213.0
193,H10192,H,299.79,309.31,1632.1,40.25,209.8,2.45,0,0,0,0,0,0,No Failure,38.2
194,M10193,M,299.02,308.35,1508.0,36.06,149.6,1.67,0,0,0,0,0,0,No Failure,117.2
195,L10194,L,300.08,309.75,1679.9,39.21,20.8,2.34,0,0,0,0,0,0,No Failure,274.1
196,L10195,L,305.27,316.7,1592.1,32.8,96.8,3.08,0,0,0,0,0,0,No Failure,183.7
197,M10196,M,302.31,312.88,1545.9,36.34,139.1,1.99,0,0,0,0,0,0,No Failure,129.8
198,H10197,H,302.33,311.19,1405.0,35.51,62.9,1.77,0,0,0,0,0,0,No Failure,220.8
199,H10198,H,300.87,310.27,1517.7,36.46,10.0,2.73,0,0,0,0,0,0,No Failure,287.8
200,M10199,M,300.33,310.71,1344.8,39.83,95.1,2.03,0,0,0,0,0,0,No Failure,181.6
201,M10200,M,295.21,304.3,1530.8,51.04,115.3,3.95,0,0,0,0,0,0,No Failure,146.7
202,L10201,L,298.64,307.92,1553.9,32.35,226.2,2.62,0,0,0,0,0,0,No Failure,28.8
203,L10202,L,299.04,310.38,1107.6,56.87,227.1,5.25,0,0,0,1,0,1,OSF,13.2
204,H10203,H,296.25,305.64,1496.8,33.46,125.1,1.71,0,0,0,0,0,0,No Failure,149.1
205,M10204,M,297.69,308.64,1327.5,45.53,117.9,2.77,0,0,0,0,0,0,No Failure,149.1
206,L10205,L,296.04,307.29,1627.3,38.9,160.1,1.9,0,0,0,0,0,0,No Failure,101.5
207,L10206,L,299.92,309.19,1652.1,23.36,64.5,2.39,0,0,0,0,0,0,No Failure,226.2
208,M10207,M,301.64,310.75,1461.7,31.26,71.4,2.05,0,0,0,0,0,0,No Failure,214.8
209,L10208,L,302.21,311.94,1636.3,29.99,0.6,3.12,0,0,0,0,0,0,No Failure,299.2
210,L10209,L,300.83,309.74,1643.8,27.38,19.6,2.69,0,0,0,0,0,0,No Failure,275.4
211,M10210,M,298.07,308.19,1496.9,40.67,44.6,2.57,0,0,0,0,0,0,No Failure,244.2
212,M10211,M,296.14,305.93,1812.6,34.8,160.1,3.32,0,0,0,0,0,0,No Failure,105.6
213,M10212,M,296.49,306.85,1408.2,35.17,53.2,2.51,0,0,0,0,0,0,No Failure,235.3
214,L10213,L,297.46,308.86,1801.4,34.18,31.0,3.12,0,0,0,0,0,0,No Failure,262.5
215,M10214,M,298.22,309.04,1497.7,37.09,154.1,3.58,0,0,0,0,0,0,No Failure,110.8
216,L10215,L,299.68,310.17,1387.0,42.56,162.9,2.58,0,0,0,0,0,0,No Failure,94.4
217,L10216,L,297.97,306.01,1475.1,36.28,14.9,2.66,0,0,0,0,0,0,No Failure,262.4
218,M10217,M,300.68,311.12,1341.2,48.15,193.2,3.07,0,0,0,0,0,0,No Failure,49.5
219,M10218,M,299.54,311.26,1678.4,47.19,151.5,3.36,0,0,0,0,0,0,No Failure,101.5
220,H10219,H,300.02,307.01,1251.1,53.38,99.3,4.97,0,1,0,0,0,1,HDF,1.0
221,M10220,M,302.28,312.97,1786.7,43.33,245.8,4.52,1,0,0,0,0,1,TWF,8.0
222,M10221,M,297.64,307.48,1370.5,33.96,2.5,3.02,0,0,0,0,0,0,No Failure,296.9
223,L10222,L,300.84,309.99,1687.8,30.82,136.2,2.84,0,0,0,0,0,0,No Failure,138.0
224,L10223,L,299.97,310.77,1542.3,42.86,39.9,3.01,0,0,0,0,0,0,No Failure,249.5
225,L10224,L,299.33,311.04,1586.5,48.38,82.3,2.92,0,0,0,0,0,0,No Failure,192.8
226,L10225,L,301.77,312.55,1432.4,46.44,33.3,2.62,0,0,0,0,0,0,No Failure,257.2
227,H10226,H,301.76,311.39,1601.2,30.29,167.1,2.66,0,0,0,0,0,0,No Failure,101.8
228,L10227,L,298.11,307.16,1562.2,35.37,100.4,2.92,0,0,0,0,0,0,No Failure,177.8
229,H10228,H,299.64,309.78,1277.0,49.32,246.6,1.63,0,0,0,0,0,0,No Failure,1.0
230,M10229,M,300.56,311.44,1365.7,42.78,163.5,3.3,0,0,0,0,0,0,No Failure,93.5
231,M10230,M,299.45,309.07,1441.2,36.04,229.3,2.77,0,0,0,0,0,0,No Failure,19.8
232,M10231,M,301.17,310.88,1402.9,40.74,60.2,1.99,0,0,0,0,0,0,No Failure,224.7
233,M10232,M,300.56,313.38,1762.3,33.95,79.7,2.61,0,0,0,0,0,0,No Failure,203.7
234,L10233,L,303.67,314.74,1539.3,31.39,90.7,3.29,0,0,0,0,0,0,No Failure,191.8
235,L10234,L,296.94,308.09,1398.6,49.79,209.6,2.67,0,0,0,0,0,0,No Failure,26.1
236,M10235,M,299.76,308.29,1450.2,38.3,52.9,2.06,0,0,0,0,0,0,No Failure,225.4
237,L10236,L,298.18,307.48,1447.7,40.94,236.7,1.74,0,0,0,0,0,0,No Failure,3.7
238,L10237,L,301.21,311.28,1486.4,47.61,10.9,3.98,0,0,0,0,0,0,No Failure,285.9
239,M10238,M,296.77,305.76,1345.5,43.72,222.5,4.17,1,0,0,0,0,1,TWF,5.7
240,L10239,L,300.69,312.29,1392.3,49.96,112.9,2.7,0,0,0,0,0,0,No Failure,152.5
241,H10240,H,298.74,310.15,1675.2,28.61,131.5,2.15,0,0,0,0,0,0,No Failure,145.4
242,H10241,H,298.53,308.0,1571.2,41.22,249.3,5.76,1,0,0,0,0,1,TWF,1.0
243,H10242,H,297.11,308.89,1510.7,45.59,217.5,1.77,0,0,0,0,0,0,No Failure,21.5
244,L10243,L,299.07,309.07,1538.5,33.19,226.0,3.47,0,0,0,0,0,0,No Failure,27.8
245,L10244,L,302.17,314.76,1529.8,37.97,146.4,2.42,0,0,0,0,0,0,No Failure,119.4
246,H10245,H,299.95,310.09,1500.6,38.88,239.1,4.45,1,0,0,0,0,1,TWF,12.7
247,L10246,L,301.26,311.83,1630.6,38.26,172.0,2.31,0,0,0,0,0,0,No Failure,87.6
248,H10247,H,303.33,314.73,1617.3,40.42,204.8,2.14,0,0,0,0,0,0,No Failure,44.2
249,H10248,H,300.53,311.81,1256.7,41.37,180.2,2.28,0,0,0,0,0,0,No Failure,73.9
250,H10249,H,298.88,309.39,1514.5,39.2,195.2,2.93,0,0,0,0,0,0,No Failure,57.7
251,L10250,L,300.93,310.79,1268.5,58.44,159.5,1.47,0,0,0,0,0,0,No Failure,83.1
252,L10251,L,298.91,309.43,1651.8,43.7,181.6,2.05,0,0,0,0,0,0,No Failure,69.6
253,H10252,H,298.99,308.17,1675.4,41.37,109.0,3.4,0,0,0,0,0,0,No Failure,163.3
254,L10253,L,296.96,307.11,1428.7,40.65,176.7,2.45,0,0,0,0,0,0,No Failure,79.1
255,L10254,L,301.85,310.74,1517.1,54.45,69.2,2.16,0,0,0,0,0,0,No Failure,198.9
256,M10255,M,299.23,307.45,1160.1,58.93,158.7,4.71,0,1,0,0,0,1,HDF,6.8
257,H10256,H,300.36,310.41,1712.1,35.31,130.9,1.8,0,0,0,0,0,0,No Failure,140.6
258,M10257,M,297.93,309.19,1665.0,37.58,224.6,3.09,0,0,0,0,0,0,No Failure,23.4
259,M10258,M,300.87,311.8,1743.9,31.19,168.3,2.01,0,0,0,0,0,0,No Failure,99.4
260,L10259,L,298.48,308.39,1804.1,36.01,149.2,2.98,0,0,0,0,0,0,No Failure,117.8
261,M10260,M,299.72,311.46,1318.9,49.64,78.3,1.91,0,0,0,0,0,0,No Failure,197.8
262,H10261,H,301.76,311.19,1697.0,40.28,215.7,2.42,0,0,0,0,0,0,No Failure,30.8
263,L10262,L,301.58,309.66,1802.8,32.02,13.5,2.46,0,0,0,0,0,0,No Failure,265.4
264,M10263,M,299.96,307.77,1270.5,36.91,224.9,4.33,0,1,0,0,0,1,HDF,9.9
265,H10264,H,296.46,305.28,1507.4,41.5,163.2,2.55,0,0,0,0,0,0,No Failure,91.4
266,M10265,M,305.99,316.8,1473.0,45.68,47.4,1.23,0,0,0,0,0,0,No Failure,239.3
267,M10266,M,303.49,312.86,1691.1,28.63,225.7,5.76,1,0,0,0,0,1,TWF,4.1
268,M10267,M,301.45,311.91,1109.5,53.44,81.6,2.77,0,0,0,0,0,0,No Failure,191.6
269,L10268,L,298.49,310.14,1863.1,41.6,42.1,2.0,0,0,0,0,0,0,No Failure,246.0
270,L10269,L,299.77,308.67,1517.9,31.11,79.8,2.63,0,0,0,0,0,0,No Failure,202.9
271,H10270,H,298.91,309.39,1702.0,33.27,240.3,5.04,1,0,0,0,0,1,TWF,6.3
272,H10271,H,302.53,313.07,1527.2,49.7,188.2,2.62,0,0,0,0,0,0,No Failure,54.3
273,H10272,H,300.53,309.66,1626.1,38.0,229.2,3.29,1,0,0,0,0,1,TWF,14.8
274,H10273,H,298.43,309.79,1122.5,49.77,74.7,2.56,0,0,0,0,0,0,No Failure,202.4
275,M10274,M,299.06,308.77,1469.1,40.79,20.6,1.47,0,0,0,0,0,0,No Failure,274.2
276,M10275,M,302.24,311.86,1689.7,41.29,140.7,2.12,0,0,0,0,0,0,No Failure,123.6
277,M10276,M,303.2,315.31,1589.7,36.32,120.8,2.5,0,0,0,0,0,0,No Failure,152.3
278,M10277,M,303.06,313.58,1245.0,52.38,180.2,2.63,0,0,0,0,0,0,No Failure,61.8
279,M10278,M,301.51,312.44,1549.0,40.38,135.7,1.77,0,0,0,0,0,0,No Failure,130.6
280,M10279,M,299.49,310.85,1391.4,45.34,99.1,2.33,0,0,0,0,0,0,No Failure,173.2
281,H10280,H,293.52,302.87,1375.9,48.24,1.2,2.98,0,0,0,0,0,0,No Failure,298.5
282,L10281,L,300.59,311.84,1265.8,45.34,116.9,1.91,0,0,0,0,0,0,No Failure,150.4
283,L10282,L,300.0,309.49,1648.7,29.78,30.2,1.21,0,0,0,0,0,0,No Failure,264.3
284,L10283,L,300.28,309.74,1737.2,37.86,230.5,5.89,1,0,0,0,0,1,TWF,14.2
285,M10284,M,300.11,309.84,1917.5,30.36,230.4,4.85,1,0,0,0,0,1,TWF,4.1
286,L10285,L,297.35,306.73,1274.1,43.95,200.9,2.12,0,0,0,0,0,0,No Failure,44.7
287,L10286,L,301.11,311.94,1675.4,39.5,39.5,2.58,0,0,0,0,0,0,No Failure,250.9
288,M10287,M,301.26,311.53,1687.1,44.5,36.9,2.55,0,0,0,0,0,0,No Failure,253.0
289,L10288,L,301.36,310.87,1434.1,40.76,140.8,3.11,0,0,0,0,0,0,No Failure,123.9
290,M10289,M,301.89,312.57,1373.8,43.74,181.9,2.35,0,0,0,0,0,0,No Failure,69.2
291,L10290,L,301.21,310.93,1343.7,36.38,226.1,5.76,1,0,0,0,0,1,TWF,4.9
292,L10291,L,299.18,308.85,1443.6,40.0,223.5,1.48,0,0,0,0,0,0,No Failure,21.5
293,H10292,H,299.86,309.91,1574.3,39.66,38.8,2.88,0,0,0,0,0,0,No Failure,251.7
294,L10293,L,300.18,310.65,1781.5,33.54,248.9,4.78,1,0,0,0,0,1,TWF,2.7
295,L10294,L,300.22,310.61,1735.9,32.03,39.2,4.44,0,0,0,0,0,0,No Failure,253.1
296,M10295,M,302.0,311.63,1248.8,53.13,210.0,2.37,0,0,0,0,0,0,No Failure,21.3
297,M10296,M,301.29,312.13,1396.8,43.36,146.7,2.75,0,0,0,0,0,0,No Failure,114.1
298,L10297,L,304.15,313.93,1770.6,52.01,169.6,5.31,0,0,1,0,0,1,PWF,9.5
299,M10298,M,304.41,313.76,1407.1,44.09,151.0,2.45,0,0,0,0,0,0,No Failure,108.0
300,L10299,L,300.16,308.69,1527.8,20.05,217.4,4.63,0,0,1,0,0,1,PWF,6.9
301,L10300,L,292.33,303.31,1232.8,40.89,159.3,3.85,0,0,0,0,0,0,No Failure,100.6
302,M10301,M,302.47,312.49,1744.4,38.12,212.2,2.05,0,0,0,0,0,0,No Failure,38.1
303,M10302,M,298.92,309.13,1195.6,45.68,38.6,1.15,0,0,0,0,0,0,No Failure,250.6
304,M10303,M,298.4,309.44,1243.9,44.17,216.7,1.72,0,0,0,0,0,0,No Failure,24.4
305,M10304,M,299.2,308.73,1726.1,26.09,248.2,5.21,1,0,0,0,0,1,TWF,10.5
306,H10305,H,299.11,307.73,1881.7,28.55,165.4,2.21,0,0,0,0,0,0,No Failure,98.1
307,M10306,M,301.22,311.29,1486.0,41.73,244.1,3.9,0,0,0,0,0,0,No Failure,1.0
308,L10307,L,296.88,307.19,1529.6,41.93,55.0,2.94,0,0,0,0,0,0,No Failure,230.8
309,M10308,M,297.84,307.58,1700.6,28.14,207.3,2.11,0,0,0,0,0,0,No Failure,56.8
310,L10309,L,300.69,312.16,1589.8,43.38,42.3,2.03,0,0,0,0,0,0,No Failure,246.5
311,L10310,L,301.25,308.76,1471.2,32.44,129.0,2.23,0,0,0,0,0,0,No Failure,115.5
312,L10311,L,301.28,312.4,1451.1,44.41,166.0,1.26,0,0,0,0,0,0,No Failure,88.6
313,L10312,L,298.43,309.22,1257.5,50.07,165.1,2.67,0,0,0,0,0,0,No Failure,84.1
314,H10313,H,298.04,308.5,1579.7,31.44,167.7,2.92,0,0,0,0,0,0,No Failure,99.8
315,H10314,H,298.99,305.65,1521.5,32.06,80.2,1.92,0,0,0,0,0,0,No Failure,157.2
316,M10315,M,300.48,311.76,1459.6,43.78,243.4,4.02,1,0,0,0,0,1,TWF,4.4
317,L10316,L,302.97,311.94,1358.7,40.24,1.6,1.95,0,0,0,0,0,0,No Failure,297.4
318,L10317,L,295.91,305.4,1376.8,42.25,155.2,3.1,0,0,0,0,0,0,No Failure,104.4
319,L10318,L,299.56,309.39,1648.7,41.2,216.5,2.98,0,0,0,0,0,0,No Failure,28.6
320,L10319,L,297.33,307.74,1695.8,38.74,222.8,2.63,0,0,0,0,0,0,No Failure,24.1
321,M10320,M,296.7,307.33,1479.4,34.14,180.1,3.49,0,0,0,0,0,0,No Failure,82.1
322,M10321,M,301.93,312.83,1460.6,40.7,143.7,1.49,0,0,0,0,0,0,No Failure,120.3
323,M10322,M,301.09,311.91,1385.2,36.77,114.3,2.37,0,0,0,0,0,0,No Failure,159.8
324,L10323,L,300.9,311.15,1705.7,41.27,112.4,2.84,0,0,0,0,0,0,No Failure,159.1
325,H10324,H,301.84,312.26,1543.5,49.63,106.3,2.97,0,0,0,0,0,0,No Failure,161.1
326,M10325,M,299.04,307.95,1603.9,31.49,175.0,2.98,0,0,0,0,0,0,No Failure,89.3
327,M10326,M,299.13,308.38,1602.2,37.23,182.8,2.93,0,0,0,0,0,0,No Failure,75.3
328,M10327,M,304.37,315.27,1482.9,46.88,128.7,3.29,0,0,0,0,0,0,No Failure,134.2
329,L10328,L,299.51,310.34,1329.4,45.3,185.2,2.96,0,0,0,0,0,0,No Failure,63.2
330,L10329,L,301.47,312.19,1359.7,48.06,132.1,1.81,0,0,0,0,0,0,No Failure,128.8
331,L10330,L,300.01,309.5,1739.9,34.85,24.3,2.23,0,0,0,0,0,0,No Failure,270.4
332,M10331,M,296.3,307.21,1408.1,35.21,212.9,1.48,0,0,0,0,0,0,No Failure,41.0
333,L10332,L,295.91,304.75,1464.5,41.8,217.6,3.1,0,0,0,0,0,0,No Failure,23.2
334,L10333,L,298.84,309.92,1334.9,52.84,66.6,3.22,0,0,0,0,0,0,No Failure,211.7
335,L10334,L,302.11,311.85,1320.3,47.64,196.6,1.77,0,0,0,0,0,0,No Failure,45.7
336,L10335,L,301.58,313.26,1400.3,54.21,127.8,2.27,0,0,0,0,0,0,No Failure,129.6
337,H10336,H,301.83,310.31,1840.2,20.2,31.0,1.45,0,0,0,0,0,0,No Failure,254.7
338,M10337,M,298.03,309.79,1655.8,38.89,99.5,2.43,0,0,0,0,0,0,No Failure,176.7
339,L10338,L,303.23,312.87,1443.7,37.02,19.1,2.0,0,0,0,0,0,0,No Failure,276.5
340,L10339,L,298.07,307.69,1731.8,28.52,196.6,1.8,0,0,0,0,0,0,No Failure,68.9
341,L10340,L,300.43,310.62,1510.7,49.06,49.1,2.49,0,0,0,0,0,0,No Failure,236.1
342,L10341,L,299.98,309.28,1780.4,31.91,41.1,3.63,0,0,0,0,0,0,No Failure,250.8
343,L10342,L,299.65,309.58,1933.9,28.56,52.1,2.98,0,0,0,0,0,0,No Failure,238.7
344,L10343,L,302.68,311.94,1722.0,37.25,56.5,2.35,0,0,0,0,0,0,No Failure,230.5
345,L10344,L,298.59,307.89,1554.9,23.52,168.5,2.47,0,0,0,0,0,0,No Failure,107.1
346,M10345,M,297.3,307.79,1663.2,45.56,159.7,3.63,0,0,0,0,0,0,No Failure,95.6
347,M10346,M,300.04,309.14,1540.7,52.27,32.3,3.26,0,0,0,0,0,0,No Failure,252.9
348,L10347,L,299.2,308.43,1209.4,56.02,181.1,2.31,0,0,0,0,0,0,No Failure,56.5
349,L10348,L,306.75,315.38,1420.8,45.11,87.3,2.8,0,0,0,0,0,0,No Failure,181.1
350,M10349,M,301.35,310.85,1367.7,42.35,114.4,1.9,0,0,0,0,0,0,No Failure,155.8
351,M10350,M,299.18,310.49,1416.9,34.82,31.2,2.51,0,0,0,0,0,0,No Failure,262.1
352,H10351,H,297.89,307.04,1859.1,40.63,177.2,2.96,0,0,0,0,0,0,No Failure,78.5
353,M10352,M,296.24,305.51,1738.9,40.92,94.1,3.11,0,0,0,0,0,0,No Failure,182.3
354,L10353,L,297.95,308.14,1616.9,40.26,158.0,2.12,0,0,0,0,0,0,No Failure,102.8
355,L10354,L,300.23,309.86,1683.4,37.98,106.8,3.1,0,0,0,0,0,0,No Failure,168.2
356,M10355,M,302.85,315.08,1199.3,52.13,12.2,2.59,0,0,0,0,0,0,No Failure,283.9
357,L10356,L,302.24,312.08,1668.3,32.28,175.9,2.33,0,0,0,0,0,0,No Failure,89.2
358,M10357,M,300.46,310.79,1706.2,52.67,138.1,5.84,0,0,1,0,0,1,PWF,9.1
359,H10358,H,299.35,310.3,1137.1,50.77,108.6,2.28,0,0,0,0,0,0,No Failure,157.5
360,M10359,M,300.54,311.46,1675.0,32.83,50.4,1.84,0,0,0,0,0,0,No Failure,239.4
361,L10360,L,298.96,309.2,1283.1,54.61,156.1,2.1,0,0,0,0,0,0,No Failure,91.5
362,M10361,M,303.44,313.28,1185.4,50.41,68.8,2.94,0,0,0,0,0,0,No Failure,209.9
363,L10362,L,299.62,311.65,1775.4,33.66,107.3,1.91,0,0,0,0,0,0,No Failure,170.5
364,M10363,M,299.83,309.73,1357.7,54.09,14.1,3.0,0,0,0,0,0,0,No Failure,281.2
365,H10364,H,295.57,305.13,1409.8,47.31,194.2,1.99,0,0,0,0,0,0,No Failure,49.3
366,L10365,L,299.61,308.96,1715.1,40.09,22.5,5.26,0,0,0,0,1,1,RNF,2.2
367,H10366,H,301.67,309.95,1483.4,30.52,222.7,3.83,0,0,0,0,0,0,No Failure,20.9
368,H10367,H,297.86,308.69,1505.8,42.65,216.9,1.97,0,0,0,0,0,0,No Failure,26.2
369,L10368,L,298.5,306.15,1501.8,32.91,242.8,3.65,1,0,0,0,0,1,TWF,2.0
370,L10369,L,301.59,311.58,1600.2,34.31,227.1,5.55,1,0,0,0,0,1,TWF,1.0
371,L10370,L,297.05,306.84,1497.5,41.3,242.9,4.99,1,0,0,0,0,1,TWF,3.2
372,L10371,L,302.12,314.36,1558.4,38.25,221.8,2.01,0,0,0,0,0,0,No Failure,26.0
373,L10372,L,298.94,307.1,1447.9,46.02,28.1,2.94,0,0,0,0,0,0,No Failure,247.3
374,M10373,M,299.22,308.32,1601.0,42.87,109.4,2.91,0,0,0,0,0,0,No Failure,161.7
375,L10374,L,297.75,307.62,1594.2,43.56,19.0,1.08,0,0,0,0,0,0,No Failure,275.9
376,L10375,L,300.76,310.56,1877.7,22.54,136.3,2.29,0,0,0,0,0,0,No Failure,144.8
377,H10376,H,304.92,314.37,1469.8,57.36,132.4,3.01,0,0,0,0,0,0,No Failure,112.5
378,L10377,L,301.56,311.48,1505.0,39.69,230.5,3.72,0,0,0,0,0,0,No Failure,13.1
379,H10378,H,298.27,307.01,1580.7,46.45,242.4,1.76,0,0,0,0,0,0,No Failure,1.0
380,L10379,L,302.27,312.63,1710.6,17.47,64.9,4.79,0,0,1,0,0,1,PWF,11.5
381,L10380,L,299.37,307.05,1342.6,42.83,145.6,5.12,0,1,0,0,0,1,HDF,7.0
382,M10381,M,302.75,312.72,1556.5,28.32,116.1,3.12,0,0,0,0,0,0,No Failure,163.7
383,M10382,M,301.61,311.01,1100.0,48.52,136.7,1.88,0,0,0,0,0,0,No Failure,122.5
384,H10383,H,294.11,305.13,1489.4,40.64,132.9,2.36,0,0,0,0,0,0,No Failure,133.8
385,M10384,M,297.99,309.75,1730.0,32.34,228.5,5.1,1,0,0,0,0,1,TWF,4.3
386,H10385,H,301.89,311.56,1408.0,51.81,224.0,3.07,0,0,0,0,0,0,No Failure,4.5
387,L10386,L,300.3,311.69,1569.7,50.61,30.7,2.84,0,0,0,0,0,0,No Failure,256.6
388,L10387,L,297.95,307.64,1443.3,34.8,86.3,2.24,0,0,0,0,0,0,No Failure,195.2
389,M10388,M,298.73,307.77,1384.2,39.93,188.2,2.2,0,0,0,0,0,0,No Failure,65.6
390,H10389,H,296.19,307.93,1711.9,27.83,171.0,3.57,0,0,0,0,0,0,No Failure,99.7
391,H10390,H,299.82,310.34,1350.9,52.51,157.8,2.67,0,0,0,0,0,0,No Failure,91.2
392,L10391,L,304.42,314.43,1590.4,38.84,248.5,5.52,1,0,0,0,0,1,TWF,5.4
393,L10392,L,301.61,312.3,1593.2,37.89,84.2,2.82,0,0,0,0,0,0,No Failure,196.1
394,M10393,M,304.38,314.66,1385.5,45.49,128.8,2.87,0,0,0,0,0,0,No Failure,135.1
395,L10394,L,301.76,311.7,1565.9,36.14,244.8,1.69,0,0,0,0,0,0,No Failure,1.0
396,H10395,H,302.05,310.73,1370.6,37.78,173.9,2.79,0,0,0,0,0,0,No Failure,79.2
397,H10396,H,303.95,313.68,1631.4,37.14,162.2,1.6,0,0,0,0,0,0,No Failure,100.8
398,L10397,L,300.75,311.38,1302.6,44.19,38.7,2.11,0,0,0,0,0,0,No Failure,250.8
399,M10398,M,299.63,309.5,1477.2,43.05,61.7,1.91,0,0,0,0,0,0,No Failure,222.0
400,M10399,M,302.07,312.97,1492.8,28.77,94.4,2.42,0,0,0,0,0,0,No Failure,188.9
401,L10400,L,302.91,313.29,1737.2,35.84,116.2,2.24,0,0,0,0,0,0,No Failure,158.2
402,H10401,H,299.04,308.16,1563.1,33.56,124.3,2.38,0,0,0,0,0,0,No Failure,150.0
403,M10402,M,298.56,307.24,1708.9,36.17,225.5,3.37,1,0,0,0,0,1,TWF,3.0
404,H10403,H,300.28,310.12,1637.3,42.98,26.8,2.45,0,0,0,0,0,0,No Failure,266.1
405,L10404,L,301.66,311.14,1636.1,32.78,62.1,1.84,0,0,0,0,0,0,No Failure,225.4
406,H10405,H,301.6,311.93,1478.6,48.96,35.9,3.87,0,0,0,0,0,0,No Failure,253.3
407,L10406,L,297.15,306.43,1720.7,22.68,183.8,2.26,0,0,0,0,0,0,No Failure,90.5
408,L10407,L,303.82,313.21,1474.2,51.51,242.6,5.76,1,0,0,1,0,1,TWF,4.2
409,H10408,H,298.72,309.77,1228.4,57.52,223.5,2.92,0,0,0,0,0,0,No Failure,1.0
410,L10409,L,299.47,309.62,1499.6,33.81,180.8,3.29,0,0,0,0,0,0,No Failure,81.6
411,L10410,L,298.19,307.49,1619.2,30.91,5.4,1.79,0,0,0,0,0,0,No Failure,293.6
412,H10411,H,305.4,315.41,1250.4,37.52,86.8,2.84,0,0,0,0,0,0,No Failure,193.2
413,H10412,H,300.48,311.86,1379.6,49.94,215.9,4.73,1,0,0,0,0,1,TWF,1.0
414,M10413,M,298.3,308.59,1317.7,43.22,163.3,2.61,0,0,0,0,0,0,No Failure,93.3
415,M10414,M,301.73,312.32,1678.8,32.91,52.4,2.6,0,0,0,0,0,0,No Failure,237.0
416,L10415,L,301.54,310.79,1837.4,24.79,116.6,2.19,0,0,0,0,0,0,No Failure,165.6
417,L10416,L,299.62,310.65,1500.5,52.67,22.0,2.31,0,0,0,0,0,0,No Failure,268.1
418,L10417,L,301.68,314.0,1633.1,29.93,130.2,2.44,0,0,0,0,0,0,No Failure,145.8
419,M10418,M,298.35,307.56,1628.5,37.01,225.3,4.17,1,0,0,0,0,1,TWF,3.6
420,M10419,M,299.01,307.83,1816.1,34.55,9.7,3.03,0,0,0,0,0,0,No Failure,284.6
421,M10420,M,295.98,306.16,1421.2,39.43,153.5,1.98,0,0,0,0,0,0,No Failure,109.3
422,M10421,M,297.35,308.23,1498.6,35.83,58.3,3.01,0,0,0,0,0,0,No Failure,228.9
423,L10422,L,303.62,313.52,1477.0,38.04,247.6,4.83,1,0,0,0,0,1,TWF,13.9
424,L10423,L,303.28,312.23,1551.5,42.63,16.3,2.72,0,0,0,0,0,0,No Failure,278.4
425,L10424,L,300.13,310.02,1986.3,27.78,154.3,1.43,0,0,0,0,0,0,No Failure,119.3
426,M10425,M,303.33,313.92,1543.5,50.25,64.1,2.87,0,0,0,0,0,0,No Failure,214.9
427,L10426,L,299.68,309.27,1385.0,37.88,220.6,5.01,1,0,0,0,0,1,TWF,1.2
428,H10427,H,299.51,310.12,1331.3,50.35,30.5,2.18,0,0,0,0,0,0,No Failure,260.1
429,L10428,L,300.11,311.28,1762.2,21.75,107.3,2.72,0,0,0,0,0,0,No Failure,178.3
430,L10429,L,299.75,309.99,1384.2,37.91,46.3,3.16,0,0,0,0,0,0,No Failure,242.8
431,L10430,L,299.57,309.54,1656.8,30.5,199.9,1.5,0,0,0,0,0,0,No Failure,62.6
432,M10431,M,302.29,313.12,1416.3,34.64,87.9,2.53,0,0,0,0,0,0,No Failure,193.4
433,M10432,M,300.3,309.44,1311.3,47.74,46.7,3.7,0,0,0,0,0,0,No Failure,239.6
434,L10433,L,301.42,310.47,1646.3,35.67,181.5,1.84,0,0,0,0,0,0,No Failure,78.7
435,L10434,L,302.06,311.8,1425.1,26.15,204.3,2.38,0,0,0,0,0,0,No Failure,62.8
436,M10435,M,300.78,310.28,1614.2,51.14,115.6,2.13,0,0,0,0,0,0,No Failure,141.6
437,L10436,L,298.06,307.26,1627.4,38.1,94.7,2.92,0,0,0,0,0,0,No Failure,183.1
438,H10437,H,297.29,309.12,1635.8,36.69,158.0,1.75,0,0,0,0,0,0,No Failure,106.3
439,M10438,M,300.3,312.47,1490.0,49.44,162.8,1.56,0,0,0,0,0,0,No Failure,87.6
440,L10439,L,299.66,309.3,1660.8,43.05,165.2,3.0,0,0,0,0,0,0,No Failure,91.1
441,L10440,L,300.17,310.27,1372.9,41.62,68.9,2.64,0,0,0,0,0,0,No Failure,213.4
442,H10441,H,299.97,309.78,1100.0,40.88,235.3,1.79,0,0,0,0,0,0,No Failure,5.5
443,L10442,L,305.17,316.27,1664.5,40.0,53.4,2.46,0,0,0,0,0,0,No Failure,233.5
444,L10443,L,297.34,308.65,1567.6,31.53,93.5,1.73,0,0,0,0,0,0,No Failure,188.3
445,H10444,H,296.02,304.24,1428.8,50.67,70.9,3.05,0,0,0,0,0,0,No Failure,191.4
446,H10445,H,300.66,311.14,1274.7,41.64,232.8,2.67,0,0,0,0,0,0,No Failure,7.6
447,H10446,H,299.25,307.94,1173.5,47.97,207.1,2.07,0,0,0,0,0,0,No Failure,25.6
448,M10447,M,300.63,312.39,1547.3,29.38,202.8,2.15,0,0,0,0,0,0,No Failure,60.5
449,L10448,L,301.17,311.61,1833.1,23.89,1.2,2.22,0,0,0,0,0,0,No Failure,298.6
450,L10449,L,302.57,311.74,1513.2,38.89,171.5,1.85,0,0,0,0,0,0,No Failure,87.5
451,M10450,M,296.99,306.74,1473.3,39.31,57.6,3.3,0,0,0,0,0,0,No Failure,228.5
452,M10451,M,298.89,308.6,1533.6,35.79,241.9,3.2,0,0,0,0,0,0,No Failure,4.8
453,L10452,L,300.86,311.38,1928.1,45.49,132.7,4.32,0,0,1,0,0,1,PWF,5.1
454,H10453,H,301.54,312.58,1672.6,40.1,141.2,2.31,0,0,0,0,0,0,No Failure,124.0
455,L10454,L,304.39,313.24,1370.9,43.84,89.1,1.83,0,0,0,0,0,0,No Failure,183.9
456,L10455,L,301.91,313.75,1543.0,19.58,134.2,5.56,0,0,1,0,0,1,PWF,12.8
457,L10456,L,299.89,311.49,1597.5,43.34,187.4,2.79,0,0,0,0,0,0,No Failure,62.6
458,L10457,L,298.22,307.34,1348.9,65.44,140.5,5.56,0,0,1,0,0,1,PWF,8.5
459,L10458,L,298.87,308.94,1673.9,34.53,160.3,1.96,0,0,0,0,0,0,No Failure,105.6
460,L10459,L,298.81,310.53,1391.6,37.44,118.1,1.49,0,0,0,0,0,0,No Failure,154.7
461,L10460,L,301.31,312.54,1267.5,48.48,179.1,1.9,0,0,0,0,0,0,No Failure,67.5
462,M10461,M,300.51,310.18,1551.6,28.65,224.9,2.83,0,0,0,0,0,0,No Failure,35.5
463,M10462,M,297.35,308.17,1523.3,42.62,12.8,2.47,0,0,0,0,0,0,No Failure,283.9
464,M10463,M,299.13,312.13,1537.8,49.52,26.8,3.1,0,0,0,0,0,0,No Failure,265.0
465,H10464,H,301.76,311.86,1401.1,38.13,171.4,2.52,0,0,0,0,0,0,No Failure,88.4
466,L10465,L,300.7,310.07,1426.1,37.6,94.4,3.47,0,0,0,0,0,0,No Failure,183.7
467,L10466,L,301.14,311.31,1740.0,33.93,70.4,1.55,0,0,0,0,0,0,No Failure,214.9
468,H10467,H,300.77,311.01,1617.0,33.6,44.6,1.01,0,0,0,0,0,0,No Failure,246.1
469,L10468,L,303.25,312.73,1366.7,33.31,143.2,3.31,0,0,0,0,0,0,No Failure,127.5
470,H10469,H,300.47,310.91,1188.8,47.77,86.9,2.02,0,0,0,0,0,0,No Failure,187.6
471,L10470,L,299.23,307.97,1374.3,39.55,127.0,2.58,0,0,0,0,0,0,No Failure,137.0
472,H10471,H,298.17,307.5,1566.2,47.88,239.6,2.58,0,0,0,0,0,0,No Failure,1.0
473,L10472,L,300.5,311.26,1424.9,50.2,189.6,2.7,0,0,0,0,0,0,No Failure,51.9
474,H10473,H,295.12,303.36,1411.0,52.31,199.0,2.22,0,0,0,0,0,0,No Failure,21.9
475,M10474,M,299.63,310.53,1432.5,47.5,31.0,1.93,0,0,0,0,0,0,No Failure,259.9
476,H10475,H,299.59,307.58,1525.0,40.79,81.2,1.88,0,0,0,0,0,0,No Failure,178.1
477,L10476,L,297.27,305.54,1678.4,29.63,26.6,2.86,0,0,0,0,0,0,No Failure,254.0
478,M10477,M,298.14,307.64,1537.9,48.3,242.1,6.01,1,0,0,0,0,1,TWF,14.3
479,H10478,H,301.62,311.91,1549.1,41.17,170.5,2.35,0,0,0,0,0,0,No Failure,86.2
480,M10479,M,300.46,311.79,1497.7,31.32,4.8,2.14,0,0,0,0,0,0,No Failure,294.3
481,M10480,M,300.2,310.26,1448.6,35.02,118.9,2.84,0,0,0,0,0,0,No Failure,155.5
482,M10481,M,300.61,310.37,1698.1,26.49,65.9,1.61,0,0,0,0,0,0,No Failure,223.4
483,L10482,L,300.19,310.76,1670.9,21.54,135.0,3.67,0,0,0,0,0,0,No Failure,147.1
484,M10483,M,302.49,311.61,1904.1,34.23,44.7,2.77,0,0,0,0,0,0,No Failure,245.9
485,M10484,M,300.25,310.39,1647.3,27.76,14.2,2.4,0,0,0,0,0,0,No Failure,283.4
486,H10485,H,297.08,305.88,1448.8,36.12,80.8,3.0,0,0,0,0,0,0,No Failure,197.3
487,L10486,L,303.26,313.34,1376.1,43.87,73.9,2.88,0,0,0,0,0,0,No Failure,206.2
488,L10487,L,300.74,310.61,1708.6,33.8,179.2,2.64,0,0,0,0,0,0,No Failure,83.5
489,H10488,H,298.82,308.02,1392.1,38.11,118.6,1.37,0,0,0,0,0,0,No Failure,153.5
490,H10489,H,297.49,307.66,1682.9,46.28,72.8,2.75,0,0,0,0,0,0,No Failure,204.9
491,L10490,L,300.79,310.95,1402.0,32.11,142.6,3.37,0,0,0,0,0,0,No Failure,129.2
492,M10491,M,299.77,310.94,1600.5,27.1,17.8,2.17,0,0,0,0,0,0,No Failure,279.2
493,L10492,L,303.15,311.54,1348.3,47.71,165.6,6.43,0,1,0,0,0,1,HDF,12.3
494,L10493,L,299.31,309.23,1677.6,31.38,36.8,3.01,0,0,0,0,0,0,No Failure,256.1
495,L10494,L,298.33,307.56,1317.2,40.9,69.9,2.68,0,0,0,0,0,0,No Failure,212.5
496,L10495,L,301.79,312.66,1586.9,30.26,70.5,2.6,0,0,0,0,0,0,No Failure,216.3
497,M10496,M,301.85,312.6,1502.6,42.3,116.5,2.84,0,0,0,0,0,0,No Failure,153.2
498,L10497,L,300.34,310.85,1556.2,40.13,238.3,5.33,1,0,0,0,0,1,TWF,4.0
499,H10498,H,301.35,310.65,1467.2,41.73,81.2,3.63,0,0,0,0,0,0,No Failure,198.0
500,H10499,H,299.92,310.81,1463.0,36.93,70.3,3.08,0,0,0,0,0,0,No Failure,213.7
501,M10500,M,300.47,308.94,1565.7,33.06,42.2,2.92,0,0,0,0,0,0,No Failure,238.6
502,M10501,M,302.33,310.59,1358.6,43.02,98.0,5.79,0,1,0,0,0,1,HDF,3.2
503,L10502,L,301.25,309.97,1357.6,50.96,45.5,2.92,0,0,0,0,0,0,No Failure,234.7
504,H10503,H,299.66,309.63,1473.8,51.69,34.4,1.25,0,0,0,0,0,0,No Failure,254.6
505,M10504,M,302.7,313.38,1466.9,48.68,214.3,2.43,0,0,0,0,0,0,No Failure,21.4
506,L10505,L,295.27,302.29,1358.0,47.72,13.2,4.31,0,1,0,0,0,1,HDF,9.8
507,H10506,H,304.1,315.43,1703.4,42.1,177.7,2.7,0,0,0,0,0,0,No Failure,76.3
508,H10507,H,296.59,306.72,1478.1,32.32,50.6,2.17,0,0,0,0,0,0,No Failure,239.3
509,H10508,H,298.75,307.18,1497.4,35.07,2.9,2.85,0,0,0,0,0,0,No Failure,285.1
510,M10509,M,299.92,310.02,1300.4,49.81,198.8,2.25,0,0,0,0,0,0,No Failure,40.3
511,M10510,M,299.71,310.8,1908.8,30.61,175.6,3.52,0,0,0,0,0,0,No Failure,91.4
512,L10511,L,302.01,312.61,1972.4,32.78,83.6,3.49,0,0,0,0,0,0,No Failure,199.6
513,H10512,H,297.88,308.98,1398.3,49.77,19.8,1.63,0,0,0,0,0,0,No Failure,274.1
514,H10513,H,300.52,309.16,1757.5,39.91,90.2,2.69,0,0,0,0,0,0,No Failure,180.4
515,L10514,L,298.84,308.43,1521.6,31.8,45.3,2.22,0,0,0,0,0,0,No Failure,245.8
516,L10515,L,300.59,309.67,1825.1,32.96,233.1,2.65,0,0,0,0,0,0,No Failure,19.6
517,L10516,L,299.87,311.59,1598.2,31.1,132.4,2.85,0,0,0,0,0,0,No Failure,142.3
518,H10517,H,300.19,310.83,1555.9,33.12,241.0,3.6,1,0,0,0,0,1,TWF,13.0
519,H10518,H,298.9,311.75,1100.0,42.57,87.8,1.92,0,0,0,0,0,0,No Failure,189.2
520,L10519,L,298.98,308.51,1380.7,44.39,139.1,1.99,0,0,0,0,0,0,No Failure,122.9
521,M10520,M,300.57,309.85,1541.7,26.43,47.5,2.17,0,0,0,0,0,0,No Failure,244.7
522,L10521,L,301.89,311.74,1573.6,40.89,202.1,2.19,0,0,0,0,0,0,No Failure,47.0
523,H10522,H,298.8,310.18,1320.5,54.94,10.3,2.98,0,0,0,0,0,0,No Failure,286.3
524,H10523,H,298.26,307.9,1407.5,46.34,173.9,2.63,0,0,0,0,0,0,No Failure,76.5
525,H10524,H,301.23,311.35,1637.1,37.01,97.9,1.98,0,0,0,0,0,0,No Failure,179.8
526,L10525,L,299.93,310.03,1290.4,57.24,144.6,2.31,0,0,0,0,0,0,No Failure,104.5
527,L10526,L,301.66,311.7,1561.9,40.71,148.1,1.08,0,0,0,0,0,0,No Failure,114.8
528,L10527,L,298.19,307.54,1759.6,28.06,177.7,3.71,0,0,0,0,0,0,No Failure,91.6
529,L10528,L,296.44,306.3,1607.0,38.21,51.1,2.51,0,0,0,0,0,0,No Failure,236.9
530,H10529,H,298.93,308.75,1598.1,51.26,132.8,3.1,0,0,0,0,0,0,No Failure,119.5
531,H10530,H,298.47,308.46,1176.4,43.35,106.7,2.98,0,0,0,0,0,0,No Failure,164.8
532,H10531,H,299.84,310.79,1390.9,33.48,70.5,2.48,0,0,0,0,0,0,No Failure,214.9
533,H10532,H,298.73,310.49,1905.7,35.79,123.9,1.07,0,0,0,0,0,0,No Failure,148.8
534,M10533,M,301.48,310.64,1430.8,40.37,238.0,4.0,1,0,0,0,0,1,TWF,13.7
535,M10534,M,299.42,309.03,1764.3,30.28,237.2,2.71,0,0,0,0,0,0,No Failure,18.6
536,H10535,H,300.3,309.48,1428.7,33.18,69.7,2.54,0,0,0,0,0,0,No Failure,216.1
537,H10536,H,300.32,310.5,1488.3,26.66,221.1,4.69,1,0,0,0,0,1,TWF,7.2
538,L10537,L,300.39,309.85,1630.3,26.61,219.2,5.12,1,0,0,0,0,1,TWF,12.3
539,L10538,L,299.95,310.19,1556.0,49.86,62.4,3.61,0,0,0,0,0,0,No Failure,217.2
540,L10539,L,301.02,312.12,1606.3,37.29,149.7,1.86,0,0,0,0,0,0,No Failure,115.9
541,H10540,H,298.41,305.88,1391.5,29.38,217.5,2.81,0,0,0,0,0,0,No Failure,12.7
542,M10541,M,302.8,313.29,1334.6,53.25,128.7,1.88,0,0,0,0,0,0,No Failure,129.1
543,L10542,L,299.53,309.07,1379.4,52.14,92.4,3.05,0,0,0,0,0,0,No Failure,177.9
544,M10543,M,297.38,307.84,1442.7,50.19,162.7,2.05,0,0,0,0,0,0,No Failure,87.1
545,M10544,M,300.38,309.48,1497.0,37.12,43.1,1.45,0,0,0,0,0,0,No Failure,247.0
546,L10545,L,298.3,309.49,1723.7,32.93,40.4,1.61,0,0,0,0,0,0,No Failure,251.4
547,L10546,L,301.33,312.24,1553.6,39.58,208.2,2.22,0,0,0,0,0,0,No Failure,41.1
548,M10547,M,304.42,314.99,1624.7,46.74,10.5,3.44,0,0,0,0,0,0,No Failure,286.5
549,M10548,M,298.43,309.22,1563.3,34.49,200.9,2.94,0,0,0,0,0,0,No Failure,56.4
550,M10549,M,300.66,309.92,1338.3,39.55,72.6,2.77,0,0,0,0,0,0,No Failure,209.7
551,M10550,M,296.49,305.87,1541.1,43.8,120.8,2.46,0,0,0,0,0,0,No Failure,146.7
552,H10551,H,300.91,311.66,1561.4,46.89,135.9,1.82,0,0,0,0,0,0,No Failure,124.9
553,M10552,M,298.23,307.46,1674.0,35.47,191.8,1.94,0,0,0,0,0,0,No Failure,66.4
554,M10553,M,298.75,310.2,1346.7,49.25,221.0,2.17,0,0,0,0,0,0,No Failure,12.1
555,H10554,H,297.8,307.47,1172.8,51.95,201.1,2.11,0,0,0,0,0,0,No Failure,34.7
556,L10555,L,301.46,311.97,1569.6,36.47,143.1,2.11,0,0,0,0,0,0,No Failure,124.8
557,L10556,L,302.01,314.11,1601.3,31.66,87.0,1.93,0,0,0,0,0,0,No Failure,196.0
558,L10557,L,300.05,309.34,1505.9,31.77,131.6,2.5,0,0,0,0,0,0,No Failure,142.6
559,M10558,M,298.27,308.34,1543.0,34.58,7.5,2.05,0,0,0,0,0,0,No Failure,290.9
560,M10559,M,303.18,314.23,1695.3,28.56,61.2,3.18,0,0,0,0,0,0,No Failure,228.0
561,M10560,M,298.5,309.45,1455.9,43.2,91.5,3.17,0,0,0,0,0,0,No Failure,184.1
562,L10561,L,295.68,305.35,1488.1,48.84,79.9,2.86,0,0,0,0,0,0,No Failure,196.0
563,L10562,L,300.92,310.4,1552.1,40.08,23.8,2.79,0,0,0,0,0,0,No Failure,270.3
564,L10563,L,297.79,307.56,1319.7,39.02,12.7,1.57,0,0,0,0,0,0,No Failure,284.3
565,L10564,L,301.98,313.43,1510.8,45.7,105.2,3.87,0,0,0,0,0,0,No Failure,165.2
566,M10565,M,299.24,308.96,1526.6,41.38,18.7,2.33,0,0,0,0,0,0,No Failure,276.5
567,L10566,L,301.21,311.29,1831.0,36.23,71.6,2.98,0,0,0,0,0,0,No Failure,212.5
568,L10567,L,302.8,312.38,1484.6,36.78,118.7,3.0,0,0,0,0,0,0,No Failure,154.4
569,H10568,H,297.58,308.29,1573.8,46.06,52.5,1.88,0,0,0,0,0,0,No Failure,232.6
570,L10569,L,298.87,309.02,1702.4,43.14,19.9,2.12,0,0,0,0,0,0,No Failure,274.8
571,M10570,M,299.85,308.85,1388.1,41.94,108.0,2.74,0,0,0,0,0,0,No Failure,164.0
572,M10571,M,303.08,312.11,1784.3,38.66,112.1,1.57,0,0,0,0,0,0,No Failure,161.2
573,L10572,L,298.68,306.68,1853.7,40.08,228.9,4.73,1,0,0,0,0,1,TWF,8.8
574,M10573,M,298.81,307.98,1532.8,35.89,32.0,1.06,0,0,0,0,0,0,No Failure,261.0
575,H10574,H,300.96,311.75,1441.4,41.06,153.7,2.51,0,0,0,0,0,0,No Failure,107.4
576,H10575,H,298.85,310.17,1829.3,33.36,79.9,3.33,0,0,0,0,0,0,No Failure,203.7
577,L10576,L,300.31,310.99,1680.4,28.02,30.9,2.5,0,0,0,0,0,0,No Failure,263.8
578,H10577,H,296.9,307.45,1552.7,41.73,98.3,1.62,0,0,0,0,0,0,No Failure,176.5
579,L10578,L,304.43,314.3,1793.4,40.61,107.0,2.17,0,0,0,0,0,0,No Failure,166.3
580,L10579,L,297.3,308.08,1774.5,32.81,90.9,2.87,0,0,0,0,0,0,No Failure,190.8
581,L10580,L,299.36,309.64,1477.8,42.98,191.4,2.6,0,0,0,0,0,0,No Failure,57.9
582,H10581,H,299.94,311.74,1582.5,47.7,209.8,2.77,0,0,0,0,0,0,No Failure,28.6
583,L10582,L,303.83,313.73,1641.2,33.72,37.2,2.4,0,0,0,0,0,0,No Failure,255.1
584,L10583,L,297.35,308.69,1543.1,41.4,42.0,2.04,0,0,0,0,0,0,No Failure,247.3
585,M10584,M,303.97,314.84,1289.0,42.56,105.3,2.58,0,0,0,0,0,0,No Failure,167.1
586,L10585,L,301.51,312.25,1370.1,39.61,80.0,2.54,0,0,0,0,0,0,No Failure,200.4
587,L10586,L,300.83,308.82,1294.9,48.73,204.9,4.78,0,1,0,0,0,1,HDF,4.2
588,L10587,L,298.03,308.96,1626.2,38.58,249.2,4.61,1,0,0,0,0,1,TWF,2.8
589,L10588,L,301.14,311.01,1326.0,49.13,45.3,2.53,0,0,0,0,0,0,No Failure,241.0
590,L10589,L,298.55,308.11,1572.4,38.69,190.6,2.41,0,0,0,0,0,0,No Failure,64.0
591,L10590,L,302.53,311.05,1865.9,35.41,151.8,3.86,0,0,0,0,0,0,No Failure,105.4
592,M10591,M,298.06,308.05,1793.6,45.11,161.1,2.05,0,0,0,0,0,0,No Failure,89.4
593,L10592,L,299.77,309.81,1209.1,57.04,66.1,2.27,0,0,0,0,0,0,No Failure,210.7
594,L10593,L,298.89,307.59,1309.1,48.2,24.3,1.93,0,0,0,0,0,0,No Failure,262.4
595,H10594,H,298.02,306.55,1399.0,46.42,135.8,3.28,0,0,0,0,0,0,No Failure,115.9
596,L10595,L,301.48,311.97,1328.7,43.06,153.4,3.33,0,0,0,0,0,0,No Failure,106.0
597,M10596,M,301.07,311.94,1242.0,47.2,240.8,5.51,1,0,0,0,0,1,TWF,3.1
598,L10597,L,302.42,312.61,1536.1,42.51,168.8,3.21,0,0,0,0,0,0,No Failure,87.0
599,L10598,L,296.44,307.59,1664.2,36.67,110.9,2.7,0,0,0,0,0,0,No Failure,164.1
600,L10599,L,302.13,312.04,1708.8,40.66,248.5,5.01,1,0,0,0,0,1,TWF,4.2
601,L10600,L,305.01,314.96,1453.1,50.16,93.3,1.9,0,0,0,0,0,0,No Failure,177.9
602,L10601,L,299.1,308.18,1489.3,39.57,40.6,2.6,0,0,0,0,0,0,No Failure,249.5
603,L10602,L,303.79,312.23,1601.7,23.4,154.5,3.62,0,0,0,0,0,0,No Failure,112.1
604,L10603,L,299.47,311.33,1518.6,53.75,66.6,3.39,0,0,0,0,0,0,No Failure,205.9
605,L10604,L,297.26,308.39,1683.1,31.08,230.6,2.98,0,0,0,0,0,0,No Failure,25.4
606,L10605,L,299.39,308.0,1615.0,38.52,107.0,3.07,0,0,0,0,0,0,No Failure,159.8
607,L10606,L,302.1,312.25,1470.6,45.89,37.4,3.96,0,0,0,0,0,0,No Failure,252.0
608,L10607,L,298.32,308.22,1205.7,59.63,35.4,2.97,0,0,0,0,0,0,No Failure,251.6
609,M10608,M,298.8,308.53,1806.3,45.86,162.4,2.1,0,0,0,0,0,0,No Failure,85.0
610,M10609,M,301.19,310.78,1415.2,39.85,91.5,3.23,0,0,0,0,0,0,No Failure,186.1
611,L10610,L,300.01,310.39,1602.0,45.78,90.9,2.46,0,0,0,0,0,0,No Failure,183.5
612,M10611,M,301.17,311.99,1194.9,51.6,153.1,2.79,0,0,0,0,0,0,No Failure,98.3
613,M10612,M,300.48,310.88,1536.0,58.27,55.4,4.53,0,0,1,0,0,1,PWF,11.1
614,L10613,L,300.96,310.84,1555.9,46.26,36.4,2.07,0,0,0,0,0,0,No Failure,253.3
615,H10614,H,299.14,308.98,1564.6,37.11,164.3,2.69,0,0,0,0,0,0,No Failure,98.2
616,H10615,H,300.46,311.4,2077.5,23.33,1.3,3.08,0,0,0,0,0,0,No Failure,298.5
617,L10616,L,298.15,308.61,1425.0,23.72,226.8,2.94,0,0,0,0,0,0,No Failure,40.0
618,L10617,L,302.58,312.65,1684.9,40.33,45.7,2.79,0,0,0,0,0,0,No Failure,242.9
619,H10618,H,298.73,308.7,1631.7,43.83,112.0,2.38,0,0,0,0,0,0,No Failure,157.8
620,M10619,M,302.26,312.6,1416.5,47.58,52.9,1.5,0,0,0,0,0,0,No Failure,231.7
621,L10620,L,299.53,309.06,1682.2,19.19,54.6,5.3,0,0,1,0,0,1,PWF,9.8
622,L10621,L,300.4,311.23,1508.6,30.97,208.8,2.83,0,0,0,0,0,0,No Failure,51.5
623,L10622,L,299.01,307.93,1694.7,38.77,146.3,1.2,0,0,0,0,0,0,No Failure,117.3
624,L10623,L,297.97,307.56,1889.0,44.26,77.9,2.46,0,0,0,0,0,0,No Failure,193.4
625,M10624,M,296.51,307.12,1565.0,37.95,62.8,2.44,0,0,0,0,0,0,No Failure,222.6
626,L10625,L,297.89,306.76,1487.7,47.97,53.2,1.95,0,0,0,0,0,0,No Failure,228.4
627,L10626,L,299.35,307.78,1726.2,27.52,138.6,2.96,0,0,0,0,0,0,No Failure,126.5
628,M10627,M,300.42,310.49,1788.0,35.01,182.7,3.07,0,0,0,0,0,0,No Failure,77.9
629,L10628,L,302.02,310.32,1379.9,41.56,63.4,5.65,0,1,0,0,0,1,HDF,9.0
630,L10629,L,299.11,307.81,1456.9,49.5,83.1,2.48,0,0,0,0,0,0,No Failure,185.6
631,M10630,M,298.24,308.99,1658.9,32.39,180.1,3.27,0,0,0,0,0,0,No Failure,84.0
632,H10631,H,297.11,306.91,1514.4,51.36,184.3,2.01,0,0,0,0,0,0,No Failure,56.0
633,M10632,M,300.96,312.25,1367.2,41.73,51.8,2.28,0,0,0,0,0,0,No Failure,234.9
634,M10633,M,302.77,311.56,1634.8,29.21,95.6,2.91,0,0,0,0,0,0,No Failure,183.2
635,L10634,L,302.53,312.44,1658.2,28.93,217.5,2.11,0,0,0,0,0,0,No Failure,43.8
636,L10635,L,301.42,311.82,1478.1,36.23,185.0,2.4,0,0,0,0,0,0,No Failure,73.7
637,M10636,M,301.28,310.11,1549.0,41.33,40.6,3.0,0,0,0,0,0,0,No Failure,245.6
638,L10637,L,303.4,314.43,1434.8,37.55,96.5,2.5,0,0,0,0,0,0,No Failure,181.2
639,L10638,L,300.66,311.17,1342.0,38.97,243.3,1.95,0,0,0,0,0,0,No Failure,1.0
640,L10639,L,301.29,309.68,1449.0,47.64,131.3,2.15,0,0,0,0,0,0,No Failure,118.0
641,L10640,L,299.36,309.32,1551.2,16.2,179.8,3.97,0,0,1,0,0,1,PWF,15.0
642,L10641,L,297.28,307.66,1274.0,44.09,23.0,2.85,0,0,0,0,0,0,No Failure,270.7
643,L10642,L,298.63,308.04,1462.1,31.7,208.1,2.31,0,0,0,0,0,0,No Failure,51.3
644,L10643,L,299.98,308.5,1553.7,32.54,151.2,1.03,0,0,0,0,0,0,No Failure,108.9
645,L10644,L,300.12,310.4,1751.8,35.96,43.9,2.97,0,0,0,0,0,0,No Failure,246.4
646,H10645,H,303.85,316.06,1482.0,39.05,95.1,2.89,0,0,0,0,0,0,No Failure,182.1
647,M10646,M,300.16,309.78,1315.0,43.56,20.8,1.86,0,0,0,0,0,0,No Failure,273.7
648,M10647,M,302.36,313.93,1500.5,48.31,194.3,1.82,0,0,0,0,0,0,No Failure,48.0
649,M10648,M,299.13,308.38,1436.6,41.67,186.2,3.31,0,0,0,0,0,0,No Failure,66.0
650,L10649,L,299.38,309.59,1636.8,49.3,122.6,2.36,0,0,0,0,0,0,No Failure,135.8
651,L10650,L,297.34,308.11,1477.5,45.59,113.0,2.95,0,0,0,0,0,0,No Failure,155.3
652,M10651,M,298.52,308.51,1100.0,47.78,115.9,2.08,0,0,0,0,0,0,No Failure,150.1
653,M10652,M,301.05,310.76,2198.8,40.83,9.4,5.52,0,0,1,0,0,1,PWF,12.2
654,M10653,M,300.02,310.74,1563.5,40.32,92.1,1.95,0,0,0,0,0,0,No Failure,185.1
655,L10654,L,301.89,313.78,1554.0,51.71,32.1,2.75,0,0,0,0,0,0,No Failure,253.5
656,L10655,L,300.36,310.66,1262.1,45.68,46.2,2.71,0,0,0,0,0,0,No Failure,240.8
657,L10656,L,299.3,308.78,1275.8,48.93,240.5,3.51,1,0,0,1,0,1,TWF,1.4
658,L10657,L,304.3,314.11,1521.5,42.46,65.4,2.57,0,0,0,0,0,0,No Failure,217.5
659,M10658,M,299.81,312.33,1598.2,36.37,120.9,2.07,0,0,0,0,0,0,No Failure,152.0
660,M10659,M,302.33,312.46,1663.7,44.97,221.9,3.16,0,0,0,0,0,0,No Failure,16.6
661,L10660,L,299.2,308.6,1580.5,51.49,103.4,2.64,0,0,0,0,0,0,No Failure,158.6
662,H10661,H,301.42,310.27,1325.7,29.2,132.2,2.35,0,0,0,0,0,0,No Failure,141.2
663,M10662,M,301.86,310.03,1100.0,60.25,42.2,5.26,0,1,0,0,0,1,HDF,12.7
664,L10663,L,300.42,310.78,1520.1,33.21,71.3,1.36,0,0,0,0,0,0,No Failure,214.2
665,L10664,L,295.29,305.95,1442.4,23.45,126.5,3.66,0,0,0,0,0,0,No Failure,155.2
666,L10665,L,300.04,309.64,1312.0,49.35,91.2,3.63,0,0,0,0,0,0,No Failure,181.1
667,L10666,L,302.46,312.45,1686.2,39.22,9.6,2.27,0,0,0,0,0,0,No Failure,288.1
668,L10667,L,301.05,309.88,1256.0,52.53,100.2,3.03,0,0,0,0,0,0,No Failure,164.0
669,L10668,L,300.89,311.02,1648.4,39.0,203.8,2.79,0,0,0,0,0,0,No Failure,47.3
670,L10669,L,296.56,307.04,1285.6,52.8,29.0,1.01,0,0,0,0,0,0,No Failure,261.6
671,L10670,L,298.56,308.02,1562.0,34.19,4.7,2.43,0,0,0,0,0,0,No Failure,294.3
672,H10671,H,300.82,312.51,1705.2,37.03,29.7,1.74,0,0,0,0,0,0,No Failure,263.6
673,L10672,L,300.82,309.98,1477.5,45.5,171.7,1.69,0,0,0,0,0,0,No Failure,80.2
674,M10673,M,302.43,312.71,1840.5,42.07,198.7,2.33,0,0,0,0,0,0,No Failure,48.8
675,L10674,L,299.71,310.56,1881.3,32.2,12.2,2.35,0,0,0,0,0,0,No Failure,285.4
676,H10675,H,300.81,310.73,1580.5,36.47,221.9,6.64,1,0,0,0,0,1,TWF,6.3
677,L10676,L,300.03,309.84,1634.9,36.31,156.8,2.05,0,0,0,0,0,0,No Failure,108.1
678,L10677,L,298.03,306.6,1727.9,26.37,129.5,2.26,0,0,0,0,0,0,No Failure,140.9
679,H10678,H,295.49,306.85,1635.5,42.07,63.4,3.32,0,0,0,0,0,0,No Failure,220.2
680,H10679,H,300.86,310.69,1616.3,26.92,92.9,2.39,0,0,0,0,0,0,No Failure,191.7
681,H10680,H,300.35,310.89,1444.2,44.28,236.7,4.26,1,0,0,0,0,1,TWF,3.4
682,L10681,L,298.76,309.44,1236.0,49.14,227.9,4.97,1,0,0,1,0,1,TWF,14.4
683,L10682,L,296.76,306.13,1289.2,35.68,156.4,2.82,0,0,0,0,0,0,No Failure,109.3
684,M10683,M,301.26,311.06,1964.4,20.09,144.7,2.56,0,0,0,0,0,0,No Failure,137.4
685,H10684,H,299.47,310.8,1595.7,31.62,52.6,3.05,0,0,0,0,0,0,No Failure,237.1
686,M10685,M,301.11,310.0,1494.0,37.75,238.3,4.61,1,0,0,0,0,1,TWF,10.9
687,M10686,M,303.73,315.86,1764.1,44.37,188.8,2.15,0,0,0,0,0,0,No Failure,57.6
688,L10687,L,295.72,304.97,1403.8,41.96,95.6,3.7,0,0,0,0,0,0,No Failure,179.8
689,M10688,M,298.6,307.42,1642.4,40.36,204.0,0.68,0,0,0,0,0,0,No Failure,41.8
690,L10689,L,299.58,309.71,1551.8,47.53,53.0,2.1,0,0,0,0,0,0,No Failure,231.5
691,L10690,L,302.91,315.12,1620.3,44.54,53.3,1.79,0,0,0,0,0,0,No Failure,232.1
692,L10691,L,296.73,304.82,1477.8,40.55,197.7,2.54,0,0,0,0,0,0,No Failure,34.7
693,M10692,M,303.87,313.73,1365.3,39.01,139.8,2.86,0,0,0,0,0,0,No Failure,126.6
694,L10693,L,300.27,310.75,1390.7,46.64,139.0,3.16,0,0,0,0,0,0,No Failure,121.2
695,L10694,L,299.81,309.84,1397.7,38.13,143.4,2.25,0,0,0,0,0,0,No Failure,122.9
696,M10695,M,299.6,309.99,1537.5,51.73,31.5,1.95,0,0,0,0,0,0,No Failure,255.3
697,L10696,L,299.13,308.41,1259.5,53.71,87.4,1.63,0,0,0,0,0,0,No Failure,183.7
698,M10697,M,302.1,311.5,1314.7,47.1,143.3,2.53,0,0,0,0,0,0,No Failure,115.2
699,L10698,L,297.86,307.71,1562.3,41.99,61.9,3.78,0,0,0,0,0,0,No Failure,222.1
700,L10699,L,300.69,309.56,1515.1,40.85,126.0,2.15,0,0,0,0,0,0,No Failure,139.7
701,M10700,M,299.23,309.19,1572.1,35.59,139.3,2.46,0,0,0,0,0,0,No Failure,130.2
702,L10701,L,298.48,308.09,1529.9,42.71,235.7,4.51,1,0,0,0,0,1,TWF,10.2
703,L10702,L,305.17,314.7,1988.9,28.47,61.4,2.25,0,0,0,0,0,0,No Failure,227.8
704,L10703,L,300.84,311.16,1560.7,52.0,109.8,3.35,0,0,0,0,0,0,No Failure,150.0
705,L10704,L,301.23,309.41,1470.1,35.96,245.4,6.1,1,0,0,0,0,1,TWF,1.0
706,H10705,H,302.28,312.05,1556.1,42.12,46.7,2.99,0,0,0,0,0,0,No Failure,241.2
707,L10706,L,297.16,309.47,1720.6,29.39,195.0,3.08,0,0,0,0,0,0,No Failure,69.7
708,H10707,H,303.5,312.42,1529.1,33.69,44.3,2.09,0,0,0,0,0,0,No Failure,244.8
709,L10708,L,294.98,306.27,1660.6,23.63,212.5,1.81,0,0,0,0,0,0,No Failure,56.6
710,M10709,M,298.46,308.52,1608.9,40.17,122.0,2.09,0,0,0,0,0,0,No Failure,147.8
711,M10710,M,299.08,308.48,1486.0,36.65,243.0,4.55,1,0,0,0,0,1,TWF,14.9
712,M10711,M,301.16,309.84,1557.8,46.1,42.5,2.31,0,0,0,0,0,0,No Failure,239.0
713,L10712,L,300.44,310.58,1824.2,35.78,172.0,2.84,0,0,0,0,0,0,No Failure,90.1
714,L10713,L,299.67,311.12,1581.5,38.98,173.8,2.56,0,0,0,0,0,0,No Failure,84.5
715,L10714,L,299.98,309.59,1361.5,34.2,179.7,1.7,0,0,0,0,0,0,No Failure,82.5
716,H10715,H,298.04,307.96,1480.8,44.61,25.2,3.24,0,0,0,0,0,0,No Failure,267.8
717,H10716,H,297.01,308.02,1159.5,47.11,72.1,2.19,0,0,0,0,0,0,No Failure,206.9
718,H10717,H,301.45,311.79,1562.6,28.37,84.5,2.97,0,0,0,0,0,0,No Failure,200.7
719,L10718,L,301.39,309.82,1772.9,36.86,81.1,1.99,0,0,0,0,0,0,No Failure,189.1
720,M10719,M,303.17,313.27,1297.9,37.42,168.8,1.97,0,0,0,0,0,0,No Failure,92.4
721,H10720,H,298.42,309.93,1564.8,23.71,13.7,1.94,0,0,0,0,0,0,No Failure,284.3
722,L10721,L,301.39,311.35,1714.4,44.08,182.5,1.64,0,0,0,0,0,0,No Failure,68.0
723,L10722,L,299.43,306.69,1733.3,30.69,131.6,1.66,0,0,0,0,0,0,No Failure,108.7
724,M10723,M,302.38,312.77,1767.1,21.74,43.2,2.73,0,0,0,0,0,0,No Failure,251.0
725,M10724,M,302.04,311.85,1203.6,43.11,56.5,1.94,0,0,0,0,0,0,No Failure,228.5
726,H10725,H,300.42,308.59,1628.4,31.8,24.4,2.71,0,0,0,0,0,0,No Failure,254.2
727,L10726,L,299.32,307.64,1268.5,55.31,114.8,5.76,0,1,0,0,0,1,HDF,1.0
728,M10727,M,301.92,312.9,1359.3,32.5,148.7,3.03,0,0,0,0,0,0,No Failure,121.5
729,L10728,L,301.29,310.56,1685.0,26.24,145.2,1.89,0,0,0,0,0,0,No Failure,131.3
730,L10729,L,298.63,307.72,1566.3,45.17,240.6,3.14,0,0,0,0,0,0,No Failure,1.0
731,L10730,L,297.34,307.31,1668.0,32.82,74.0,1.96,0,0,0,0,0,0,No Failure,211.1
732,H10731,H,299.42,308.78,1371.7,45.34,190.5,0.85,0,0,0,0,0,0,No Failure,56.3
733,M10732,M,303.03,313.13,1801.8,29.86,180.8,2.61,0,0,0,0,0,0,No Failure,86.0
734,M10733,M,302.29,312.09,1661.2,50.26,15.3,1.97,0,0,0,0,0,0,No Failure,272.5
735,L10734,L,297.78,306.58,1697.2,26.32,232.5,5.05,1,0,0,0,0,1,TWF,3.3
736,H10735,H,297.66,307.15,1344.7,46.6,232.8,2.68,0,0,0,0,0,0,No Failure,1.0
737,L10736,L,302.55,312.99,1747.7,44.85,99.1,2.45,0,0,0,0,0,0,No Failure,171.5
738,H10737,H,297.73,307.77,1481.4,37.88,104.4,2.62,0,0,0,0,0,0,No Failure,171.2
739,L10738,L,301.02,310.94,1428.6,36.72,204.9,2.2,0,0,0,0,0,0,No Failure,48.8
740,L10739,L,298.77,310.71,1650.0,41.73,123.8,3.51,0,0,0,0,0,0,No Failure,144.5
741,L10740,L,303.23,313.97,1642.4,43.56,199.8,2.17,0,0,0,0,0,0,No Failure,46.6
742,L10741,L,298.46,309.31,1386.4,37.68,9.0,2.78,0,0,0,0,0,0,No Failure,288.9
743,M10742,M,302.29,312.12,1906.1,41.71,62.6,2.01,0,0,0,0,0,0,No Failure,218.1
744,M10743,M,300.37,310.59,1862.8,32.57,22.8,2.5,0,0,0,0,0,0,No Failure,272.7
745,L10744,L,300.5,310.07,1646.3,40.01,113.5,1.76,0,0,0,0,0,0,No Failure,158.5
746,H10745,H,296.06,306.84,1615.0,47.57,213.5,2.64,0,0,0,0,0,0,No Failure,23.5
747,L10746,L,295.59,305.48,1597.0,42.95,142.4,2.54,0,0,0,0,0,0,No Failure,119.9
748,M10747,M,299.56,309.78,1260.6,47.6,130.1,2.83,0,0,0,0,0,0,No Failure,131.8
749,H10748,H,300.49,310.65,1558.2,33.81,91.5,2.78,0,0,0,0,0,0,No Failure,189.4
750,M10749,M,297.75,307.73,1555.8,57.52,15.9,4.88,0,0,1,0,0,1,PWF,14.0
751,L10750,L,297.82,310.76,1434.9,36.29,191.6,3.72,0,0,0,0,0,0,No Failure,65.6
752,H10751,H,301.12,310.46,1482.6,42.7,142.7,2.49,0,0,0,0,0,0,No Failure,119.8
753,M10752,M,301.13,310.45,1111.7,57.54,232.7,4.29,0,0,0,1,0,1,OSF,10.3
754,L10753,L,299.72,310.42,1341.6,48.62,108.0,2.45,0,0,0,0,0,0,No Failure,159.7
755,L10754,L,301.56,310.97,1703.0,50.13,100.4,2.62,0,0,0,0,0,0,No Failure,159.3
756,M10755,M,297.65,307.36,1847.9,32.8,243.6,5.7,1,0,0,0,0,1,TWF,7.9
757,M10756,M,299.29,308.2,1369.1,43.16,35.3,2.28,0,0,0,0,0,0,No Failure,253.6
758,M10757,M,303.3,313.79,1570.7,49.06,63.1,2.95,0,0,0,0,0,0,No Failure,217.2
759,H10758,H,300.14,310.64,1734.6,33.64,122.0,2.47,0,0,0,0,0,0,No Failure,152.7
760,M10759,M,300.25,309.94,1444.9,47.66,130.9,3.13,0,0,0,0,0,0,No Failure,130.7
761,L10760,L,304.61,315.33,1659.0,37.53,137.2,1.36,0,0,0,0,0,0,No Failure,131.1
762,L10761,L,297.2,305.34,1532.0,45.61,53.0,3.41,0,0,0,0,0,0,No Failure,214.9
763,L10762,L,301.59,310.89,1751.1,39.34,231.7,6.21,1,0,0,0,0,1,TWF,11.0
764,M10763,M,303.33,313.16,1308.4,43.03,175.9,2.47,0,0,0,0,0,0,No Failure,77.5
765,L10764,L,299.35,308.18,1340.3,31.86,64.6,2.45,0,0,0,0,0,0,No Failure,219.3
766,M10765,M,301.72,309.97,1588.0,26.07,73.5,2.88,0,0,0,0,0,0,No Failure,199.7
767,M10766,M,298.04,307.73,1555.2,25.7,220.1,4.78,1,0,0,0,0,1,TWF,12.0
768,H10767,H,298.63,309.32,1527.9,38.63,95.1,2.52,0,0,0,0,0,0,No Failure,182.3
769,L10768,L,300.77,312.05,1641.1,20.09,139.1,4.75,0,0,1,0,0,1,PWF,12.7
770,H10769,H,301.6,311.05,1371.4,42.63,30.1,1.27,0,0,0,0,0,0,No Failure,262.0
771,L10770,L,302.24,312.98,1292.9,47.34,62.9,2.71,0,0,0,0,0,0,No Failure,218.7
772,H10771,H,303.14,313.78,1448.5,47.42,104.1,1.69,0,0,0,0,0,0,No Failure,165.5
773,L10772,L,299.87,311.08,1468.5,44.39,164.0,3.15,0,0,0,0,0,0,No Failure,91.2
774,L10773,L,302.39,312.04,1487.2,46.66,70.1,3.3,0,0,0,0,0,0,No Failure,209.8
775,M10774,M,299.32,307.52,1765.2,36.89,237.7,6.34,1,0,0,0,0,1,TWF,10.0
776,L10775,L,301.8,311.87,1675.9,33.54,55.1,2.31,0,0,0,0,0,0,No Failure,233.6
777,L10776,L,300.41,309.4,1633.4,35.99,194.7,2.3,0,0,0,0,0,0,No Failure,61.9
778,M10777,M,300.89,310.17,1577.7,32.07,91.1,1.31,0,0,0,0,0,0,No Failure,190.9
779,M10778,M,300.85,310.55,1460.3,42.68,208.4,2.91,0,0,0,0,0,0,No Failure,36.9
780,M10779,M,296.79,306.45,1385.1,32.23,230.8,4.8,1,0,0,0,0,1,TWF,3.3
781,M10780,M,297.75,307.89,1323.7,52.79,46.8,1.63,0,0,0,0,0,0,No Failure,238.1
782,M10781,M,300.21,310.91,1413.7,35.75,122.9,2.32,0,0,0,0,0,0,No Failure,150.1
783,L10782,L,296.63,306.26,1530.3,40.28,38.6,1.84,0,0,0,0,0,0,No Failure,251.8
784,L10783,L,301.66,312.06,1331.3,47.32,176.5,1.92,0,0,0,0,0,0,No Failure,72.2
785,L10784,L,301.74,311.76,1568.3,46.4,208.1,2.53,0,0,0,0,0,0,No Failure,32.5
786,H10785,H,300.65,311.59,1503.2,28.15,97.4,3.03,0,0,0,0,0,0,No Failure,185.8
787,M10786,M,297.76,307.57,1466.9,38.62,99.2,2.82,0,0,0,0,0,0,No Failure,177.2
788,L10787,L,302.76,312.68,1745.9,38.21,51.0,2.61,0,0,0,0,0,0,No Failure,237.1
789,L10788,L,304.07,313.7,1100.0,66.8,76.6,3.19,0,0,0,0,0,0,No Failure,191.9
790,H10789,H,300.29,310.13,1469.3,40.56,81.0,2.58,0,0,0,0,0,0,No Failure,198.8
791,L10790,L,301.02,310.24,1116.9,49.56,38.9,2.18,0,0,0,0,0,0,No Failure,249.2
792,M10791,M,300.4,309.52,1580.7,52.15,77.5,2.04,0,0,0,0,0,0,No Failure,191.3
793,M10792,M,301.06,311.84,1674.4,41.45,226.8,2.83,0,0,0,0,0,0,No Failure,15.3
794,M10793,M,299.76,308.68,1296.2,55.91,81.3,1.84,0,0,0,0,0,0,No Failure,189.0
795,L10794,L,299.93,309.61,1319.1,37.02,68.6,2.71,0,0,0,0,0,0,No Failure,215.8
796,H10795,H,301.81,312.83,1234.0,52.27,96.2,2.24,0,0,0,0,0,0,No Failure,172.9
797,H10796,H,304.69,314.34,1549.4,31.14,240.1,5.17,1,0,0,0,0,1,TWF,6.2
798,M10797,M,297.2,308.03,1477.0,31.49,191.1,1.99,0,0,0,0,0,0,No Failure,71.8
799,M10798,M,299.79,309.2,1488.1,44.39,50.4,3.08,0,0,0,0,0,0,No Failure,235.8
800,H10799,H,297.64,306.59,1472.1,45.32,188.1,1.99,0,0,0,0,0,0,No Failure,58.4
801,M10800,M,303.18,311.59,1363.7,40.62,191.6,4.43,0,1,0,0,0,1,HDF,7.5
802,L10801,L,298.82,310.14,1740.6,44.5,237.5,3.9,1,0,0,0,0,1,TWF,11.0
803,M10802,M,297.11,305.98,1586.7,35.23,222.8,3.14,0,0,0,0,0,0,No Failure,26.2
804,M10803,M,301.28,312.02,1325.9,43.36,23.8,3.42,0,0,0,0,0,0,No Failure,269.9
805,L10804,L,303.49,312.49,1412.6,42.22,113.6,3.05,0,0,0,0,0,0,No Failure,156.8
806,M10805,M,301.33,312.64,1381.9,41.72,175.7,2.27,0,0,0,0,0,0,No Failure,79.1
807,H10806,H,300.41,312.62,1789.7,42.47,243.3,4.61,1,0,0,0,0,1,TWF,1.0
808,H10807,H,300.82,309.13,1665.3,28.74,21.3,1.95,0,0,0,0,0,0,No Failure,261.2
809,L10808,L,302.83,311.74,1515.4,34.31,92.1,2.63,0,0,0,0,0,0,No Failure,186.8
810,L10809,L,298.25,309.02,1843.6,24.21,123.1,1.45,0,0,0,0,0,0,No Failure,158.6
811,H10810,H,299.78,310.29,1797.9,46.56,103.3,2.64,0,0,0,0,0,0,No Failure,159.4
812,H10811,H,299.09,309.87,1496.7,37.82,113.9,2.47,0,0,0,0,0,0,No Failure,159.5
813,L10812,L,297.66,307.09,1464.5,35.59,92.3,2.76,0,0,0,0,0,0,No Failure,187.5
814,H10813,H,299.34,311.33,1473.1,38.72,242.7,4.99,1,0,0,0,0,1,TWF,13.9
815,H10814,H,302.22,312.33,1367.5,49.82,200.8,3.0,0,0,0,0,0,0,No Failure,37.6
816,M10815,M,301.13,309.92,1848.4,37.11,184.2,2.04,0,0,0,0,0,0,No Failure,69.4
817,M10816,M,301.29,311.04,1357.9,40.16,102.7,2.95,0,0,0,0,0,0,No Failure,171.9
818,L10817,L,300.29,309.09,1693.4,32.63,220.4,2.78,0,0,0,0,0,0,No Failure,31.3
819,L10818,L,301.05,312.64,1661.6,25.92,23.3,3.15,0,0,0,0,0,0,No Failure,272.9
820,L10819,L,298.4,307.74,1483.4,41.42,35.9,3.19,0,0,0,0,0,0,No Failure,255.0
821,H10820,H,299.38,309.87,1862.0,41.2,238.5,4.75,1,0,0,0,0,1,TWF,1.3
822,L10821,L,300.38,309.91,1258.9,43.59,141.7,2.81,0,0,0,0,0,0,No Failure,120.2
823,L10822,L,300.56,309.94,1523.7,43.83,39.9,1.8,0,0,0,0,0,0,No Failure,249.4
824,L10823,L,300.64,308.73,1450.5,37.29,237.3,6.41,1,0,0,0,0,1,TWF,11.6
825,M10824,M,299.72,310.32,1709.9,27.42,243.7,4.33,1,0,0,0,0,1,TWF,5.2
826,H10825,H,299.25,310.54,1601.3,42.23,220.4,2.27,0,0,0,0,0,0,No Failure,22.4
827,L10826,L,306.32,315.4,1228.8,65.26,59.6,2.63,0,0,0,0,0,0,No Failure,212.4
828,L10827,L,301.81,310.27,1759.9,37.9,69.6,2.94,0,0,0,0,0,0,No Failure,203.2
829,M10828,M,300.83,311.63,1624.9,34.03,101.7,2.72,0,0,0,0,0,0,No Failure,177.0
830,L10829,L,299.53,307.89,1352.6,41.91,144.8,6.06,0,1,0,0,0,1,HDF,12.9
831,L10830,L,299.1,310.32,1475.4,54.03,248.0,5.12,0,0,0,1,0,1,OSF,2.5
832,L10831,L,299.74,308.83,1305.3,48.11,239.0,5.75,1,0,0,1,0,1,TWF,13.5
833,L10832,L,300.59,309.48,1507.4,34.44,230.3,3.54,1,0,0,0,0,1,TWF,5.9
834,L10833,L,296.24,306.49,1564.9,37.91,22.3,3.12,0,0,0,0,0,0,No Failure,272.5
835,L10834,L,296.86,305.82,1478.1,42.1,189.3,2.33,0,0,0,0,0,0,No Failure,60.9
836,L10835,L,298.73,308.02,1457.4,44.45,219.2,2.24,0,0,0,0,0,0,No Failure,20.8
837,H10836,H,300.41,310.77,1249.3,58.61,83.3,3.66,0,0,0,0,0,0,No Failure,186.6
838,L10837,L,299.52,307.09,1598.4,46.47,54.9,0.87,0,0,0,0,0,0,No Failure,200.8
839,M10838,M,302.96,314.6,1193.5,51.66,187.1,2.56,0,0,0,0,0,0,No Failure,53.4
840,M10839,M,297.04,307.08,1543.6,38.58,22.7,1.16,0,0,0,0,0,0,No Failure,271.9
841,L10840,L,298.5,307.2,1216.0,52.12,235.2,4.76,0,0,0,1,0,1,OSF,11.5
842,M10841,M,303.04,312.02,1547.0,34.53,39.0,2.08,0,0,0,0,0,0,No Failure,252.3
843,L10842,L,300.26,311.25,1536.9,45.9,114.4,0.74,0,0,0,0,0,0,No Failure,153.3
844,H10843,H,301.77,312.37,1610.2,35.84,245.7,5.88,1,0,0,0,0,1,TWF,1.0
845,L10844,L,304.1,315.49,1692.3,38.89,247.1,5.07,1,0,0,0,0,1,TWF,3.1
846,L10845,L,298.61,307.93,1725.5,46.76,194.0,3.07,0,0,0,0,0,0,No Failure,45.7
847,L10846,L,299.8,310.1,1249.8,51.88,209.8,1.92,0,0,0,0,0,0,No Failure,23.2
848,H10847,H,299.46,309.88,1527.6,40.89,241.8,3.8,1,0,0,0,0,1,TWF,13.8
849,M10848,M,296.09,306.79,1898.0,27.99,231.9,4.53,1,0,0,0,0,1,TWF,4.7
850,M10849,M,299.38,310.51,1559.3,37.93,155.5,2.75,0,0,0,0,0,0,No Failure,108.2
851,L10850,L,301.76,311.04,1389.2,35.24,183.7,2.16,0,0,0,0,0,0,No Failure,76.5
852,M10851,M,301.08,310.97,1523.7,43.11,148.4,2.28,0,0,0,0,0,0,No Failure,112.2
853,L10852,L,301.24,310.63,1469.3,25.89,126.6,2.44,0,0,0,0,0,0,No Failure,153.2
854,H10853,H,299.25,309.2,1327.4,51.98,220.2,3.93,1,0,0,0,0,1,TWF,6.1
855,L10854,L,298.69,309.39,1693.6,40.55,184.5,2.91,0,0,0,0,0,0,No Failure,69.5
856,L10855,L,302.54,310.88,1642.6,37.21,215.0,4.31,1,0,0,0,0,1,TWF,3.4
857,L10856,L,299.01,310.11,1299.1,42.45,24.0,3.88,0,0,0,0,0,0,No Failure,269.8
858,L10857,L,300.59,309.45,1521.3,39.33,144.1,2.21,0,0,0,0,0,0,No Failure,118.2
859,M10858,M,300.33,310.02,1436.6,29.35,82.4,2.27,0,0,0,0,0,0,No Failure,202.7
860,L10859,L,302.92,314.17,1251.3,53.72,128.3,1.69,0,0,0,0,0,0,No Failure,129.2
861,M10860,M,301.94,312.27,1284.7,45.56,153.2,1.53,0,0,0,0,0,0,No Failure,103.8
862,L10861,L,297.41,307.75,1311.4,56.36,211.4,5.85,0,0,0,1,0,1,OSF,3.3
863,M10862,M,297.62,306.44,1527.5,42.02,8.0,3.14,0,0,0,0,0,0,No Failure,286.4
864,L10863,L,301.16,310.11,1456.0,42.83,41.0,2.16,0,0,0,0,0,0,No Failure,247.3
865,L10864,L,299.87,310.81,1366.3,46.72,230.4,4.42,1,0,0,0,0,1,TWF,9.0
866,M10865,M,299.09,308.5,1467.9,34.05,241.8,6.24,1,0,0,0,0,1,TWF,1.6
867,L10866,L,302.03,311.54,1671.8,32.73,13.9,2.67,0,0,0,0,0,0,No Failure,283.4
868,L10867,L,300.37,311.34,1601.8,38.39,82.9,2.79,0,0,0,0,0,0,No Failure,197.5
869,H10868,H,300.1,309.06,1717.3,32.82,2.4,2.55,0,0,0,0,0,0,No Failure,296.1
870,H10869,H,301.56,311.83,1497.1,36.04,189.4,2.11,0,0,0,0,0,0,No Failure,68.6
871,L10870,L,299.25,309.29,1824.9,30.9,170.5,2.73,0,0,0,0,0,0,No Failure,97.1
872,L10871,L,303.14,313.13,1600.3,37.8,141.2,3.62,0,0,0,0,0,0,No Failure,126.0
873,M10872,M,298.42,307.91,1450.5,57.6,172.9,2.19,0,0,0,0,0,0,No Failure,58.3
874,L10873,L,301.31,310.73,1554.6,36.32,134.4,3.02,0,0,0,0,0,0,No Failure,135.5
875,L10874,L,302.87,311.79,1314.6,40.9,59.7,2.61,0,0,0,0,0,0,No Failure,223.7
876,L10875,L,297.25,307.73,1483.2,39.38,188.6,2.15,0,0,0,0,0,0,No Failure,65.7
877,M10876,M,299.31,308.65,1615.0,47.66,195.8,3.04,0,0,0,0,0,0,No Failure,46.1
878,M10877,M,302.28,313.25,1647.5,47.43,213.6,2.97,0,0,0,0,0,0,No Failure,22.3
879,L10878,L,302.31,312.09,1464.6,54.61,238.5,5.35,0,0,0,1,0,1,OSF,3.9
880,L10879,L,299.66,308.6,2027.4,30.02,186.9,3.55,0,0,0,0,0,0,No Failure,77.4
881,L10880,L,298.53,308.29,1507.2,44.3,13.6,3.6,0,0,0,0,0,0,No Failure,282.6
882,M10881,M,301.91,311.5,1237.6,41.13,5.2,2.53,0,0,0,0,0,0,No Failure,293.5
883,L10882,L,302.37,313.38,1755.2,31.71,185.0,2.44,0,0,0,0,0,0,No Failure,78.9
884,L10883,L,297.67,307.3,1646.7,28.63,14.0,1.64,0,0,0,0,0,0,No Failure,283.5
885,M10884,M,297.59,307.32,1579.5,41.3,79.0,3.42,0,0,0,0,0,0,No Failure,200.9
886,L10885,L,300.45,311.86,1454.8,41.51,34.0,2.46,0,0,0,0,0,0,No Failure,257.3
887,M10886,M,301.26,311.77,1608.4,38.89,242.2,2.13,0,0,0,0,0,0,No Failure,1.0
888,L10887,L,299.4,311.06,1827.8,26.9,79.1,1.94,0,0,0,0,0,0,No Failure,207.8
889,L10888,L,301.36,312.62,1574.1,44.07,13.8,1.94,0,0,0,0,0,0,No Failure,282.5
890,L10889,L,298.58,307.69,1274.9,30.21,237.4,5.49,1,0,0,0,0,1,TWF,9.0
891,M10890,M,295.77,306.76,1100.0,52.78,152.2,3.04,0,0,0,0,0,0,No Failure,98.4
892,H10891,H,299.15,310.68,1606.8,36.59,9.0,1.61,0,0,0,0,0,0,No Failure,288.9
893,H10892,H,300.13,311.66,1361.5,29.92,208.3,1.63,0,0,0,0,0,0,No Failure,53.3
894,L10893,L,299.45,310.44,1520.2,42.16,38.1,2.57,0,0,0,0,0,0,No Failure,252.0
895,M10894,M,297.68,308.65,1393.2,41.85,200.6,1.89,0,0,0,0,0,0,No Failure,47.7
896,L10895,L,296.37,306.07,1380.3,47.4,150.7,2.35,0,0,0,0,0,0,No Failure,105.4
897,L10896,L,298.97,308.13,1401.0,56.82,44.3,3.43,0,0,0,0,0,0,No Failure,236.9
898,H10897,H,301.8,311.44,1417.2,44.61,188.1,3.14,0,0,0,0,0,0,No Failure,60.2
899,L10898,L,302.51,310.85,1676.9,42.59,113.6,1.47,0,0,0,0,0,0,No Failure,143.3
900,L10899,L,302.38,313.72,1640.7,46.24,159.5,1.89,0,0,0,0,0,0,No Failure,95.1
901,L10900,L,298.37,308.08,1321.8,48.84,217.4,6.13,1,0,0,0,0,1,TWF,1.0
902,L10901,L,297.69,308.98,1346.2,38.51,65.1,3.18,0,0,0,0,0,0,No Failure,219.5
903,L10902,L,300.99,309.76,1605.9,25.88,91.5,2.01,0,0,0,0,0,0,No Failure,189.3
904,M10903,M,301.27,312.35,1726.4,37.38,249.3,5.09,1,0,0,0,0,1,TWF,11.9
905,L10904,L,300.8,310.31,1723.6,32.01,127.0,2.23,0,0,0,0,0,0,No Failure,148.0
906,H10905,H,295.97,304.69,1358.5,53.15,139.6,3.55,0,0,0,0,0,0,No Failure,109.0
907,H10906,H,298.27,309.89,1715.1,31.66,71.4,2.87,0,0,0,0,0,0,No Failure,214.7
908,L10907,L,299.94,311.05,1220.0,49.08,104.0,2.38,0,0,0,0,0,0,No Failure,164.6
909,L10908,L,300.97,311.19,1501.7,31.84,125.4,1.6,0,0,0,0,0,0,No Failure,150.0
910,L10909,L,301.53,311.57,1625.2,34.51,64.6,1.86,0,0,0,0,0,0,No Failure,221.7
911,M10910,M,300.29,310.73,1165.9,44.86,59.5,0.98,0,0,0,0,0,0,No Failure,224.0
912,L10911,L,300.66,310.86,1912.6,25.41,150.1,2.66,0,0,0,0,0,0,No Failure,126.4
913,M10912,M,300.17,309.38,1775.5,33.42,45.9,2.9,0,0,0,0,0,0,No Failure,244.6
914,L10913,L,301.37,310.96,1653.8,32.03,138.4,2.93,0,0,0,0,0,0,No Failure,134.4
915,M10914,M,300.63,312.59,1365.3,62.35,176.6,2.13,0,0,0,0,0,0,No Failure,46.6
916,L10915,L,300.13,312.8,1525.8,45.17,49.6,3.27,0,0,0,0,0,0,No Failure,236.7
917,L10916,L,299.46,311.03,1679.5,43.32,186.5,3.45,0,0,0,0,0,0,No Failure,63.8
918,H10917,H,300.16,310.64,1337.0,44.1,89.9,2.1,0,0,0,0,0,0,No Failure,185.7
919,M10918,M,300.97,310.63,1505.7,40.59,248.1,5.75,1,0,0,0,0,1,TWF,8.0
920,L10919,L,300.53,309.74,1701.0,32.27,244.8,5.79,1,0,0,0,0,1,TWF,14.8
921,H10920,H,300.76,310.03,1270.5,65.6,199.6,5.11,0,0,0,1,0,1,OSF,9.1
922,L10921,L,302.69,312.13,1597.5,36.8,85.7,3.24,0,0,0,0,0,0,No Failure,194.9
923,H10922,H,300.53,312.68,1223.9,44.8,234.3,4.45,1,0,0,0,0,1,TWF,13.1
924,M10923,M,298.7,310.51,1369.1,38.55,249.7,3.46,1,0,0,0,0,1,TWF,6.7
925,L10924,L,301.77,312.51,1447.7,43.79,115.6,2.26,0,0,0,0,0,0,No Failure,153.3
926,L10925,L,297.27,306.31,1629.9,46.76,153.6,2.36,0,0,0,0,0,0,No Failure,102.1
927,L10926,L,297.84,308.73,1412.6,50.08,1.5,1.51,0,0,0,0,0,0,No Failure,298.0
928,M10927,M,300.67,310.43,1560.5,33.16,10.9,2.79,0,0,0,0,0,0,No Failure,286.9
929,M10928,M,301.03,308.88,1415.0,36.94,125.1,2.03,0,0,0,0,0,0,No Failure,123.3
930,L10929,L,297.51,307.8,1443.0,50.3,152.3,1.71,0,0,0,0,0,0,No Failure,100.5
931,L10930,L,299.23,308.39,1761.9,48.76,78.1,2.89,0,0,0,0,0,0,No Failure,188.5
932,H10931,H,298.79,307.98,1332.1,44.03,24.8,2.24,0,0,0,0,0,0,No Failure,268.5
933,H10932,H,299.03,308.78,1673.9,44.29,195.6,3.13,0,0,0,0,0,0,No Failure,51.1
934,M10933,M,301.89,311.39,1537.8,28.75,104.7,2.78,0,0,0,0,0,0,No Failure,176.8
935,L10934,L,301.41,311.38,1435.0,35.91,162.2,2.38,0,0,0,0,0,0,No Failure,101.9
936,L10935,L,299.96,309.88,1320.1,38.39,162.6,3.16,0,0,0,0,0,0,No Failure,99.1
937,L10936,L,298.91,307.03,1332.8,47.9,136.7,5.75,0,1,0,0,0,1,HDF,1.4
938,H10937,H,297.3,308.82,1405.8,41.43,44.6,2.49,0,0,0,0,0,0,No Failure,244.0
939,L10938,L,302.84,311.86,1511.1,41.37,154.0,2.81,0,0,0,0,0,0,No Failure,106.8
940,M10939,M,301.18,310.23,1646.0,44.99,80.5,2.83,0,0,0,0,0,0,No Failure,197.2
941,L10940,L,298.59,308.26,1484.3,35.85,204.8,1.84,0,0,0,0,0,0,No Failure,50.0
942,M10941,M,301.44,311.33,1496.2,40.76,48.3,3.91,0,0,0,0,0,0,No Failure,239.6
943,M10942,M,299.86,311.32,1523.0,30.03,72.8,2.54,0,0,0,0,0,0,No Failure,213.8
944,H10943,H,299.43,309.7,1623.3,45.11,110.1,2.55,0,0,0,0,0,0,No Failure,159.4
945,L10944,L,300.87,311.44,1653.4,43.96,185.0,1.45,0,0,0,0,0,0,No Failure,64.9
946,L10945,L,298.52,308.79,1289.7,49.05,180.2,2.58,0,0,0,0,0,0,No Failure,65.4
947,L10946,L,299.31,309.54,1487.5,41.18,84.3,2.6,0,0,0,0,0,0,No Failure,194.4
948,H10947,H,300.24,310.55,1757.7,30.57,127.7,1.81,0,0,0,0,0,0,No Failure,148.3
949,H10948,H,299.0,307.07,1302.4,36.3,58.6,4.33,0,1,0,0,0,1,HDF,11.8
950,M10949,M,301.34,311.09,1551.3,40.82,192.6,1.96,0,0,0,0,0,0,No Failure,59.0
951,M10950,M,303.74,314.9,1507.4,45.1,49.2,2.32,0,0,0,0,0,0,No Failure,237.2
952,M10951,M,298.49,312.43,1436.6,55.9,204.8,2.63,0,0,0,0,0,0,No Failure,20.6
953,L10952,L,296.67,305.47,1822.8,30.16,234.2,2.37,0,0,0,0,0,0,No Failure,18.2
954,H10953,H,296.0,306.42,1544.6,40.74,247.9,5.64,1,0,0,0,0,1,TWF,7.2
955,L10954,L,299.7,309.13,1808.5,40.98,214.2,6.1,1,0,0,0,0,1,TWF,9.1
956,L10955,L,298.67,310.72,1539.0,47.0,55.4,2.83,0,0,0,0,0,0,No Failure,228.5
957,M10956,M,300.42,309.06,1620.4,32.67,104.1,2.72,0,0,0,0,0,0,No Failure,167.9
958,L10957,L,300.27,310.89,1434.7,39.87,22.2,2.67,0,0,0,0,0,0,No Failure,272.3
959,L10958,L,296.79,305.39,1436.7,38.09,41.1,2.67,0,0,0,0,0,0,No Failure,241.1
960,M10959,M,296.37,306.05,1611.3,30.92,12.4,2.41,0,0,0,0,0,0,No Failure,285.2
961,L10960,L,300.59,310.56,1614.6,47.46,160.3,2.1,0,0,0,0,0,0,No Failure,92.7
962,M10961,M,300.27,311.34,1645.0,36.91,133.3,2.44,0,0,0,0,0,0,No Failure,136.4
963,L10962,L,299.15,308.07,1605.4,36.85,229.3,5.64,1,0,0,0,0,1,TWF,6.5
964,L10963,L,296.69,307.35,1298.8,47.93,115.8,2.89,0,0,0,0,0,0,No Failure,150.1
965,L10964,L,300.94,310.96,1393.7,43.43,160.6,2.8,0,0,0,0,0,0,No Failure,96.5
966,L10965,L,302.54,312.82,1690.1,33.95,100.4,2.21,0,0,0,0,0,0,No Failure,178.6
967,M10966,M,300.56,311.51,1187.4,45.2,207.4,2.37,0,0,0,0,0,0,No Failure,35.0
968,L10967,L,298.31,307.02,1590.4,48.68,231.6,5.68,0,0,0,1,0,1,OSF,6.5
969,M10968,M,300.09,310.9,1518.0,35.53,107.9,2.14,0,0,0,0,0,0,No Failure,168.5
970,L10969,L,297.27,306.7,1690.1,28.99,20.7,3.04,0,0,0,0,0,0,No Failure,275.6
971,M10970,M,302.12,313.21,1612.6,36.64,40.9,1.4,0,0,0,0,0,0,No Failure,249.9
972,H10971,H,300.16,310.5,1419.1,57.38,180.1,3.71,0,0,0,0,0,0,No Failure,51.0
973,M10972,M,296.46,306.25,1411.0,36.77,81.3,3.74,0,0,0,0,0,0,No Failure,200.3
974,L10973,L,299.4,308.81,1444.4,46.51,196.3,2.53,0,0,0,0,0,0,No Failure,47.5
975,L10974,L,300.93,311.75,1641.8,34.82,187.4,2.74,0,0,0,0,0,0,No Failure,72.4
976,L10975,L,299.33,310.59,1125.9,55.0,173.6,3.01,0,0,0,0,0,0,No Failure,67.7
977,M10976,M,299.45,308.92,1566.2,44.77,203.6,2.05,0,0,0,0,0,0,No Failure,40.4
978,L10977,L,297.55,306.42,1379.9,31.44,189.1,2.84,0,0,0,0,0,0,No Failure,71.6
979,L10978,L,301.13,311.83,1572.2,31.89,158.1,3.29,0,0,0,0,0,0,No Failure,110.8
980,M10979,M,298.7,307.25,1599.7,43.86,1.1,1.42,0,0,0,0,0,0,No Failure,289.7
981,L10980,L,295.69,304.38,1240.4,49.05,128.9,1.64,0,0,0,0,0,0,No Failure,126.1
982,M10981,M,299.26,308.19,1497.4,41.55,148.8,2.95,0,0,0,0,0,0,No Failure,111.9
983,L10982,L,301.96,311.55,1565.8,43.3,240.2,4.94,1,0,0,0,0,1,TWF,12.2
984,L10983,L,299.23,307.89,1553.7,32.39,162.6,2.27,0,0,0,0,0,0,No Failure,98.2
985,M10984,M,303.48,311.54,1516.1,46.96,143.9,2.3,0,0,0,0,0,0,No Failure,95.8
986,L10985,L,300.86,309.72,1319.5,51.21,135.3,1.82,0,0,0,0,0,0,No Failure,119.4
987,M10986,M,300.68,311.32,1346.7,46.22,25.8,2.25,0,0,0,0,0,0,No Failure,266.8
988,L10987,L,299.74,308.47,1291.3,49.74,106.9,1.71,0,0,0,0,0,0,No Failure,154.9
989,L10988,L,299.86,309.52,1637.2,44.8,33.6,3.29,0,0,0,0,0,0,No Failure,257.2
990,H10989,H,299.47,311.42,1517.3,35.39,13.2,2.58,0,0,0,0,0,0,No Failure,284.0
991,M10990,M,299.4,309.35,1528.7,43.88,82.4,2.56,0,0,0,0,0,0,No Failure,195.4
992,M10991,M,301.06,311.4,1232.7,60.88,161.4,2.9,0,0,0,0,0,0,No Failure,78.2
993,L10992,L,298.13,307.18,1532.0,43.65,216.7,6.32,1,0,0,0,0,1,TWF,13.1
994,M10993,M,297.85,310.01,1651.4,34.78,202.6,1.87,0,0,0,0,0,0,No Failure,54.1
995,L10994,L,297.75,307.21,1208.3,65.88,73.7,1.39,0,0,0,0,0,0,No Failure,193.1
996,L10995,L,304.09,313.86,1442.2,43.22,11.5,2.48,0,0,0,0,0,0,No Failure,285.4
997,H10996,H,301.06,312.38,1256.9,57.53,100.7,1.4,0,0,0,0,0,0,No Failure,163.7
998,L10997,L,300.61,310.43,1462.8,38.07,78.7,2.3,0,0,0,0,0,0,No Failure,202.9
999,H10998,H,297.88,307.93,1376.7,51.06,92.8,3.02,0,0,0,0,0,0,No Failure,178.0
1000,L10999,L,301.25,310.96,1606.2,33.53,139.8,3.42,0,0,0,0,0,0,No Failure,131.4
1001,L11000,L,299.77,309.49,1568.3,40.52,7.6,1.56,0,0,0,0,0,0,No Failure,290.5
1002,M11001,M,300.43,310.8,1769.2,29.67,92.7,1.93,0,0,0,0,0,0,No Failure,190.4
1003,H11002,H,298.05,308.6,1528.3,52.57,139.7,2.72,0,0,0,0,0,0,No Failure,111.0
1004,M11003,M,300.32,309.68,1598.6,35.99,107.7,2.95,0,0,0,0,0,0,No Failure,168.4
1005,H11004,H,299.15,308.39,1438.2,33.96,166.8,2.99,0,0,0,0,0,0,No Failure,98.3
1006,M11005,M,298.47,307.86,1340.6,45.42,46.5,3.39,0,0,0,0,0,0,No Failure,240.5
1007,M11006,M,301.47,310.07,1687.4,39.32,38.5,2.94,0,0,0,0,0,0,No Failure,244.2
1008,H11007,H,296.92,305.33,1760.5,33.89,77.0,2.43,0,0,0,0,0,0,No Failure,195.2
1009,L11008,L,301.13,311.43,1664.3,30.36,25.4,3.14,0,0,0,0,0,0,No Failure,269.8
1010,L11009,L,301.37,312.31,1561.5,45.69,59.1,2.54,0,0,0,0,0,0,No Failure,224.3
1011,L11010,L,298.24,309.11,1363.6,52.81,21.7,2.66,0,0,0,0,0,0,No Failure,271.2
1012,H11011,H,298.36,305.98,1742.4,22.9,100.5,2.2,0,0,0,0,0,0,No Failure,157.7
1013,H11012,H,299.55,309.31,1641.7,30.41,177.9,2.59,0,0,0,0,0,0,No Failure,88.9
1014,L11013,L,300.56,309.46,1900.5,30.46,71.6,1.52,0,0,0,0,0,0,No Failure,212.9
1015,M11014,M,299.69,309.84,1331.4,41.35,0.9,3.12,0,0,0,0,0,0,No Failure,298.8
1016,H11015,H,300.87,310.45,1692.4,39.13,139.3,1.89,0,0,0,0,0,0,No Failure,127.2
1017,L11016,L,303.53,314.12,1636.3,49.54,173.0,1.97,0,0,0,0,0,0,No Failure,69.4
1018,M11017,M,298.98,308.97,1476.8,37.96,97.8,1.1,0,0,0,0,0,0,No Failure,179.3
1019,H11018,H,296.57,304.67,1782.1,44.7,74.2,2.01,0,0,0,0,0,0,No Failure,184.0
1020,L11019,L,301.65,310.68,1610.0,26.99,122.7,1.92,0,0,0,0,0,0,No Failure,157.0
1021,M11020,M,303.37,313.37,1370.3,46.98,25.3,2.63,0,0,0,0,0,0,No Failure,267.4
1022,L11021,L,300.79,310.88,1516.8,35.39,161.0,1.72,0,0,0,0,0,0,No Failure,104.0
1023,H11022,H,297.82,306.42,1368.2,47.2,183.3,3.99,0,1,0,0,0,1,HDF,9.0
1024,H11023,H,299.75,308.22,1454.1,28.96,176.2,2.09,0,0,0,0,0,0,No Failure,81.7
1025,H11024,H,297.76,307.82,1664.0,27.06,82.2,1.44,0,0,0,0,0,0,No Failure,204.2
1026,L11025,L,301.29,309.88,1715.1,38.31,210.7,2.64,0,0,0,0,0,0,No Failure,31.6
1027,H11026,H,297.3,305.63,1577.6,33.62,236.7,4.91,1,0,0,0,0,1,TWF,2.8
1028,H11027,H,299.4,308.95,1403.7,40.48,74.3,2.52,0,0,0,0,0,0,No Failure,207.2
1029,L11028,L,297.99,307.5,1606.3,50.21,65.7,3.0,0,0,0,0,0,0,No Failure,209.6
1030,H11029,H,300.25,309.38,1667.5,36.95,176.0,2.5,0,0,0,0,0,0,No Failure,84.0
1031,L11030,L,299.27,308.56,1185.0,56.94,177.1,2.3,0,0,0,0,0,0,No Failure,60.9
1032,M11031,M,300.35,310.37,1558.8,33.18,127.6,3.05,0,0,0,0,0,0,No Failure,146.3
1033,L11032,L,300.04,309.32,1504.0,30.51,230.8,2.3,0,0,0,0,0,0,No Failure,25.8
1034,L11033,L,298.03,308.1,1708.7,34.55,36.6,2.2,0,0,0,0,0,0,No Failure,255.6
1035,L11034,L,301.25,310.87,1607.0,26.9,119.3,2.9,0,0,0,0,0,0,No Failure,160.9
1036,M11035,M,299.9,310.07,1624.7,32.04,8.8,2.03,0,0,0,0,0,0,No Failure,289.5
1037,L11036,L,298.02,308.9,1451.7,42.99,13.2,3.2,0,0,0,0,0,0,No Failure,283.4
1038,M11037,M,304.48,315.32,1538.3,38.23,13.4,2.6,0,0,0,0,0,0,No Failure,283.4
1039,L11038,L,300.95,312.24,1706.9,37.49,122.9,3.44,0,0,0,0,0,0,No Failure,148.7
1040,L11039,L,299.69,310.53,1526.4,43.51,147.2,2.46,0,0,0,0,0,0,No Failure,113.3
1041,M11040,M,302.83,313.07,1569.3,29.86,0.9,3.07,0,0,0,0,0,0,No Failure,299.0
1042,M11041,M,303.68,313.25,1263.1,40.91,158.1,1.52,0,0,0,0,0,0,No Failure,102.1
1043,L11042,L,299.71,309.32,1525.7,24.08,122.4,3.27,0,0,0,0,0,0,No Failure,159.4
1044,M11043,M,300.69,309.82,1177.9,48.35,56.0,2.91,0,0,0,0,0,0,No Failure,227.4
1045,H11044,H,298.02,308.03,1445.6,46.66,3.8,2.11,0,0,0,0,0,0,No Failure,295.1
1046,M11045,M,299.71,310.4,1549.4,49.16,39.0,3.02,0,0,0,0,0,0,No Failure,249.2
1047,L11046,L,299.6,308.88,1675.3,37.15,150.1,1.74,0,0,0,0,0,0,No Failure,115.6
1048,L11047,L,300.37,310.33,1359.2,53.76,164.7,2.2,0,0,0,0,0,0,No Failure,80.8
1049,H11048,H,300.67,309.99,1604.9,40.07,161.8,1.99,0,0,0,0,0,0,No Failure,98.3
1050,L11049,L,301.12,311.33,1800.9,34.07,38.3,3.05,0,0,0,0,0,0,No Failure,253.7
1051,H11050,H,300.48,309.93,1423.3,37.88,227.8,3.25,0,0,0,0,0,0,No Failure,19.1
1052,M11051,M,297.58,306.84,1261.1,30.88,102.7,2.23,0,0,0,0,0,0,No Failure,177.7
1053,H11052,H,298.12,307.44,1589.9,46.3,192.0,1.74,0,0,0,0,0,0,No Failure,53.3
1054,M11053,M,298.91,309.41,1324.6,44.92,41.6,1.91,0,0,0,0,0,0,No Failure,246.9
1055,H11054,H,299.44,309.34,1391.4,52.84,117.6,2.56,0,0,0,0,0,0,No Failure,144.1
1056,L11055,L,302.1,311.67,1703.3,28.58,130.4,2.52,0,0,0,0,0,0,No Failure,146.7
1057,M11056,M,297.67,307.94,1874.0,49.02,192.6,3.99,0,0,1,0,0,1,PWF,12.3
1058,L11057,L,299.29,308.87,1358.9,42.41,155.4,2.0,0,0,0,0,0,0,No Failure,104.1
1059,L11058,L,301.91,313.03,1406.0,37.83,99.8,3.48,0,0,0,0,0,0,No Failure,176.9
1060,M11059,M,299.4,308.43,1459.3,39.61,70.6,2.13,0,0,0,0,0,0,No Failure,212.2
1061,H11060,H,300.92,310.73,1439.9,42.86,243.2,5.33,1,0,0,0,0,1,TWF,6.1
1062,H11061,H,299.72,308.32,1884.1,31.36,71.1,3.19,0,0,0,0,0,0,No Failure,207.0
1063,M11062,M,300.51,310.17,1443.0,37.97,32.4,2.33,0,0,0,0,0,0,No Failure,260.1
1064,L11063,L,299.54,307.86,1468.6,28.23,75.1,2.81,0,0,0,0,0,0,No Failure,198.3
1065,L11064,L,301.33,312.08,1827.3,27.21,81.7,1.97,0,0,0,0,0,0,No Failure,204.6
1066,M11065,M,296.91,307.68,1641.2,44.08,32.0,2.8,0,0,0,0,0,0,No Failure,259.4
1067,L11066,L,299.27,310.06,1714.5,28.84,177.0,2.94,0,0,0,0,0,0,No Failure,91.5
1068,L11067,L,300.59,310.62,1375.8,31.59,154.8,1.83,0,0,0,0,0,0,No Failure,115.1
1069,L11068,L,301.07,310.19,1443.1,34.19,79.2,2.18,0,0,0,0,0,0,No Failure,204.2
1070,L11069,L,302.99,312.19,1351.9,43.76,248.3,1.96,0,0,0,0,0,0,No Failure,1.0
1071,L11070,L,299.22,310.75,1681.4,30.37,163.8,2.18,0,0,0,0,0,0,No Failure,105.6
1072,L11071,L,302.96,314.39,1757.3,32.18,175.8,3.46,0,0,0,0,0,0,No Failure,89.4
1073,L11072,L,298.68,308.8,1430.6,36.35,139.3,2.65,0,0,0,0,0,0,No Failure,129.5
1074,L11073,L,302.66,312.14,1472.8,47.81,137.9,3.67,0,0,0,0,0,0,No Failure,121.5
1075,H11074,H,301.63,313.0,1480.6,43.96,5.0,3.39,0,0,0,0,0,0,No Failure,293.6
1076,L11075,L,298.17,307.48,1261.0,63.11,192.7,6.56,0,0,0,1,0,1,OSF,13.2
1077,L11076,L,300.61,310.84,1417.4,39.66,227.7,5.77,1,0,0,0,0,1,TWF,14.0
1078,M11077,M,299.9,311.25,1676.4,33.8,30.6,3.2,0,0,0,0,0,0,No Failure,263.1
1079,L11078,L,301.25,310.41,1381.3,51.72,198.9,3.52,0,0,0,0,0,0,No Failure,37.8
1080,H11079,H,299.55,310.38,1554.6,41.33,133.6,2.83,0,0,0,0,0,0,No Failure,132.4
1081,M11080,M,299.39,309.91,1303.9,39.43,71.3,2.91,0,0,0,0,0,0,No Failure,211.4
1082,L11081,L,302.74,312.7,1512.2,43.57,230.2,2.89,0,0,0,0,0,0,No Failure,8.0
1083,L11082,L,299.8,308.81,1437.2,44.52,4.3,2.24,0,0,0,0,0,0,No Failure,294.5
1084,H11083,H,301.65,310.93,1319.3,32.92,68.5,3.01,0,0,0,0,0,0,No Failure,217.6
1085,H11084,H,299.55,309.84,1679.5,31.17,221.6,3.25,0,0,0,0,0,0,No Failure,35.9
1086,L11085,L,303.33,311.91,1689.5,36.84,120.3,2.14,0,0,0,0,0,0,No Failure,144.0
1087,M11086,M,298.64,308.77,1364.5,54.1,149.7,1.99,0,0,0,0,0,0,No Failure,100.4
1088,L11087,L,298.77,309.31,1499.3,44.9,187.4,2.17,0,0,0,0,0,0,No Failure,60.8
1089,H11088,H,303.05,314.03,1545.9,34.86,37.0,3.31,0,0,0,0,0,0,No Failure,255.1
1090,L11089,L,299.11,307.71,1213.2,44.5,53.8,2.36,0,0,0,0,0,0,No Failure,223.5
1091,H11090,H,303.2,314.52,1287.9,52.17,249.7,4.97,1,0,0,1,0,1,TWF,11.5
1092,M11091,M,301.78,313.48,1768.2,16.95,59.4,4.44,0,0,1,0,0,1,PWF,1.5
1093,M11092,M,299.69,310.1,1347.3,38.88,134.8,1.96,0,0,0,0,0,0,No Failure,132.9
1094,M11093,M,296.37,305.34,1763.2,43.89,74.7,2.07,0,0,0,0,0,0,No Failure,203.3
1095,L11094,L,299.96,309.63,1297.2,48.33,212.9,1.66,0,0,0,0,0,0,No Failure,23.8
1096,L11095,L,300.2,310.16,1655.9,30.92,240.4,5.14,1,0,0,0,0,1,TWF,10.8
1097,L11096,L,302.33,312.6,1482.3,32.06,35.3,2.39,0,0,0,0,0,0,No Failure,257.7
1098,L11097,L,303.18,313.2,1507.4,45.68,150.1,2.82,0,0,0,0,0,0,No Failure,107.6
1099,M11098,M,298.63,308.91,1870.2,32.63,202.9,1.12,0,0,0,0,0,0,No Failure,56.4
1100,L11099,L,301.6,311.51,1313.5,44.15,205.8,3.14,0,0,0,0,0,0,No Failure,38.3
1101,L11100,L,301.53,311.8,1644.5,39.1,110.1,2.45,0,0,0,0,0,0,No Failure,163.4
1102,H11101,H,302.15,311.69,1637.1,37.8,56.3,2.8,0,0,0,0,0,0,No Failure,230.5
1103,H11102,H,301.0,310.66,2138.5,28.67,96.8,3.41,0,0,0,0,0,0,No Failure,186.1
1104,H11103,H,296.12,305.54,1345.2,35.33,187.8,2.72,0,0,0,0,0,0,No Failure,71.4
1105,H11104,H,299.69,311.61,1425.9,34.89,248.4,5.42,1,0,0,0,0,1,TWF,8.0
1106,L11105,L,297.69,309.15,1684.1,40.87,138.6,1.37,0,0,0,0,0,0,No Failure,126.6
1107,L11106,L,299.59,310.15,1502.2,43.86,48.8,2.31,0,0,0,0,0,0,No Failure,238.1
1108,M11107,M,301.96,313.29,1455.1,43.91,10.5,1.42,0,0,0,0,0,0,No Failure,286.7
1109,M11108,M,300.61,311.41,1709.4,30.99,235.9,6.19,1,0,0,0,0,1,TWF,10.0
1110,L11109,L,302.3,312.48,1490.3,45.62,120.8,2.55,0,0,0,0,0,0,No Failure,145.3
1111,H11110,H,300.68,309.18,1378.4,40.93,179.1,5.04,0,1,0,0,0,1,HDF,11.8
1112,L11111,L,297.4,307.14,1668.0,45.08,165.0,3.8,0,0,0,0,0,0,No Failure,89.2
1113,L11112,L,294.96,304.62,1605.2,32.15,222.7,5.64,1,0,0,0,0,1,TWF,6.1
1114,M11113,M,300.3,309.16,1482.0,36.81,66.5,1.18,0,0,0,0,0,0,No Failure,215.7
1115,M11114,M,299.57,308.09,1473.5,39.66,110.4,2.91,0,0,0,0,0,0,No Failure,152.9
1116,M11115,M,298.05,308.54,1374.2,49.59,228.4,2.92,0,0,0,0,0,0,No Failure,1.9
1117,L11116,L,296.6,306.92,1667.8,35.73,146.4,2.21,0,0,0,0,0,0,No Failure,121.4
1118,H11117,H,298.53,307.36,1473.5,40.98,17.8,2.97,0,0,0,0,0,0,No Failure,274.3
1119,L11118,L,299.61,308.87,1400.2,40.11,48.6,1.93,0,0,0,0,0,0,No Failure,239.4
1120,L11119,L,301.33,312.49,1307.9,47.75,59.3,2.25,0,0,0,0,0,0,No Failure,223.3
1121,H11120,H,300.38,309.5,1608.2,36.81,248.4,4.45,1,0,0,0,0,1,TWF,1.4
1122,H11121,H,303.22,313.39,1447.0,35.98,56.0,3.05,0,0,0,0,0,0,No Failure,231.6
1123,H11122,H,297.93,307.74,1177.7,51.84,217.4,4.1,1,0,0,0,0,1,TWF,6.9
1124,H11123,H,301.76,312.27,1322.6,46.42,19.5,2.21,0,0,0,0,0,0,No Failure,274.9
1125,M11124,M,300.09,309.24,1496.2,56.55,45.4,2.48,0,0,0,0,0,0,No Failure,230.2
1126,M11125,M,301.39,311.48,1501.2,35.69,218.0,4.02,1,0,0,0,0,1,TWF,2.9
1127,L11126,L,299.13,309.3,1494.4,34.27,224.7,4.88,1,0,0,0,0,1,TWF,12.2
1128,L11127,L,302.14,312.37,1469.5,42.78,44.0,1.31,0,0,0,0,0,0,No Failure,244.4
1129,L11128,L,300.59,310.67,1273.8,40.15,57.5,2.0,0,0,0,0,0,0,No Failure,228.3
1130,L11129,L,298.64,308.99,1381.5,35.92,132.6,1.65,0,0,0,0,0,0,No Failure,138.0
1131,M11130,M,299.98,312.17,1749.9,24.23,13.2,2.82,0,0,0,0,0,0,No Failure,284.9
1132,L11131,L,299.52,312.08,1723.5,29.39,236.3,2.06,0,0,0,0,0,0,No Failure,20.9
1133,L11132,L,300.98,310.34,1641.5,31.3,90.5,3.24,0,0,0,0,0,0,No Failure,192.0
1134,L11133,L,297.64,305.32,1625.6,27.93,122.3,1.39,0,0,0,0,0,0,No Failure,130.3
1135,M11134,M,299.94,310.54,1700.0,33.54,26.3,2.35,0,0,0,0,0,0,No Failure,268.3
1136,L11135,L,300.79,310.98,1337.4,28.3,8.1,2.55,0,0,0,0,0,0,No Failure,290.4
1137,H11136,H,300.07,311.13,1543.9,42.31,117.0,2.79,0,0,0,0,0,0,No Failure,152.6
1138,L11137,L,302.69,312.98,1337.5,40.96,30.4,3.79,0,0,0,0,0,0,No Failure,261.9
1139,L11138,L,301.55,311.61,1340.6,41.89,157.6,1.32,0,0,0,0,0,0,No Failure,101.8
1140,M11139,M,299.99,311.11,1603.9,41.52,198.6,2.05,0,0,0,0,0,0,No Failure,50.6
1141,H11140,H,300.43,311.7,1707.5,37.74,7.9,3.7,0,0,0,0,0,0,No Failure,290.2
1142,L11141,L,300.59,309.2,1503.3,35.5,153.1,1.95,0,0,0,0,0,0,No Failure,105.8
1143,M11142,M,300.81,309.99,1833.2,35.89,203.9,2.77,0,0,0,0,0,0,No Failure,51.1
1144,M11143,M,296.35,306.24,1575.9,48.92,109.9,1.94,0,0,0,0,0,0,No Failure,156.3
1145,L11144,L,299.4,309.5,1399.0,35.8,239.9,4.78,1,0,0,0,0,1,TWF,13.8
1146,H11145,H,297.03,306.81,1343.5,49.94,27.8,2.01,0,0,0,0,0,0,No Failure,263.7
1147,M11146,M,302.56,312.99,1720.2,27.09,80.7,3.69,0,0,0,0,0,0,No Failure,205.8
1148,M11147,M,299.88,310.87,1561.0,46.67,57.5,1.8,0,0,0,0,0,0,No Failure,226.0
1149,H11148,H,299.61,311.34,1659.0,31.18,249.0,5.52,1,0,0,0,0,1,TWF,8.7
1150,H11149,H,301.79,312.37,1100.0,49.29,73.5,2.35,0,0,0,0,0,0,No Failure,204.1
1151,M11150,M,300.84,309.99,1581.8,45.98,97.0,3.05,0,0,0,0,0,0,No Failure,175.6
1152,H11151,H,297.74,307.6,1446.4,46.53,211.9,3.18,0,0,0,0,0,0,No Failure,27.4
1153,M11152,M,299.86,309.78,1288.5,41.81,232.5,2.56,0,0,0,0,0,0,No Failure,7.7
1154,M11153,M,299.33,309.84,1526.8,40.19,234.4,2.41,1,0,0,0,0,1,TWF,11.2
1155,M11154,M,296.51,306.9,1733.4,29.64,139.5,1.97,0,0,0,0,0,0,No Failure,135.0
1156,M11155,M,298.62,310.67,1943.7,19.72,165.8,1.78,0,0,0,0,0,0,No Failure,114.1
1157,L11156,L,299.63,309.17,1581.3,39.27,87.3,3.2,0,0,0,0,0,0,No Failure,191.6
1158,H11157,H,299.77,310.15,1411.1,40.03,151.8,1.95,0,0,0,0,0,0,No Failure,110.8
1159,H11158,H,297.04,309.39,1400.3,36.23,75.7,3.51,0,0,0,0,0,0,No Failure,207.4
1160,L11159,L,302.3,311.72,1710.4,44.21,186.5,2.74,0,0,0,0,0,0,No Failure,62.7
1161,H11160,H,299.8,309.94,1359.6,37.75,76.8,3.18,0,0,0,0,0,0,No Failure,205.4
1162,L11161,L,300.08,309.13,1649.4,37.38,219.9,3.85,0,0,0,0,0,0,No Failure,29.6
1163,L11162,L,300.8,310.88,1590.6,45.28,35.9,1.93,0,0,0,0,0,0,No Failure,254.1
1164,M11163,M,298.42,307.64,1570.8,36.41,143.0,1.53,0,0,0,0,0,0,No Failure,125.0
1165,L11164,L,300.91,311.96,1257.3,42.58,130.2,2.61,0,0,0,0,0,0,No Failure,135.7
1166,H11165,H,299.27,309.41,1474.1,42.79,65.9,3.07,0,0,0,0,0,0,No Failure,216.7
1167,H11166,H,298.21,307.27,1277.0,50.18,7.0,2.1,0,0,0,0,0,0,No Failure,290.8
1168,M11167,M,301.15,311.99,1432.7,48.01,37.1,2.52,0,0,0,0,0,0,No Failure,251.9
1169,L11168,L,302.98,313.16,1702.2,48.35,242.0,6.09,0,0,0,1,0,1,OSF,13.4
1170,L11169,L,301.45,312.4,1758.4,30.92,235.3,5.71,1,0,0,0,0,1,TWF,9.0
1171,M11170,M,301.85,310.7,1576.3,39.43,29.8,2.15,0,0,0,0,0,0,No Failure,260.0
1172,H11171,H,298.96,309.33,1435.9,32.9,93.7,2.66,0,0,0,0,0,0,No Failure,187.3
1173,M11172,M,296.8,307.58,1822.3,37.59,116.3,1.94,0,0,0,0,0,0,No Failure,156.8
1174,L11173,L,302.98,312.56,1433.5,43.14,119.5,1.63,0,0,0,0,0,0,No Failure,148.8
1175,M11174,M,304.11,312.85,1334.7,43.7,74.7,3.31,0,0,0,0,0,0,No Failure,200.0
1176,M11175,M,303.09,313.04,1662.7,31.76,228.2,3.57,1,0,0,0,0,1,TWF,6.8
1177,M11176,M,299.33,310.56,1619.9,34.6,227.1,4.49,1,0,0,0,0,1,TWF,8.2
1178,L11177,L,297.69,308.82,1440.9,43.3,4.7,2.28,0,0,0,0,0,0,No Failure,294.0
1179,M11178,M,297.87,307.44,1555.9,31.8,162.5,2.83,0,0,0,0,0,0,No Failure,105.7
1180,M11179,M,296.63,305.35,1617.1,34.95,18.6,2.09,0,0,0,0,0,0,No Failure,271.7
1181,H11180,H,299.79,309.35,1574.5,38.23,149.4,3.18,0,0,0,0,0,0,No Failure,115.5
1182,L11181,L,303.21,312.74,1620.2,26.26,216.7,3.99,1,0,0,0,0,1,TWF,6.6
1183,M11182,M,299.72,310.16,1447.5,34.09,162.4,3.37,0,0,0,0,0,0,No Failure,103.5
1184,H11183,H,300.6,310.5,1632.2,32.14,117.2,2.63,0,0,0,0,0,0,No Failure,159.6
1185,L11184,L,302.75,312.0,1541.1,49.91,239.5,3.82,0,0,0,1,0,1,OSF,4.2
1186,H11185,H,299.19,310.3,1453.5,35.46,186.6,2.83,0,0,0,0,0,0,No Failure,72.6
1187,M11186,M,304.07,314.21,1494.0,39.77,62.3,2.75,0,0,0,0,0,0,No Failure,222.4
1188,L11187,L,303.98,314.42,1520.5,32.18,96.7,2.44,0,0,0,0,0,0,No Failure,184.1
1189,L11188,L,299.74,308.01,1279.3,41.47,190.0,5.54,0,1,0,0,0,1,HDF,1.5
1190,M11189,M,298.84,306.42,1424.0,32.05,4.8,3.02,0,0,0,0,0,0,No Failure,265.7
1191,L11190,L,301.39,309.96,1549.6,43.41,16.0,1.92,0,0,0,0,0,0,No Failure,271.0
1192,M11191,M,299.3,308.82,1296.2,37.01,214.9,4.66,1,0,0,0,0,1,TWF,2.2
1193,L11192,L,297.69,308.26,1427.0,48.39,10.7,2.82,0,0,0,0,0,0,No Failure,286.1
1194,M11193,M,302.56,310.22,1964.9,33.81,169.6,2.37,0,0,0,0,0,0,No Failure,68.2
1195,L11194,L,302.43,314.03,1335.9,44.39,79.7,1.32,0,0,0,0,0,0,No Failure,198.5
1196,H11195,H,300.31,310.48,1469.3,47.42,206.5,1.92,0,0,0,0,0,0,No Failure,33.3
1197,H11196,H,297.47,308.83,1388.8,64.93,211.8,5.82,0,0,1,1,0,1,PWF,3.7
1198,H11197,H,297.54,306.65,1517.1,42.89,238.3,4.12,1,0,0,0,0,1,TWF,12.9
1199,M11198,M,300.21,310.72,1392.1,35.26,23.9,2.44,0,0,0,0,0,0,No Failure,270.9
1200,L11199,L,299.0,309.09,1494.5,50.57,105.7,2.66,0,0,0,0,0,0,No Failure,161.4
1201,M11200,M,299.32,310.14,1409.4,43.87,143.5,2.77,0,0,0,0,0,0,No Failure,117.8
1202,L11201,L,302.04,311.81,1726.9,49.52,229.0,4.35,1,0,0,1,0,1,TWF,2.9
1203,L11202,L,301.47,311.94,1552.6,35.1,66.6,0.5,0,0,0,0,0,0,No Failure,219.0
1204,L11203,L,302.76,313.86,1358.5,53.14,17.9,2.47,0,0,0,0,0,0,No Failure,276.2
1205,L11204,L,298.02,307.37,1688.5,35.53,50.4,2.19,0,0,0,0,0,0,No Failure,238.5
1206,M11205,M,299.31,309.56,1366.5,62.51,123.9,2.52,0,0,0,0,0,0,No Failure,119.0
1207,M11206,M,301.52,309.63,1258.0,45.72,170.3,5.97,0,1,0,0,0,1,HDF,2.5
1208,L11207,L,300.9,311.6,1537.5,60.04,172.7,4.82,0,0,1,0,0,1,PWF,3.6
1209,L11208,L,303.06,315.02,1879.4,35.0,18.7,2.54,0,0,0,0,0,0,No Failure,277.3
1210,H11209,H,300.84,309.6,1210.8,55.48,190.4,2.79,0,0,0,0,0,0,No Failure,39.8
1211,L11210,L,303.7,313.6,1299.8,58.06,165.1,2.31,0,0,0,0,0,0,No Failure,76.0
1212,L11211,L,301.08,311.96,1672.7,30.36,101.9,1.71,0,0,0,0,0,0,No Failure,179.1
1213,L11212,L,302.12,312.16,1423.0,48.95,142.8,1.78,0,0,0,0,0,0,No Failure,114.2
1214,M11213,M,299.35,309.52,1647.5,34.37,191.9,2.48,0,0,0,0,0,0,No Failure,67.5
1215,M11214,M,300.03,309.64,1388.1,44.28,65.5,2.13,0,0,0,0,0,0,No Failure,216.6
1216,L11215,L,301.82,311.39,1563.4,38.96,235.0,1.34,0,0,0,0,0,0,No Failure,8.6
1217,L11216,L,303.23,313.14,1850.3,36.43,34.4,2.02,0,0,0,0,0,0,No Failure,257.8
1218,M11217,M,301.46,311.5,1324.2,49.02,225.6,1.72,0,0,0,0,0,0,No Failure,6.4
1219,M11218,M,299.83,308.65,1721.3,30.83,185.2,2.95,0,0,0,0,0,0,No Failure,76.0
1220,L11219,L,302.75,312.69,1659.7,37.03,165.1,1.61,0,0,0,0,0,0,No Failure,97.2
1221,H11220,H,295.62,307.18,1271.4,30.85,20.7,3.35,0,0,0,0,0,0,No Failure,275.3
1222,L11221,L,297.16,306.74,1638.0,43.56,229.8,3.8,0,0,0,0,0,0,No Failure,8.7
1223,L11222,L,301.36,310.13,1551.0,50.54,73.8,2.06,0,0,0,0,0,0,No Failure,196.4
1224,H11223,H,300.03,309.88,1554.3,39.94,186.4,2.13,0,0,0,0,0,0,No Failure,67.8
1225,L11224,L,301.21,310.5,1598.2,26.3,221.2,3.07,0,0,0,0,0,0,No Failure,43.0
1226,M11225,M,300.13,308.79,1475.3,45.87,61.1,3.15,0,0,0,0,0,0,No Failure,214.9
1227,L11226,L,301.14,311.28,1550.5,33.35,228.7,5.69,1,0,0,0,0,1,TWF,3.4
1228,L11227,L,298.37,307.66,1581.2,39.22,153.0,2.24,0,0,0,0,0,0,No Failure,110.1
1229,H11228,H,301.14,310.52,1671.5,40.69,164.8,2.24,0,0,0,0,0,0,No Failure,94.0
1230,L11229,L,301.99,312.14,1264.6,51.27,228.6,4.55,1,0,0,1,0,1,TWF,7.5
1231,H11230,H,302.44,310.91,1769.1,41.48,131.7,3.05,0,0,0,0,0,0,No Failure,124.0
1232,L11231,L,304.03,312.29,1331.2,46.1,110.2,5.66,0,1,0,0,0,1,HDF,11.6
1233,L11232,L,300.49,311.16,1674.3,37.05,158.3,2.06,0,0,0,0,0,0,No Failure,105.6
1234,L11233,L,300.55,308.62,1552.2,43.81,138.5,2.54,0,0,0,0,0,0,No Failure,105.5
1235,M11234,M,296.95,305.98,1308.7,45.35,15.4,2.27,0,0,0,0,0,0,No Failure,280.3
1236,L11235,L,298.94,307.14,1632.5,31.94,45.1,4.0,0,0,0,0,0,0,No Failure,230.0
1237,H11236,H,299.61,309.13,1368.8,47.0,3.4,2.35,0,0,0,0,0,0,No Failure,295.6
1238,L11237,L,302.1,312.53,1729.3,26.79,27.0,2.94,0,0,0,0,0,0,No Failure,268.5
1239,H11238,H,298.78,308.89,1410.8,41.96,182.5,2.76,0,0,0,0,0,0,No Failure,70.4
1240,L11239,L,301.59,313.98,1270.4,37.58,1.2,2.41,0,0,0,0,0,0,No Failure,298.5
1241,H11240,H,300.0,311.08,1812.6,29.22,76.1,2.76,0,0,0,0,0,0,No Failure,210.2
1242,M11241,M,299.65,308.71,1570.5,34.61,112.3,2.63,0,0,0,0,0,0,No Failure,163.7
1243,M11242,M,300.5,309.3,1693.2,28.55,234.5,5.63,1,0,0,0,0,1,TWF,7.2
1244,H11243,H,299.22,311.92,1385.6,51.01,81.8,2.44,0,0,0,0,0,0,No Failure,192.6
1245,M11244,M,299.14,310.2,1199.4,57.15,195.8,0.94,0,0,0,0,0,0,No Failure,35.4
1246,M11245,M,296.59,307.18,1837.9,41.84,102.2,3.81,0,0,0,0,0,0,No Failure,171.0
1247,L11246,L,299.5,309.58,1536.8,37.73,24.6,2.19,0,0,0,0,0,0,No Failure,269.7
1248,L11247,L,299.04,309.31,1626.0,33.87,24.7,2.55,0,0,0,0,0,0,No Failure,270.1
1249,H11248,H,298.97,307.49,1655.5,41.87,108.1,2.17,0,0,0,0,0,0,No Failure,154.4
1250,M11249,M,300.83,310.99,1478.0,41.5,14.5,2.14,0,0,0,0,0,0,No Failure,281.8
1251,M11250,M,301.32,311.39,1578.5,38.88,142.9,1.83,0,0,0,0,0,0,No Failure,122.9
1252,L11251,L,300.46,309.56,1823.3,15.1,123.4,3.12,0,0,1,0,0,1,PWF,3.5
1253,L11252,L,301.99,311.45,1532.2,44.46,175.6,2.07,0,0,0,0,0,0,No Failure,76.3
1254,L11253,L,301.15,312.67,1706.6,39.52,46.4,2.81,0,0,0,0,0,0,No Failure,242.3
1255,M11254,M,299.41,309.28,1181.6,50.74,148.2,1.51,0,0,0,0,0,0,No Failure,105.5
1256,L11255,L,299.07,311.15,1739.2,40.21,43.6,2.8,0,0,0,0,0,0,No Failure,245.6
1257,L11256,L,300.63,308.88,1265.6,51.62,180.6,6.47,0,1,0,0,0,1,HDF,6.6
1258,L11257,L,301.15,310.63,1718.7,30.03,76.8,2.67,0,0,0,0,0,0,No Failure,209.0
1259,L11258,L,302.8,311.25,1607.9,35.78,153.6,1.67,0,0,0,0,0,0,No Failure,101.6
1260,M11259,M,302.38,311.17,1520.8,32.4,220.7,2.74,0,0,0,0,0,0,No Failure,31.1
1261,L11260,L,298.92,308.09,1520.2,49.7,122.1,3.07,0,0,0,0,0,0,No Failure,140.6
1262,M11261,M,299.8,310.11,1492.8,47.03,48.1,3.28,0,0,0,0,0,0,No Failure,238.0
1263,L11262,L,301.34,311.61,1391.1,37.43,221.5,2.61,0,0,0,0,0,0,No Failure,27.4
1264,L11263,L,302.14,311.46,1501.1,44.3,89.6,2.86,0,0,0,0,0,0,No Failure,185.9
1265,L11264,L,301.88,309.65,1933.2,32.99,182.6,3.01,0,0,0,0,0,0,No Failure,55.8
1266,L11265,L,299.87,311.35,1771.1,29.08,80.0,2.86,0,0,0,0,0,0,No Failure,205.7
1267,L11266,L,297.49,307.21,1382.1,44.28,74.6,2.69,0,0,0,0,0,0,No Failure,205.1
1268,L11267,L,298.0,306.89,1585.9,43.84,160.5,2.12,0,0,0,0,0,0,No Failure,93.9
1269,M11268,M,300.55,310.82,1555.2,45.16,39.1,3.07,0,0,0,0,0,0,No Failure,250.1
1270,L11269,L,300.68,310.89,1512.5,55.99,216.7,5.49,0,0,0,1,0,1,OSF,1.0
1271,M11270,M,297.8,307.48,1358.5,44.83,96.9,4.06,0,0,0,0,0,0,No Failure,176.4
1272,H11271,H,300.09,310.24,1617.8,35.42,4.8,2.12,0,0,0,0,0,0,No Failure,294.1
1273,M11272,M,301.26,310.11,1689.4,39.45,76.4,2.98,0,0,0,0,0,0,No Failure,202.0
1274,L11273,L,297.7,308.46,1388.7,41.92,196.2,1.73,0,0,0,0,0,0,No Failure,53.1
1275,L11274,L,302.21,311.21,1888.0,27.68,214.8,2.21,0,0,0,0,0,0,No Failure,48.6
1276,L11275,L,299.24,308.64,1810.4,26.66,142.0,2.15,0,0,0,0,0,0,No Failure,134.7
1277,L11276,L,302.52,313.16,1636.1,12.68,73.5,4.39,0,0,1,0,0,1,PWF,5.1
1278,H11277,H,298.93,310.14,1317.5,50.68,132.0,2.16,0,0,0,0,0,0,No Failure,126.9
1279,L11278,L,297.95,309.53,1609.9,25.8,209.1,2.72,0,0,0,0,0,0,No Failure,57.7
1280,L11279,L,299.08,310.14,1588.5,31.61,79.0,2.35,0,0,0,0,0,0,No Failure,205.6
1281,M11280,M,299.81,309.49,1629.9,38.86,96.4,3.22,0,0,0,0,0,0,No Failure,180.6
1282,M11281,M,299.22,307.68,1822.7,30.67,134.9,1.94,0,0,0,0,0,0,No Failure,128.8
1283,M11282,M,299.57,310.97,1506.5,54.87,221.8,4.7,0,0,0,1,0,1,OSF,14.2
1284,L11283,L,300.67,312.04,1904.6,20.94,145.5,2.14,0,0,0,0,0,0,No Failure,135.7
1285,L11284,L,299.66,308.99,1610.8,52.92,51.9,3.18,0,0,0,0,0,0,No Failure,221.9
1286,M11285,M,299.87,310.79,1486.0,50.04,22.3,2.97,0,0,0,0,0,0,No Failure,270.9
1287,L11286,L,296.58,306.25,1967.5,36.86,23.8,3.11,0,0,0,0,0,0,No Failure,270.9
1288,L11287,L,300.78,312.28,1686.6,45.65,237.6,2.4,0,0,0,0,0,0,No Failure,1.0
1289,L11288,L,299.82,309.31,1456.6,44.02,205.6,3.3,0,0,0,0,0,0,No Failure,38.7
1290,L11289,L,303.22,315.2,1553.1,26.71,191.5,1.5,0,0,0,0,0,0,No Failure,77.1
1291,L11290,L,298.12,308.91,1651.7,39.93,124.1,2.77,0,0,0,0,0,0,No Failure,145.4
1292,L11291,L,296.38,308.18,1511.0,29.34,168.1,2.58,0,0,0,0,0,0,No Failure,101.5
1293,M11292,M,301.24,310.77,1562.0,34.71,31.8,3.0,0,0,0,0,0,0,No Failure,261.4
1294,M11293,M,300.69,311.1,1391.7,42.57,155.2,2.45,0,0,0,0,0,0,No Failure,104.1
1295,H11294,H,297.98,307.01,1236.4,42.15,202.7,1.91,0,0,0,0,0,0,No Failure,44.7
1296,L11295,L,296.94,307.78,1557.0,45.16,15.5,1.84,0,0,0,0,0,0,No Failure,280.1
1297,L11296,L,303.07,313.97,1563.1,36.89,74.0,2.49,0,0,0,0,0,0,No Failure,209.2
1298,L11297,L,302.83,315.23,1632.4,39.62,27.6,2.34,0,0,0,0,0,0,No Failure,265.7
1299,M11298,M,295.03,305.51,1434.9,41.75,65.1,3.01,0,0,0,0,0,0,No Failure,218.2
1300,M11299,M,299.08,309.81,1298.0,47.11,193.1,3.07,0,0,0,0,0,0,No Failure,50.9
1301,L11300,L,303.33,312.86,1365.2,37.74,83.0,2.53,0,0,0,0,0,0,No Failure,197.7
1302,H11301,H,299.05,309.59,1727.0,26.52,172.4,2.52,0,0,0,0,0,0,No Failure,99.4
1303,L11302,L,299.02,308.64,1418.7,41.22,193.3,3.14,0,0,0,0,0,0,No Failure,57.6
1304,M11303,M,299.43,309.55,1458.9,34.36,204.2,2.35,0,0,0,0,0,0,No Failure,52.7
1305,M11304,M,297.76,307.93,1482.1,50.24,218.3,2.38,0,0,0,0,0,0,No Failure,14.2
1306,H11305,H,296.59,306.24,1427.1,32.41,149.4,1.71,0,0,0,0,0,0,No Failure,120.8
1307,M11306,M,302.11,312.17,1413.9,58.79,70.2,3.03,0,0,0,0,0,0,No Failure,197.4
1308,H11307,H,296.31,305.94,1382.1,45.53,37.6,2.45,0,0,0,0,0,0,No Failure,251.8
1309,L11308,L,300.49,310.11,1788.7,34.03,125.9,3.18,0,0,0,0,0,0,No Failure,147.7
1310,H11309,H,301.77,312.85,1659.7,32.37,25.9,1.78,0,0,0,0,0,0,No Failure,269.0
1311,L11310,L,297.1,307.27,1761.4,38.66,227.7,4.85,1,0,0,0,0,1,TWF,8.2
1312,H11311,H,298.15,308.5,1797.4,31.95,110.6,3.07,0,0,0,0,0,0,No Failure,167.6
1313,M11312,M,302.43,310.97,1117.4,55.8,218.2,4.52,0,1,0,1,0,1,HDF,13.0
1314,H11313,H,301.07,311.49,1599.5,43.4,177.3,1.79,0,0,0,0,0,0,No Failure,75.3
1315,L11314,L,298.77,309.3,1433.1,46.55,214.3,3.05,0,0,0,0,0,0,No Failure,24.3
1316,M11315,M,302.4,312.01,1737.9,43.2,221.0,1.72,0,0,0,0,0,0,No Failure,20.3
1317,M11316,M,302.41,314.5,1405.3,46.46,13.3,3.0,0,0,0,0,0,0,No Failure,282.9
1318,M11317,M,300.54,308.25,1349.3,37.81,181.3,4.03,0,1,0,0,0,1,HDF,1.4
1319,L11318,L,298.2,308.98,1281.3,32.27,56.6,3.23,0,0,0,0,0,0,No Failure,232.1
1320,L11319,L,299.17,309.89,1483.8,41.91,247.3,2.57,0,0,0,0,0,0,No Failure,1.0
1321,L11320,L,300.57,311.11,1701.8,36.84,194.6,2.71,0,0,0,0,0,0,No Failure,61.3
1322,L11321,L,299.62,309.8,1583.9,51.36,0.9,2.45,0,0,0,0,0,0,No Failure,293.6
1323,H11322,H,301.88,312.43,1322.7,44.55,231.9,2.55,0,0,0,0,0,0,No Failure,4.6
1324,L11323,L,296.94,307.81,1923.3,33.82,73.1,2.55,0,0,0,0,0,0,No Failure,211.7
1325,H11324,H,297.01,306.29,1654.3,41.71,104.2,2.92,0,0,0,0,0,0,No Failure,169.1
1326,L11325,L,300.36,310.66,1677.2,39.37,153.1,2.46,0,0,0,0,0,0,No Failure,109.8
1327,L11326,L,299.02,308.83,1768.0,39.84,229.1,5.09,1,0,0,0,0,1,TWF,5.6
1328,M11327,M,298.75,307.65,1244.4,42.49,231.8,4.7,1,0,0,0,0,1,TWF,8.0
1329,M11328,M,296.46,307.18,1374.9,36.81,140.9,3.02,0,0,0,0,0,0,No Failure,127.2
1330,L11329,L,300.04,309.47,1685.3,33.64,79.2,2.84,0,0,0,0,0,0,No Failure,204.4
1331,M11330,M,299.89,308.4,1392.9,27.86,69.8,3.24,0,0,0,0,0,0,No Failure,208.3
1332,M11331,M,301.31,310.77,1488.8,40.02,91.1,2.57,0,0,0,0,0,0,No Failure,186.5
1333,L11332,L,300.14,309.34,1524.1,34.75,45.1,2.7,0,0,0,0,0,0,No Failure,245.2
1334,H11333,H,299.73,310.76,1309.3,48.08,167.5,2.69,0,0,0,0,0,0,No Failure,83.0
1335,H11334,H,302.35,312.51,1473.4,38.87,132.0,1.77,0,0,0,0,0,0,No Failure,136.5
1336,M11335,M,297.38,308.76,1701.7,28.15,193.4,2.74,0,0,0,0,0,0,No Failure,73.1
1337,L11336,L,301.07,310.41,1668.6,45.13,23.5,4.46,0,0,0,0,0,0,No Failure,269.9
1338,M11337,M,296.66,307.53,1737.2,35.12,100.0,3.47,0,0,0,0,0,0,No Failure,178.4
1339,L11338,L,298.32,311.16,1718.8,40.95,60.0,2.03,0,0,0,0,0,0,No Failure,224.9
1340,L11339,L,297.57,307.93,1610.7,38.54,133.8,1.42,0,0,0,0,0,0,No Failure,134.5
1341,L11340,L,301.56,312.43,1596.5,40.83,117.1,2.53,0,0,0,0,0,0,No Failure,153.5
1342,L11341,L,299.87,310.56,1583.3,28.37,112.4,3.15,0,0,0,0,0,0,No Failure,168.0
1343,H11342,H,299.97,308.55,1425.8,51.03,78.9,2.48,0,0,0,0,0,0,No Failure,187.9
1344,M11343,M,297.79,308.37,1353.6,50.48,181.7,3.63,0,0,0,0,0,0,No Failure,61.8
1345,M11344,M,299.4,309.71,1414.6,42.28,120.4,2.03,0,0,0,0,0,0,No Failure,148.3
1346,L11345,L,298.47,308.21,1479.6,42.57,50.6,2.63,0,0,0,0,0,0,No Failure,236.2
1347,L11346,L,300.77,309.88,1420.6,49.25,136.9,2.43,0,0,0,0,0,0,No Failure,121.7
1348,L11347,L,298.02,308.71,1612.1,34.62,149.2,2.94,0,0,0,0,0,0,No Failure,119.1
1349,H11348,H,302.66,311.69,1574.1,27.03,5.3,2.98,0,0,0,0,0,0,No Failure,293.8
1350,L11349,L,296.65,308.78,1593.4,35.18,50.9,3.21,0,0,0,0,0,0,No Failure,238.0
1351,H11350,H,298.39,308.5,1600.9,38.55,60.6,2.43,0,0,0,0,0,0,No Failure,225.0
1352,M11351,M,303.35,312.13,1752.0,34.02,62.0,3.25,0,0,0,0,0,0,No Failure,220.5
1353,L11352,L,299.13,308.62,1536.5,48.27,59.7,2.71,0,0,0,0,0,0,No Failure,222.6
1354,M11353,M,297.37,307.09,1718.5,28.19,67.9,3.32,0,0,0,0,0,0,No Failure,220.3
1355,L11354,L,300.44,312.85,1630.5,30.97,65.7,3.4,0,0,0,0,0,0,No Failure,221.8
1356,H11355,H,299.05,308.16,1740.2,27.07,221.0,2.51,0,0,0,0,0,0,No Failure,42.2
1357,H11356,H,298.33,308.21,1827.0,35.84,79.9,2.1,0,0,0,0,0,0,No Failure,202.5
1358,L11357,L,297.81,307.27,1641.2,25.88,87.4,2.62,0,0,0,0,0,0,No Failure,198.6
1359,L11358,L,305.54,316.04,1556.6,43.75,66.5,3.09,0,0,0,0,0,0,No Failure,215.5
1360,M11359,M,299.5,308.98,1555.4,32.04,241.9,3.83,1,0,0,0,0,1,TWF,15.0
1361,H11360,H,296.15,305.01,1453.8,35.86,133.9,2.2,0,0,0,0,0,0,No Failure,133.8
1362,L11361,L,302.99,312.79,1447.8,53.83,152.6,2.91,0,0,0,0,0,0,No Failure,95.2
1363,M11362,M,301.22,310.92,1699.5,43.93,183.9,0.95,0,0,0,0,0,0,No Failure,66.4
1364,M11363,M,298.47,307.87,1365.5,44.77,83.4,1.88,0,0,0,0,0,0,No Failure,193.6
1365,M11364,M,298.13,307.59,1827.0,23.66,242.2,4.06,1,0,0,0,0,1,TWF,4.3
1366,L11365,L,301.35,312.53,1510.8,53.81,38.1,2.45,0,0,0,0,0,0,No Failure,244.2
1367,M11366,M,299.51,309.19,2050.3,27.89,114.5,2.31,0,0,0,0,0,0,No Failure,165.9
1368,H11367,H,296.15,305.01,1413.9,44.17,36.4,2.32,0,0,0,0,0,0,No Failure,251.1
1369,L11368,L,303.57,313.11,1582.8,44.29,197.6,1.7,0,0,0,0,0,0,No Failure,48.5
1370,L11369,L,299.13,309.19,1475.0,26.94,26.8,3.56,0,0,0,0,0,0,No Failure,268.7
1371,H11370,H,302.99,311.65,1396.0,38.5,138.5,2.14,0,0,0,0,0,0,No Failure,122.0
1372,L11371,L,302.56,314.18,1728.4,34.24,26.2,1.36,0,0,0,0,0,0,No Failure,268.3
1373,H11372,H,298.0,308.87,1340.1,45.69,113.2,3.18,0,0,0,0,0,0,No Failure,155.0
1374,L11373,L,302.07,313.5,1417.0,33.22,70.1,2.03,0,0,0,0,0,0,No Failure,215.6
1375,L11374,L,298.7,309.09,1643.0,38.8,225.8,1.77,0,0,0,0,0,0,No Failure,20.3
1376,H11375,H,296.27,304.17,1671.3,36.14,13.3,2.91,0,0,0,0,0,0,No Failure,261.9
1377,L11376,L,299.15,310.69,1288.9,58.22,162.5,2.19,0,0,0,0,0,0,No Failure,79.3
1378,M11377,M,300.8,309.93,1642.1,43.54,173.8,2.6,0,0,0,0,0,0,No Failure,79.6
1379,L11378,L,299.07,308.29,1561.1,36.55,222.2,4.65,1,0,0,0,0,1,TWF,13.4
1380,M11379,M,299.39,309.54,1373.7,42.3,219.4,5.19,1,0,0,0,0,1,TWF,10.7
1381,L11380,L,302.29,313.67,1396.8,50.06,244.3,4.6,1,0,0,1,0,1,TWF,7.9
1382,L11381,L,300.21,311.27,1174.0,53.09,63.5,1.77,0,0,0,0,0,0,No Failure,215.8
1383,H11382,H,298.31,309.22,1845.4,22.91,68.7,4.58,0,0,0,0,0,0,No Failure,221.6
1384,L11383,L,301.4,311.09,1719.8,49.55,99.3,2.0,0,0,0,0,0,0,No Failure,161.2
1385,M11384,M,300.4,310.07,1307.2,38.97,134.4,1.62,0,0,0,0,0,0,No Failure,133.4
1386,L11385,L,294.96,305.3,1681.0,53.05,91.8,5.06,0,0,1,0,0,1,PWF,9.6
1387,M11386,M,300.86,310.73,1435.3,44.8,185.1,2.66,0,0,0,0,0,0,No Failure,63.9
1388,L11387,L,300.78,311.67,1701.8,30.81,2.1,2.51,0,0,0,0,0,0,No Failure,297.5
1389,H11388,H,300.04,310.87,1449.2,24.83,4.4,2.21,0,0,0,0,0,0,No Failure,294.9
1390,L11389,L,301.78,312.37,1473.0,46.17,179.0,2.26,0,0,0,0,0,0,No Failure,70.1
1391,L11390,L,298.66,306.13,1486.4,29.51,220.8,4.02,1,0,0,0,0,1,TWF,3.9
1392,L11391,L,300.67,310.8,1420.3,44.74,194.1,3.18,0,0,0,0,0,0,No Failure,52.4
1393,L11392,L,296.87,306.76,1788.5,47.08,29.3,2.35,0,0,0,0,0,0,No Failure,254.1
1394,M11393,M,300.81,310.98,1698.8,27.35,233.7,5.42,1,0,0,0,0,1,TWF,11.8
1395,L11394,L,303.91,313.15,1557.7,43.69,130.5,2.47,0,0,0,0,0,0,No Failure,134.4
1396,H11395,H,298.01,306.69,1721.4,29.17,185.6,2.38,0,0,0,0,0,0,No Failure,74.6
1397,L11396,L,298.48,308.94,1246.8,56.06,50.3,1.89,0,0,0,0,0,0,No Failure,232.4
1398,L11397,L,298.58,308.22,1318.1,45.98,137.2,3.79,0,0,0,0,0,0,No Failure,124.0
1399,M11398,M,300.26,310.83,1622.9,36.84,82.5,2.51,0,0,0,0,0,0,No Failure,198.8
1400,M11399,M,297.87,307.2,1669.7,44.39,243.7,5.75,1,0,0,0,0,1,TWF,14.6
1401,L11400,L,300.84,312.26,1588.0,42.16,118.5,3.62,0,0,0,0,0,0,No Failure,150.7
1402,L11401,L,301.69,312.69,1201.0,44.33,188.9,2.75,0,0,0,0,0,0,No Failure,59.6
1403,L11402,L,301.07,311.37,1347.8,57.03,150.8,2.82,0,0,0,0,0,0,No Failure,95.8
1404,M11403,M,296.46,306.25,1612.6,26.46,23.6,2.54,0,0,0,0,0,0,No Failure,272.6
1405,M11404,M,301.99,312.84,1972.3,32.35,135.7,2.04,0,0,0,0,0,0,No Failure,137.2
1406,L11405,L,301.87,312.27,1756.0,28.41,135.1,3.23,0,0,0,0,0,0,No Failure,141.3
1407,H11406,H,301.66,311.9,1820.3,22.55,178.9,1.65,0,0,0,0,0,0,No Failure,96.2
1408,H11407,H,300.75,311.79,1598.8,29.59,80.5,1.91,0,0,0,0,0,0,No Failure,204.9
1409,M11408,M,300.44,311.87,1597.5,37.21,215.2,2.03,0,0,0,0,0,0,No Failure,35.6
1410,H11409,H,302.06,310.81,1353.0,46.79,155.7,2.65,0,0,0,0,0,0,No Failure,94.5
1411,L11410,L,303.85,312.8,1708.4,42.53,9.8,2.49,0,0,0,0,0,0,No Failure,286.6
1412,L11411,L,298.09,307.31,1524.9,49.68,176.7,1.38,0,0,0,0,0,0,No Failure,69.3
1413,L11412,L,302.16,310.65,1662.0,38.04,226.7,3.89,0,0,0,0,0,0,No Failure,10.1
1414,L11413,L,299.83,309.76,1543.5,35.77,170.8,2.96,0,0,0,0,0,0,No Failure,91.6
1415,M11414,M,299.74,310.34,1588.0,45.06,95.0,2.21,0,0,0,0,0,0,No Failure,178.7
1416,H11415,H,296.93,306.91,1522.3,35.11,147.7,2.76,0,0,0,0,0,0,No Failure,120.4
1417,L11416,L,299.43,308.9,1578.2,26.85,42.8,2.77,0,0,0,0,0,0,No Failure,250.1
1418,L11417,L,298.01,309.13,1717.0,41.52,150.3,2.3,0,0,0,0,0,0,No Failure,111.3
1419,L11418,L,299.07,309.21,1311.3,55.02,125.2,2.74,0,0,0,0,0,0,No Failure,132.3
1420,H11419,H,297.8,308.15,1270.8,41.46,6.5,2.74,0,0,0,0,0,0,No Failure,291.8
1421,L11420,L,299.1,310.26,1614.2,50.9,80.5,3.15,0,0,0,0,0,0,No Failure,188.3
1422,M11421,M,299.19,309.06,1795.9,37.49,47.8,2.54,0,0,0,0,0,0,No Failure,241.2
1423,L11422,L,300.19,312.25,1841.0,35.63,97.7,2.69,0,0,0,0,0,0,No Failure,180.9
1424,L11423,L,296.77,306.32,1318.8,41.88,60.5,2.37,0,0,0,0,0,0,No Failure,224.0
1425,H11424,H,297.11,309.11,1465.9,48.05,208.6,2.24,0,0,0,0,0,0,No Failure,29.8
1426,H11425,H,300.72,309.75,1273.2,36.45,174.4,2.04,0,0,0,0,0,0,No Failure,86.5
1427,L11426,L,298.41,308.92,1439.4,39.3,185.0,2.02,0,0,0,0,0,0,No Failure,70.2
1428,H11427,H,302.15,311.51,1739.0,29.37,90.2,2.22,0,0,0,0,0,0,No Failure,193.5
1429,M11428,M,300.45,311.57,1535.7,29.91,0.9,2.36,0,0,0,0,0,0,No Failure,299.0
1430,H11429,H,301.21,310.74,1471.1,46.83,54.8,3.1,0,0,0,0,0,0,No Failure,229.4
1431,L11430,L,302.82,313.11,1635.6,39.07,188.8,2.27,0,0,0,0,0,0,No Failure,65.8
1432,M11431,M,299.38,308.73,1395.7,48.62,150.7,2.3,0,0,0,0,0,0,No Failure,104.2
1433,L11432,L,298.85,309.79,1823.1,30.96,134.6,2.32,0,0,0,0,0,0,No Failure,139.7
1434,M11433,M,301.74,311.09,1539.3,45.87,70.1,2.47,0,0,0,0,0,0,No Failure,210.1
1435,L11434,L,301.02,312.7,1466.1,41.47,18.9,3.52,0,0,0,0,0,0,No Failure,276.2
1436,L11435,L,299.63,308.63,1643.0,33.21,196.2,2.27,0,0,0,0,0,0,No Failure,63.7
1437,L11436,L,302.78,311.44,1706.1,30.7,9.7,2.84,0,0,0,0,0,0,No Failure,281.6
1438,M11437,M,299.58,310.53,1823.7,19.02,14.8,2.71,0,0,0,0,0,0,No Failure,283.5
1439,L11438,L,300.07,309.47,1500.4,48.14,73.7,2.54,0,0,0,0,0,0,No Failure,204.4
1440,M11439,M,300.04,310.04,1732.4,41.99,143.2,1.93,0,0,0,0,0,0,No Failure,119.8
1441,H11440,H,298.13,307.81,1556.1,59.05,248.1,6.29,1,0,1,1,0,1,TWF,13.5
1442,L11441,L,300.16,308.84,1428.6,39.66,22.7,1.34,0,0,0,0,0,0,No Failure,265.6
1443,M11442,M,302.79,312.72,1399.0,38.22,118.3,1.89,0,0,0,0,0,0,No Failure,153.9
1444,L11443,L,300.89,312.15,1341.6,32.81,150.4,2.18,0,0,0,0,0,0,No Failure,119.2
1445,H11444,H,300.06,311.07,1405.2,49.42,205.8,2.37,0,0,0,0,0,0,No Failure,31.6
1446,L11445,L,299.68,309.91,1737.7,39.64,172.4,2.55,0,0,0,0,0,0,No Failure,85.5
1447,M11446,M,300.66,311.77,1664.5,46.91,201.9,3.33,0,0,0,0,0,0,No Failure,38.0
1448,H11447,H,301.5,310.44,1315.8,39.18,130.6,2.88,0,0,0,0,0,0,No Failure,136.7
1449,H11448,H,301.22,310.89,1225.4,53.98,108.5,2.6,0,0,0,0,0,0,No Failure,155.5
1450,M11449,M,299.34,309.73,1338.9,41.16,154.7,2.3,0,0,0,0,0,0,No Failure,106.1
1451,L11450,L,300.65,310.52,1399.0,52.29,225.2,5.65,1,0,0,1,0,1,TWF,12.6
1452,M11451,M,300.96,310.71,1483.7,44.19,137.7,1.82,0,0,0,0,0,0,No Failure,124.8
1453,H11452,H,297.99,306.78,1747.9,23.44,151.4,1.24,0,0,0,0,0,0,No Failure,122.8
1454,M11453,M,300.34,308.26,1440.0,40.75,84.5,1.73,0,0,0,0,0,0,No Failure,172.7
1455,L11454,L,295.68,306.5,1838.8,18.99,149.0,3.2,0,0,0,0,0,0,No Failure,133.6
1456,H11455,H,300.97,311.21,1237.2,40.35,156.9,2.07,0,0,0,0,0,0,No Failure,104.1
1457,M11456,M,301.32,312.22,1475.6,32.94,188.4,2.19,0,0,0,0,0,0,No Failure,73.5
1458,M11457,M,301.5,311.06,1678.6,31.26,143.0,3.11,0,0,0,0,0,0,No Failure,129.4
1459,L11458,L,299.21,308.5,1689.6,33.67,49.4,0.91,0,0,0,0,0,0,No Failure,240.4
1460,M11459,M,300.62,310.62,1477.9,41.75,145.5,2.15,0,0,0,0,0,0,No Failure,117.1
1461,L11460,L,302.85,313.7,1717.3,35.74,74.5,1.84,0,0,0,0,0,0,No Failure,209.2
1462,M11461,M,302.83,312.6,1683.4,35.48,21.8,2.68,0,0,0,0,0,0,No Failure,273.4
1463,L11462,L,299.94,310.74,1415.9,44.7,206.4,2.83,0,0,0,0,0,0,No Failure,36.9
1464,M11463,M,300.28,309.27,1594.4,28.88,16.5,2.84,0,0,0,0,0,0,No Failure,280.4
1465,H11464,H,302.22,312.06,1663.9,36.57,157.9,3.4,0,0,0,0,0,0,No Failure,106.5
1466,L11465,L,297.0,306.93,1428.7,52.04,247.1,4.81,0,0,0,1,0,1,OSF,9.9
1467,H11466,H,299.35,310.58,1841.3,31.43,21.9,2.65,0,0,0,0,0,0,No Failure,273.9
1468,L11467,L,302.67,312.88,1388.5,46.68,55.0,3.96,0,0,0,0,0,0,No Failure,229.2
1469,H11468,H,301.95,313.7,1563.8,41.18,190.2,1.22,0,0,0,0,0,0,No Failure,61.6
1470,M11469,M,300.74,309.39,1314.3,51.69,24.2,3.82,0,0,0,0,0,0,No Failure,261.1
1471,M11470,M,296.99,307.12,1556.5,40.56,208.2,3.55,0,0,0,0,0,0,No Failure,39.9
1472,M11471,M,299.9,310.08,1347.0,50.46,0.1,2.41,0,0,0,0,0,0,No Failure,299.9
1473,H11472,H,298.82,309.44,1485.4,43.95,222.5,2.08,0,0,0,0,0,0,No Failure,17.3
1474,L11473,L,300.66,309.85,1254.0,52.45,16.7,2.11,0,0,0,0,0,0,No Failure,277.9
1475,L11474,L,298.38,310.07,1681.2,38.78,230.5,4.1,1,0,0,0,0,1,TWF,12.6
1476,M11475,M,297.95,307.96,1601.8,30.41,216.1,3.22,0,0,0,0,0,0,No Failure,43.4
1477,H11476,H,295.87,304.78,1732.6,26.43,134.9,1.02,0,0,0,0,0,0,No Failure,141.4
1478,M11477,M,302.44,312.43,1475.7,38.18,194.5,3.71,0,0,0,0,0,0,No Failure,59.8
1479,M11478,M,299.2,308.89,1741.0,45.33,18.7,2.5,0,0,0,0,0,0,No Failure,273.4
1480,L11479,L,300.31,313.1,1545.0,37.63,33.8,3.21,0,0,0,0,0,0,No Failure,258.4
1481,H11480,H,300.0,311.05,1558.3,40.67,92.3,1.76,0,0,0,0,0,0,No Failure,184.6
1482,L11481,L,297.87,307.91,1916.4,17.54,134.4,2.93,0,0,0,0,0,0,No Failure,151.1
1483,M11482,M,297.48,307.37,1451.2,42.7,217.1,2.73,0,0,0,0,0,0,No Failure,25.9
1484,L11483,L,297.99,308.94,1757.7,34.74,135.7,2.84,0,0,0,0,0,0,No Failure,135.3
1485,L11484,L,298.55,309.55,1623.9,18.24,166.3,5.26,0,0,1,0,0,1,PWF,7.6
1486,L11485,L,300.73,307.82,1435.6,43.83,170.0,2.27,0,0,0,0,0,0,No Failure,46.0
1487,L11486,L,298.41,309.05,1302.5,34.51,219.4,1.76,0,0,0,0,0,0,No Failure,34.0
1488,M11487,M,303.49,313.52,1353.1,39.27,194.2,2.96,0,0,0,0,0,0,No Failure,58.9
1489,L11488,L,302.05,310.74,1740.4,41.44,244.3,6.42,1,0,0,0,0,1,TWF,4.8
1490,L11489,L,301.62,312.5,1848.5,33.56,5.0,2.67,0,0,0,0,0,0,No Failure,294.0
1491,L11490,L,299.76,312.01,1554.4,35.46,52.0,0.89,0,0,0,0,0,0,No Failure,236.7
1492,L11491,L,303.03,313.59,1563.8,34.63,232.6,3.31,0,0,0,0,0,0,No Failure,17.8
1493,L11492,L,299.56,310.66,1677.0,32.85,198.1,2.57,0,0,0,0,0,0,No Failure,61.9
1494,L11493,L,299.94,311.74,1551.1,39.81,66.8,0.91,0,0,0,0,0,0,No Failure,216.8
1495,M11494,M,300.34,309.51,1734.8,26.18,243.6,1.48,0,0,0,0,0,0,No Failure,17.2
1496,M11495,M,301.4,309.55,1590.2,45.6,217.5,1.87,0,0,0,0,0,0,No Failure,4.4
1497,M11496,M,301.27,311.93,1562.3,30.37,16.2,2.5,0,0,0,0,0,0,No Failure,280.8
1498,L11497,L,299.05,308.8,1412.8,30.38,202.8,1.89,0,0,0,0,0,0,No Failure,59.3
1499,L11498,L,298.93,307.56,1368.8,50.77,196.1,1.97,0,0,0,0,0,0,No Failure,35.1
1500,H11499,H,301.28,311.2,1100.0,51.49,55.3,3.05,0,0,0,0,0,0,No Failure,227.2
1501,M11500,M,301.43,312.16,1758.9,34.61,167.3,3.21,0,0,0,0,0,0,No Failure,97.1
1502,L11501,L,299.21,309.06,1511.8,44.27,242.6,6.05,1,0,0,0,0,1,TWF,6.3
1503,L11502,L,296.83,306.04,1466.3,35.88,169.0,1.52,0,0,0,0,0,0,No Failure,93.7
1504,L11503,L,299.59,309.36,1188.6,51.44,203.4,3.07,0,0,0,0,0,0,No Failure,32.2
1505,L11504,L,301.25,311.23,1423.4,46.69,24.8,2.21,0,0,0,0,0,0,No Failure,268.0
1506,L11505,L,303.61,311.68,1399.9,54.36,181.9,3.68,0,0,0,0,0,0,No Failure,38.7
1507,M11506,M,297.6,307.46,1395.7,39.41,51.2,2.66,0,0,0,0,0,0,No Failure,236.4
1508,M11507,M,299.15,307.8,1597.6,34.32,18.0,3.23,0,0,0,0,0,0,No Failure,271.4
1509,M11508,M,299.22,309.88,1559.9,42.41,138.0,2.83,0,0,0,0,0,0,No Failure,126.0
1510,M11509,M,302.71,311.15,1294.3,47.82,187.7,4.97,0,1,0,0,0,1,HDF,3.6
1511,H11510,H,299.93,310.94,1305.7,44.99,136.7,2.28,0,0,0,0,0,0,No Failure,125.5
1512,M11511,M,298.19,307.78,1305.4,57.11,232.9,5.3,0,0,0,1,0,1,OSF,14.2
1513,H11512,H,301.12,310.57,1862.1,20.44,173.9,3.06,0,0,0,0,0,0,No Failure,104.2
1514,L11513,L,299.19,309.49,1805.2,23.29,29.4,2.3,0,0,0,0,0,0,No Failure,266.4
1515,L11514,L,297.55,306.69,1385.4,31.61,233.6,4.24,1,0,0,0,0,1,TWF,14.8
1516,L11515,L,298.21,308.49,1184.2,59.08,38.2,2.07,0,0,0,0,0,0,No Failure,247.9
1517,M11516,M,303.47,312.74,1560.9,42.04,189.6,2.99,0,0,0,0,0,0,No Failure,61.4
1518,H11517,H,300.77,310.21,1546.4,29.2,37.1,2.64,0,0,0,0,0,0,No Failure,256.2
1519,L11518,L,300.22,310.62,1594.7,36.76,249.6,5.55,1,0,0,0,0,1,TWF,8.8
1520,H11519,H,299.5,308.36,1670.7,35.72,83.0,2.28,0,0,0,0,0,0,No Failure,195.9
1521,L11520,L,300.58,309.32,1618.9,21.6,124.0,3.37,0,0,0,0,0,0,No Failure,154.3
1522,H11521,H,300.56,310.81,1338.2,46.16,116.7,1.61,0,0,0,0,0,0,No Failure,150.1
1523,L11522,L,300.58,310.56,1590.6,29.48,25.5,2.97,0,0,0,0,0,0,No Failure,269.9
1524,L11523,L,300.23,310.4,1690.8,40.43,123.5,3.09,0,0,0,0,0,0,No Failure,145.8
1525,L11524,L,301.74,312.07,1408.4,34.57,37.4,2.31,0,0,0,0,0,0,No Failure,254.7
1526,L11525,L,300.05,310.1,1591.7,39.23,200.5,1.63,0,0,0,0,0,0,No Failure,51.1
1527,L11526,L,298.04,308.65,1439.1,50.76,239.6,5.86,1,0,0,1,0,1,TWF,13.7
1528,L11527,L,298.78,308.87,1895.3,38.48,202.0,3.22,0,0,0,0,0,0,No Failure,50.1
1529,H11528,H,296.04,304.03,1300.5,49.69,107.8,5.4,0,1,0,0,0,1,HDF,1.0
1530,M11529,M,304.05,312.31,1744.9,33.82,0.6,2.89,0,0,0,0,0,0,No Failure,284.3
1531,L11530,L,301.73,313.65,1238.9,37.93,9.2,2.13,0,0,0,0,0,0,No Failure,288.7
1532,M11531,M,298.34,308.34,1859.0,29.2,123.8,2.92,0,0,0,0,0,0,No Failure,154.0
1533,M11532,M,299.44,310.39,1333.7,43.41,169.9,2.8,0,0,0,0,0,0,No Failure,84.8
1534,L11533,L,298.73,308.38,1572.0,36.08,204.9,2.69,0,0,0,0,0,0,No Failure,49.6
1535,L11534,L,303.09,313.03,1246.4,37.4,149.9,1.97,0,0,0,0,0,0,No Failure,115.6
1536,L11535,L,297.16,306.71,1296.4,49.32,244.6,4.41,1,0,0,1,0,1,TWF,12.0
1537,L11536,L,300.23,312.69,1698.7,27.05,123.4,2.78,0,0,0,0,0,0,No Failure,156.0
1538,M11537,M,299.78,310.04,1722.0,45.67,150.0,3.96,0,0,0,0,0,0,No Failure,105.5
1539,L11538,L,301.65,311.12,1580.8,38.99,57.5,2.55,0,0,0,0,0,0,No Failure,228.7
1540,M11539,M,299.79,308.14,1670.7,42.77,84.9,3.52,0,0,0,0,0,0,No Failure,179.7
1541,M11540,M,296.48,308.46,1725.0,41.49,170.8,3.33,0,0,0,0,0,0,No Failure,85.6
1542,L11541,L,299.5,309.33,1415.5,56.93,150.4,2.53,0,0,0,0,0,0,No Failure,92.5
1543,M11542,M,298.06,308.8,1287.6,47.87,92.4,3.24,0,0,0,0,0,0,No Failure,180.4
1544,L11543,L,300.16,311.02,1535.5,36.34,28.0,2.03,0,0,0,0,0,0,No Failure,265.7
1545,H11544,H,302.87,312.41,1434.7,39.23,85.7,2.38,0,0,0,0,0,0,No Failure,193.7
1546,L11545,L,296.52,307.19,1607.6,47.8,11.0,2.18,0,0,0,0,0,0,No Failure,285.3
1547,H11546,H,298.4,307.8,1636.1,27.43,145.2,2.41,0,0,0,0,0,0,No Failure,130.3
1548,M11547,M,298.89,307.9,1416.0,36.23,80.8,1.3,0,0,0,0,0,0,No Failure,201.2
1549,L11548,L,299.24,310.4,1664.0,37.72,95.0,3.58,0,0,0,0,0,0,No Failure,183.0
1550,M11549,M,301.48,311.32,1655.1,35.18,143.8,2.32,0,0,0,0,0,0,No Failure,125.1
1551,H11550,H,299.65,310.17,1667.5,42.76,145.3,2.97,0,0,0,0,0,0,No Failure,116.4
1552,M11551,M,300.83,311.24,1465.0,31.58,147.1,2.65,0,0,0,0,0,0,No Failure,124.3
1553,H11552,H,298.75,309.39,1677.6,35.3,122.9,2.34,0,0,0,0,0,0,No Failure,150.4
1554,H11553,H,300.46,308.9,1631.1,35.48,122.0,1.73,0,0,0,0,0,0,No Failure,140.2
1555,L11554,L,301.56,310.97,1652.6,28.8,205.3,1.95,0,0,0,0,0,0,No Failure,58.3
1556,L11555,L,298.54,308.21,1838.3,38.79,116.9,2.36,0,0,0,0,0,0,No Failure,155.2
1557,M11556,M,301.56,310.73,1596.7,36.94,134.0,2.22,0,0,0,0,0,0,No Failure,135.5
1558,L11557,L,300.1,310.53,1429.4,41.04,247.1,1.92,0,0,0,0,0,0,No Failure,1.0
1559,H11558,H,302.09,313.28,1339.2,39.03,45.3,2.09,0,0,0,0,0,0,No Failure,243.9
1560,H11559,H,299.6,310.94,1739.9,31.9,181.6,2.78,0,0,0,0,0,0,No Failure,82.7
1561,L11560,L,300.76,310.42,1602.0,30.3,118.3,3.03,0,0,0,0,0,0,No Failure,159.6
1562,L11561,L,299.92,310.21,1836.9,38.71,207.6,1.8,0,0,0,0,0,0,No Failure,42.9
1563,M11562,M,299.81,310.25,1174.7,58.31,101.0,1.97,0,0,0,0,0,0,No Failure,162.7
1564,L11563,L,300.52,311.14,1701.0,47.03,75.7,2.63,0,0,0,0,0,0,No Failure,198.5
1565,H11564,H,301.07,310.2,1491.3,43.27,51.9,2.4,0,0,0,0,0,0,No Failure,234.2
1566,L11565,L,297.5,309.32,1474.7,38.31,218.1,2.28,0,0,0,0,0,0,No Failure,30.5
1567,M11566,M,302.87,313.79,1401.1,39.54,179.6,3.05,0,0,0,0,0,0,No Failure,76.7
1568,L11567,L,296.28,307.23,1699.0,38.75,19.2,2.61,0,0,0,0,0,0,No Failure,276.2
1569,M11568,M,298.63,309.83,1647.8,37.82,178.4,1.53,0,0,0,0,0,0,No Failure,80.1
1570,L11569,L,299.81,310.35,1333.5,43.77,8.8,2.02,0,0,0,0,0,0,No Failure,288.9
1571,M11570,M,300.82,309.8,1567.5,36.44,45.4,1.5,0,0,0,0,0,0,No Failure,243.9
1572,L11571,L,303.15,313.01,1664.4,44.25,148.2,2.39,0,0,0,0,0,0,No Failure,111.4
1573,M11572,M,296.28,304.63,1569.9,35.2,115.9,1.7,0,0,0,0,0,0,No Failure,146.0
1574,H11573,H,298.98,309.4,1736.3,43.98,210.1,1.44,0,0,0,0,0,0,No Failure,33.0
1575,L11574,L,295.75,305.58,1486.1,41.65,152.0,1.27,0,0,0,0,0,0,No Failure,109.1
1576,L11575,L,300.06,310.02,1134.5,50.31,241.2,5.3,1,0,0,1,0,1,TWF,5.7
1577,L11576,L,300.54,311.75,1571.4,32.69,213.8,1.68,0,0,0,0,0,0,No Failure,43.2
1578,M11577,M,303.18,312.72,1570.3,37.13,85.1,2.31,0,0,0,0,0,0,No Failure,195.5
1579,M11578,M,300.24,309.99,1593.7,41.17,208.5,2.54,0,0,0,0,0,0,No Failure,38.6
1580,M11579,M,302.09,312.11,1736.1,31.92,217.5,2.57,0,0,0,0,0,0,No Failure,39.8
1581,L11580,L,301.17,309.33,1188.5,56.44,242.4,6.04,1,1,0,1,0,1,TWF,2.4
1582,L11581,L,299.13,308.86,1495.3,37.14,3.1,2.47,0,0,0,0,0,0,No Failure,296.1
1583,M11582,M,297.18,304.7,1372.8,42.83,218.7,4.51,0,1,0,0,0,1,HDF,11.7
1584,L11583,L,300.55,309.96,1321.8,36.39,17.5,2.63,0,0,0,0,0,0,No Failure,278.6
1585,H11584,H,297.02,307.87,1525.1,43.26,132.0,2.63,0,0,0,0,0,0,No Failure,132.8
1586,L11585,L,302.59,313.04,1663.6,34.2,103.7,2.53,0,0,0,0,0,0,No Failure,174.5
1587,M11586,M,299.68,309.08,1591.9,48.74,230.0,6.33,1,0,0,0,0,1,TWF,14.9
1588,L11587,L,302.39,312.43,1414.9,47.34,101.3,2.12,0,0,0,0,0,0,No Failure,169.2
1589,L11588,L,299.04,307.96,1512.0,40.28,149.0,2.38,0,0,0,0,0,0,No Failure,112.6
1590,M11589,M,300.54,310.54,1704.5,43.78,173.0,1.7,0,0,0,0,0,0,No Failure,80.4
1591,M11590,M,300.42,313.35,1660.3,38.97,4.8,2.35,0,0,0,0,0,0,No Failure,294.1
1592,H11591,H,299.91,311.76,1439.1,48.75,147.7,2.12,0,0,0,0,0,0,No Failure,107.9
1593,L11592,L,299.13,309.19,1427.5,36.0,129.5,3.13,0,0,0,0,0,0,No Failure,141.8
1594,L11593,L,300.78,310.95,1230.7,51.98,148.5,1.62,0,0,0,0,0,0,No Failure,104.0
1595,M11594,M,298.15,307.17,1461.1,44.58,18.9,2.21,0,0,0,0,0,0,No Failure,275.9
1596,M11595,M,297.58,306.78,1227.3,38.07,13.9,2.19,0,0,0,0,0,0,No Failure,282.9
1597,L11596,L,302.49,312.85,1908.0,41.99,44.4,2.9,0,0,0,0,0,0,No Failure,240.2
1598,L11597,L,301.45,310.93,1384.9,35.2,217.4,4.09,1,0,0,0,0,1,TWF,7.3
1599,L11598,L,300.13,311.04,1736.5,25.46,89.1,2.5,0,0,0,0,0,0,No Failure,196.9
1600,H11599,H,303.33,314.9,1863.4,12.26,108.5,5.76,0,0,1,0,0,1,PWF,2.7
1601,L11600,L,299.46,309.8,1576.7,41.37,97.5,3.05,0,0,0,0,0,0,No Failure,177.6
1602,L11601,L,302.65,312.75,1520.1,27.97,178.6,1.99,0,0,0,0,0,0,No Failure,90.7
1603,L11602,L,300.35,308.67,1301.3,42.49,64.9,3.52,0,1,0,0,0,1,HDF,12.3
1604,L11603,L,297.95,308.7,1447.7,47.31,17.1,2.79,0,0,0,0,0,0,No Failure,277.9
1605,L11604,L,303.7,312.55,1825.1,34.22,94.5,1.66,0,0,0,0,0,0,No Failure,182.7
1606,M11605,M,301.98,311.56,1600.9,33.11,182.0,2.19,0,0,0,0,0,0,No Failure,81.0
1607,L11606,L,299.76,310.72,1543.1,27.75,228.7,4.01,1,0,0,0,0,1,TWF,10.1
1608,H11607,H,301.45,312.48,1772.9,33.09,12.7,2.87,0,0,0,0,0,0,No Failure,284.7
1609,L11608,L,299.19,308.73,1662.6,42.07,202.6,1.57,0,0,0,0,0,0,No Failure,44.9
1610,M11609,M,301.66,311.25,1511.5,44.6,16.5,2.32,0,0,0,0,0,0,No Failure,278.9
1611,H11610,H,295.22,304.52,1576.7,50.56,82.7,2.52,0,0,0,0,0,0,No Failure,188.1
1612,M11611,M,297.96,306.76,1400.5,38.27,5.6,1.98,0,0,0,0,0,0,No Failure,289.2
1613,M11612,M,301.96,311.32,1437.6,32.52,227.9,2.29,0,0,0,0,0,0,No Failure,26.5
1614,L11613,L,299.5,307.89,1501.1,42.14,176.7,3.03,0,0,0,0,0,0,No Failure,65.2
1615,L11614,L,300.42,311.1,1637.8,38.11,92.3,2.2,0,0,0,0,0,0,No Failure,186.1
1616,M11615,M,297.31,307.7,1314.7,45.6,94.4,2.28,0,0,0,0,0,0,No Failure,179.2
1617,H11616,H,303.7,314.26,1551.6,33.44,160.0,3.03,0,0,0,0,0,0,No Failure,107.1
1618,M11617,M,302.38,311.43,1468.2,22.29,22.4,4.26,0,0,1,0,0,1,PWF,1.0
1619,M11618,M,299.6,308.4,1376.7,36.54,36.3,3.3,0,0,0,0,0,0,No Failure,251.7
1620,M11619,M,299.19,309.24,1469.2,44.74,211.8,1.52,0,0,0,0,0,0,No Failure,29.9
1621,L11620,L,302.06,312.12,1122.5,55.44,50.6,2.34,0,0,0,0,0,0,No Failure,232.2
1622,L11621,L,303.96,313.82,1402.4,49.54,181.7,2.97,0,0,0,0,0,0,No Failure,62.9
1623,M11622,M,301.91,311.62,1341.2,47.15,56.5,2.07,0,0,0,0,0,0,No Failure,227.2
1624,H11623,H,304.34,316.05,1487.9,45.48,22.0,2.36,0,0,0,0,0,0,No Failure,271.8
1625,L11624,L,298.16,308.58,1129.9,58.45,225.0,4.87,1,0,0,1,0,1,TWF,14.0
1626,M11625,M,298.36,310.33,1572.2,38.31,225.4,3.92,1,0,0,0,0,1,TWF,5.5
1627,L11626,L,297.62,308.89,1700.8,35.47,151.3,2.79,0,0,0,0,0,0,No Failure,115.6
1628,M11627,M,300.88,312.59,1517.0,19.19,115.5,4.91,0,0,1,0,0,1,PWF,5.7
1629,L11628,L,300.35,309.28,1627.3,32.28,138.2,2.55,0,0,0,0,0,0,No Failure,132.9
1630,L11629,L,299.7,310.29,1446.2,37.19,102.0,2.52,0,0,0,0,0,0,No Failure,174.6
1631,M11630,M,301.62,311.19,1259.7,46.87,189.3,1.89,0,0,0,0,0,0,No Failure,56.1
1632,L11631,L,302.46,310.8,1538.3,32.49,188.6,2.94,0,0,0,0,0,0,No Failure,60.4
1633,M11632,M,296.95,308.44,1659.8,42.71,204.7,1.75,0,0,0,0,0,0,No Failure,41.4
1634,M11633,M,298.81,308.51,1300.9,39.95,130.7,2.73,0,0,0,0,0,0,No Failure,137.1
1635,H11634,H,301.64,310.59,1454.7,48.96,200.3,2.19,0,0,0,0,0,0,No Failure,38.2
1636,L11635,L,299.06,308.65,1493.8,33.44,38.9,2.26,0,0,0,0,0,0,No Failure,253.1
1637,L11636,L,298.4,307.61,2048.4,25.06,7.5,2.38,0,0,0,0,0,0,No Failure,291.3
1638,L11637,L,302.04,311.34,1578.0,33.26,162.0,2.8,0,0,0,0,0,0,No Failure,104.8
1639,H11638,H,297.42,307.2,1196.9,46.66,26.4,3.44,0,0,0,0,0,0,No Failure,266.1
1640,H11639,H,299.4,311.13,1152.6,60.3,137.7,2.57,0,0,0,0,0,0,No Failure,111.2
1641,M11640,M,300.66,309.99,1668.8,33.67,180.3,2.07,0,0,0,0,0,0,No Failure,82.4
1642,H11641,H,298.85,310.51,1982.8,28.15,101.8,1.64,0,0,0,0,0,0,No Failure,180.6
1643,M11642,M,301.57,312.42,1487.7,35.14,11.0,3.2,0,0,0,0,0,0,No Failure,286.7
1644,M11643,M,298.86,309.26,1477.0,38.8,221.8,4.82,1,0,0,0,0,1,TWF,1.0
1645,L11644,L,302.82,313.57,1615.1,38.66,10.8,2.36,0,0,0,0,0,0,No Failure,286.6
1646,M11645,M,299.75,309.76,1395.1,41.5,226.2,2.54,0,0,0,0,0,0,No Failure,16.0
1647,L11646,L,301.34,312.63,1100.0,53.49,13.2,2.96,0,0,0,0,0,0,No Failure,282.5
1648,H11647,H,301.49,312.06,1723.7,41.92,183.8,2.25,0,0,0,0,0,0,No Failure,68.8
1649,M11648,M,298.74,307.08,1428.2,43.93,231.2,5.21,1,0,0,0,0,1,TWF,1.2
1650,M11649,M,295.89,306.19,1726.0,26.71,226.7,3.37,1,0,0,0,0,1,TWF,10.9
1651,L11650,L,300.72,311.51,1401.8,42.21,223.3,1.85,0,0,0,0,0,0,No Failure,18.6
1652,L11651,L,300.14,309.86,1559.8,34.7,220.8,2.29,0,0,0,0,0,0,No Failure,32.1
1653,L11652,L,301.11,311.24,1691.0,39.13,127.6,3.14,0,0,0,0,0,0,No Failure,141.7
1654,L11653,L,299.55,308.93,1729.6,35.41,139.4,2.19,0,0,0,0,0,0,No Failure,130.2
1655,L11654,L,299.14,307.76,1579.7,45.89,154.9,2.66,0,0,0,0,0,0,No Failure,93.8
1656,H11655,H,304.02,312.47,1570.8,33.02,224.0,6.0,1,0,0,0,0,1,TWF,14.8
1657,M11656,M,297.06,305.52,1648.9,35.04,209.5,2.73,0,0,0,0,0,0,No Failure,34.5
1658,L11657,L,301.47,312.14,1621.1,29.56,195.7,3.68,0,0,0,0,0,0,No Failure,68.6
1659,L11658,L,298.85,306.36,1306.9,45.62,168.9,4.35,0,1,0,0,0,1,HDF,3.3
1660,L11659,L,299.33,308.66,1310.3,35.04,154.6,2.41,0,0,0,0,0,0,No Failure,112.1
1661,M11660,M,299.37,308.6,1160.5,53.95,230.6,4.71,1,0,0,1,0,1,TWF,12.7
1662,M11661,M,298.39,308.11,1675.2,35.43,48.2,3.7,0,0,0,0,0,0,No Failure,241.3
1663,H11662,H,301.14,309.29,1467.2,41.98,48.2,3.23,0,0,0,0,0,0,No Failure,222.2
1664,L11663,L,302.78,313.19,1684.8,41.13,245.6,4.12,1,0,0,0,0,1,TWF,11.9
1665,H11664,H,300.94,309.67,1610.3,38.83,138.3,3.77,0,0,0,0,0,0,No Failure,123.2
1666,H11665,H,300.21,311.34,1358.6,35.23,120.8,2.8,0,0,0,0,0,0,No Failure,153.0
1667,L11666,L,298.03,307.41,1516.5,35.67,212.6,2.58,0,0,0,0,0,0,No Failure,40.7
1668,H11667,H,301.03,310.94,1456.6,40.63,212.4,5.44,1,0,0,0,0,1,TWF,2.8
1669,L11668,L,304.31,314.32,1428.9,39.69,44.1,1.92,0,0,0,0,0,0,No Failure,245.1
1670,H11669,H,299.24,309.48,1701.8,33.81,43.4,2.62,0,0,0,0,0,0,No Failure,247.6
1671,L11670,L,299.25,309.29,1987.4,41.54,198.8,2.31,0,0,0,0,0,0,No Failure,43.9
1672,H11671,H,298.88,308.45,1737.8,35.23,196.4,2.28,0,0,0,0,0,0,No Failure,61.0
1673,H11672,H,299.02,309.36,1533.2,41.81,56.3,3.08,0,0,0,0,0,0,No Failure,229.2
1674,H11673,H,294.51,304.98,1763.5,19.96,210.4,2.34,0,0,0,0,0,0,No Failure,63.8
1675,M11674,M,300.81,310.04,1844.6,37.75,120.0,2.56,0,0,0,0,0,0,No Failure,152.1
1676,L11675,L,298.31,308.74,1288.8,66.52,117.5,2.7,0,0,0,0,0,0,No Failure,124.6
1677,L11676,L,296.78,307.97,1757.2,43.56,246.4,5.22,1,0,0,0,0,1,TWF,4.2
1678,L11677,L,301.51,312.21,1675.8,32.72,129.8,3.26,0,0,0,0,0,0,No Failure,144.1
1679,L11678,L,297.84,308.77,1750.7,50.24,34.3,5.38,0,0,1,0,0,1,PWF,12.8
1680,M11679,M,299.32,309.49,1683.6,35.83,70.0,2.27,0,0,0,0,0,0,No Failure,214.5
1681,L11680,L,302.93,312.0,1497.2,42.22,83.4,3.64,0,0,0,0,0,0,No Failure,194.9
1682,H11681,H,297.18,306.37,1901.9,29.68,239.6,0.95,0,0,0,0,0,0,No Failure,16.6
1683,M11682,M,296.93,307.25,1598.8,35.48,66.0,3.02,0,0,0,0,0,0,No Failure,219.6
1684,H11683,H,300.54,311.48,1460.3,25.35,107.6,2.41,0,0,0,0,0,0,No Failure,175.6
1685,L11684,L,302.3,315.08,1628.6,42.35,187.4,2.84,0,0,0,0,0,0,No Failure,63.7
1686,H11685,H,296.85,307.83,1712.1,32.97,68.5,2.52,0,0,0,0,0,0,No Failure,217.6
1687,H11686,H,300.82,309.64,1555.0,37.27,175.4,3.27,0,0,0,0,0,0,No Failure,80.9
1688,L11687,L,301.16,310.39,1608.4,39.22,51.9,2.75,0,0,0,0,0,0,No Failure,235.6
1689,M11688,M,295.88,308.16,1553.8,35.71,60.6,1.65,0,0,0,0,0,0,No Failure,226.0
1690,M11689,M,301.6,311.38,1419.8,44.1,246.6,1.62,0,0,0,0,0,0,No Failure,1.0
1691,L11690,L,301.75,311.8,1390.9,51.56,92.2,2.37,0,0,0,0,0,0,No Failure,178.5
1692,M11691,M,299.38,308.42,1286.9,49.46,182.4,2.86,0,0,0,0,0,0,No Failure,62.1
1693,L11692,L,302.5,314.07,1809.7,32.08,210.0,3.28,0,0,0,0,0,0,No Failure,48.5
1694,L11693,L,302.27,312.77,1498.0,39.19,86.7,2.1,0,0,0,0,0,0,No Failure,192.4
1695,L11694,L,300.21,309.43,1100.0,55.95,89.3,1.17,0,0,0,0,0,0,No Failure,180.0
1696,L11695,L,299.1,308.1,1609.0,31.47,193.3,2.76,0,0,0,0,0,0,No Failure,69.3
1697,L11696,L,298.05,308.36,1605.3,38.83,151.8,2.53,0,0,0,0,0,0,No Failure,112.0
1698,L11697,L,299.92,309.97,1203.9,54.63,90.4,2.59,0,0,0,0,0,0,No Failure,179.2
1699,H11698,H,301.14,311.97,1389.0,43.81,187.4,1.84,0,0,0,0,0,0,No Failure,62.1
1700,M11699,M,299.35,309.9,1381.1,40.47,215.9,4.99,1,0,0,0,0,1,TWF,1.1
1701,H11700,H,295.6,305.34,1405.1,40.69,58.8,2.01,0,0,0,0,0,0,No Failure,226.5
1702,L11701,L,302.54,311.99,1755.1,38.75,6.1,2.68,0,0,0,0,0,0,No Failure,292.5
1703,L11702,L,300.38,310.22,1511.4,32.0,68.5,2.67,0,0,0,0,0,0,No Failure,218.0
1704,M11703,M,299.24,308.69,1461.5,35.34,168.6,2.83,0,0,0,0,0,0,No Failure,94.7
1705,L11704,L,301.71,311.58,1738.9,23.26,228.8,4.17,1,0,0,0,0,1,TWF,2.8
1706,L11705,L,303.05,313.07,1626.7,37.12,215.8,1.95,0,0,0,0,0,0,No Failure,34.9
1707,M11706,M,294.4,303.5,1226.4,54.96,55.5,3.01,0,0,0,0,0,0,No Failure,225.7
1708,L11707,L,300.87,311.5,1427.6,51.35,220.3,5.91,0,0,0,1,0,1,OSF,1.0
1709,M11708,M,297.15,306.78,1595.6,48.44,202.7,2.7,0,0,0,0,0,0,No Failure,35.9
1710,M11709,M,301.0,310.16,1370.8,38.94,183.6,3.18,0,0,0,0,0,0,No Failure,72.4
1711,L11710,L,300.26,309.9,1901.3,33.31,172.1,2.71,0,0,0,0,0,0,No Failure,92.7
1712,L11711,L,301.27,311.51,1558.2,35.69,201.8,2.28,0,0,0,0,0,0,No Failure,53.9
1713,M11712,M,299.0,309.08,1403.1,54.29,215.4,2.81,0,0,0,0,0,0,No Failure,12.6
1714,L11713,L,296.25,306.68,1337.0,54.0,204.8,4.8,0,0,0,1,0,1,OSF,2.5
1715,L11714,L,299.1,310.0,1704.0,36.39,30.5,2.79,0,0,0,0,0,0,No Failure,262.7
1716,H11715,H,300.81,312.12,1422.0,37.86,180.5,1.97,0,0,0,0,0,0,No Failure,77.4
1717,L11716,L,302.03,312.32,1606.0,13.22,210.3,3.63,0,0,1,0,0,1,PWF,14.9
1718,M11717,M,297.66,306.59,1331.9,35.01,46.4,3.03,0,0,0,0,0,0,No Failure,242.2
1719,H11718,H,302.05,311.79,1550.6,25.73,53.4,2.41,0,0,0,0,0,0,No Failure,238.1
1720,L11719,L,298.7,307.7,1424.2,32.01,196.5,1.33,0,0,0,0,0,0,No Failure,64.7
1721,L11720,L,300.72,312.42,1481.5,53.65,86.0,1.68,0,0,0,0,0,0,No Failure,182.4
1722,L11721,L,298.98,310.97,1395.5,33.93,99.9,1.71,0,0,0,0,0,0,No Failure,179.2
1723,L11722,L,300.36,311.01,1721.6,27.42,94.3,3.14,0,0,0,0,0,0,No Failure,189.8
1724,L11723,L,301.78,312.64,1450.1,34.93,53.2,2.47,0,0,0,0,0,0,No Failure,235.4
1725,M11724,M,297.55,307.8,1512.3,57.86,234.7,5.07,1,0,1,1,0,1,TWF,1.9
1726,L11725,L,298.64,309.01,1521.0,39.01,201.5,2.29,0,0,0,0,0,0,No Failure,50.2
1727,M11726,M,300.37,308.77,1826.6,39.81,62.6,1.86,0,0,0,0,0,0,No Failure,210.1
1728,H11727,H,304.8,314.73,1697.4,36.58,26.5,2.96,0,0,0,0,0,0,No Failure,267.5
1729,H11728,H,298.27,307.39,1679.5,21.83,93.2,2.89,0,0,0,0,0,0,No Failure,194.3
1730,M11729,M,304.08,314.36,1255.6,58.52,103.8,2.08,0,0,0,0,0,0,No Failure,158.8
1731,L11730,L,304.01,313.95,1420.5,45.05,1.8,3.34,0,0,0,0,0,0,No Failure,297.7
1732,M11731,M,299.81,311.75,1750.8,33.42,221.8,5.93,1,0,0,0,0,1,TWF,14.5
1733,M11732,M,299.4,310.32,1328.4,57.49,212.8,4.79,0,0,0,1,0,1,OSF,4.8
1734,L11733,L,298.62,308.9,1553.0,36.21,212.5,2.33,0,0,0,0,0,0,No Failure,40.1
1735,L11734,L,299.86,309.6,1347.3,43.52,201.5,2.28,0,0,0,0,0,0,No Failure,44.6
1736,H11735,H,297.19,308.86,1365.3,41.53,183.3,2.69,0,0,0,0,0,0,No Failure,69.9
1737,L11736,L,299.85,309.82,1838.9,40.16,158.6,1.64,0,0,0,0,0,0,No Failure,102.2
1738,L11737,L,302.99,313.33,1666.7,41.69,240.1,2.08,0,0,0,0,0,0,No Failure,1.0
1739,L11738,L,298.78,308.82,1714.0,36.96,177.9,2.98,0,0,0,0,0,0,No Failure,81.6
1740,L11739,L,299.52,309.11,1678.3,28.39,157.6,1.55,0,0,0,0,0,0,No Failure,114.9
1741,H11740,H,296.6,306.63,1513.1,37.06,197.2,2.38,0,0,0,0,0,0,No Failure,57.8
1742,M11741,M,300.75,308.79,1414.2,35.06,61.6,1.76,0,0,0,0,0,0,No Failure,205.9
1743,M11742,M,300.53,308.98,1466.0,49.05,241.8,4.91,1,0,0,0,0,1,TWF,13.0
1744,L11743,L,300.13,310.48,1503.7,28.88,4.8,2.71,0,0,0,0,0,0,No Failure,294.4
1745,L11744,L,299.57,311.13,1856.0,43.49,162.1,1.62,0,0,0,0,0,0,No Failure,90.0
1746,L11745,L,299.41,309.76,1298.8,55.21,19.3,1.87,0,0,0,0,0,0,No Failure,274.2
1747,L11746,L,301.0,310.28,1438.9,35.27,213.3,2.51,0,0,0,0,0,0,No Failure,40.4
1748,L11747,L,299.94,308.5,1374.6,40.73,241.9,4.27,1,1,0,0,0,1,TWF,1.0
1749,M11748,M,300.63,311.41,1727.1,29.75,102.2,1.84,0,0,0,0,0,0,No Failure,179.1
1750,L11749,L,300.43,309.86,1869.8,35.1,214.3,2.01,0,0,0,0,0,0,No Failure,39.4
1751,M11750,M,302.25,312.89,1593.3,47.55,83.9,3.27,0,0,0,0,0,0,No Failure,191.5
1752,L11751,L,301.35,311.74,1608.0,45.61,39.9,2.15,0,0,0,0,0,0,No Failure,249.0
1753,L11752,L,300.39,310.86,1554.3,35.57,69.2,2.9,0,0,0,0,0,0,No Failure,215.7
1754,L11753,L,303.04,313.07,1616.3,45.91,75.5,2.22,0,0,0,0,0,0,No Failure,203.2
1755,H11754,H,300.84,311.22,1676.4,43.99,157.7,2.95,0,0,0,0,0,0,No Failure,99.6
1756,H11755,H,302.61,312.49,1614.2,35.85,199.0,1.57,0,0,0,0,0,0,No Failure,57.1
1757,H11756,H,301.21,310.58,1627.3,36.8,51.3,2.07,0,0,0,0,0,0,No Failure,237.1
1758,L11757,L,296.32,305.35,1676.8,46.57,22.1,2.43,0,0,0,0,0,0,No Failure,269.8
1759,L11758,L,302.61,310.22,1219.7,56.6,55.4,5.79,0,1,0,0,0,1,HDF,7.4
1760,M11759,M,300.27,310.09,1538.4,47.58,74.1,2.69,0,0,0,0,0,0,No Failure,204.2
1761,L11760,L,299.9,311.42,1592.6,55.77,70.0,4.44,0,0,1,0,0,1,PWF,12.5
1762,H11761,H,300.56,311.29,1612.5,41.04,55.0,2.8,0,0,0,0,0,0,No Failure,231.1
1763,L11762,L,299.31,309.54,1507.4,42.08,116.5,2.49,0,0,0,0,0,0,No Failure,153.3
1764,L11763,L,300.45,309.72,1566.8,47.8,214.0,2.6,0,0,0,0,0,0,No Failure,23.1
1765,L11764,L,298.82,309.81,1409.1,56.49,25.1,1.89,0,0,0,0,0,0,No Failure,262.8
1766,L11765,L,302.55,312.43,1220.3,44.89,215.5,1.53,0,0,0,0,0,0,No Failure,25.0
1767,M11766,M,299.77,311.35,1714.0,33.59,124.3,1.83,0,0,0,0,0,0,No Failure,150.1
1768,L11767,L,299.23,308.25,1334.9,37.82,165.1,1.49,0,0,0,0,0,0,No Failure,96.5
1769,L11768,L,298.15,307.4,1509.3,42.15,203.8,2.63,0,0,0,0,0,0,No Failure,43.3
1770,L11769,L,300.54,309.69,1403.9,48.96,76.1,3.06,0,0,0,0,0,0,No Failure,201.0
1771,L11770,L,300.37,308.89,1822.1,26.29,238.6,1.93,0,0,0,0,0,0,No Failure,13.2
1772,M11771,M,300.78,309.84,1523.7,47.31,20.9,3.11,0,0,0,0,0,0,No Failure,273.0
1773,H11772,H,297.95,308.05,1482.4,37.3,131.9,2.77,0,0,0,0,0,0,No Failure,137.8
1774,H11773,H,296.8,306.09,1671.9,32.14,63.7,2.17,0,0,0,0,0,0,No Failure,223.7
1775,M11774,M,301.25,307.39,1924.0,39.09,102.0,2.29,0,0,0,0,0,0,No Failure,116.3
1776,L11775,L,302.97,314.04,1610.6,32.88,112.2,3.17,0,0,0,0,0,0,No Failure,165.1
1777,M11776,M,297.95,306.26,1470.4,30.98,228.6,1.11,0,0,0,0,0,0,No Failure,14.1
1778,L11777,L,303.18,313.77,1662.7,41.29,110.4,3.17,0,0,0,0,0,0,No Failure,161.6
1779,L11778,L,300.57,310.6,1256.5,46.83,174.5,3.04,0,0,0,0,0,0,No Failure,75.2
1780,H11779,H,299.99,312.1,1546.3,47.19,237.9,3.71,1,0,0,0,0,1,TWF,2.5
1781,L11780,L,299.2,310.2,1894.9,37.49,123.6,2.44,0,0,0,0,0,0,No Failure,147.8
1782,H11781,H,297.23,306.73,1566.2,26.07,102.1,3.48,0,0,0,0,0,0,No Failure,181.5
1783,L11782,L,301.98,311.27,1557.3,47.74,243.2,3.77,1,0,0,1,0,1,TWF,12.9
1784,M11783,M,298.45,309.95,1541.7,52.22,206.9,2.39,0,0,0,0,0,0,No Failure,22.3
1785,M11784,M,298.44,306.96,1467.2,48.13,234.9,5.45,1,0,0,0,0,1,TWF,1.0
1786,H11785,H,301.98,312.17,1594.3,45.15,99.3,2.63,0,0,0,0,0,0,No Failure,173.1
1787,M11786,M,296.23,306.1,1676.8,34.05,174.1,2.53,0,0,0,0,0,0,No Failure,89.4
1788,M11787,M,296.95,306.61,1478.6,37.24,62.4,3.59,0,0,0,0,0,0,No Failure,223.3
1789,L11788,L,299.96,310.32,1100.0,56.03,216.5,5.05,1,0,0,1,0,1,TWF,3.7
1790,M11789,M,300.59,310.78,1621.3,43.45,233.3,1.86,0,0,0,0,0,0,No Failure,4.4
1791,L11790,L,300.97,311.43,1919.8,37.52,67.0,0.99,0,0,0,0,0,0,No Failure,217.6
1792,M11791,M,299.4,309.54,1470.6,37.73,26.2,1.85,0,0,0,0,0,0,No Failure,267.7
1793,M11792,M,305.06,315.48,1274.7,43.3,50.2,2.1,0,0,0,0,0,0,No Failure,236.4
1794,M11793,M,299.54,309.64,1659.3,25.73,158.2,2.69,0,0,0,0,0,0,No Failure,116.7
1795,L11794,L,299.54,308.88,1850.1,36.96,68.0,3.08,0,0,0,0,0,0,No Failure,216.5
1796,L11795,L,298.41,308.41,1632.8,34.02,159.7,1.92,0,0,0,0,0,0,No Failure,106.9
1797,M11796,M,300.25,309.53,1846.7,30.38,87.5,2.41,0,0,0,0,0,0,No Failure,196.1
1798,L11797,L,301.23,310.45,1680.1,47.81,229.2,6.73,1,0,0,0,0,1,TWF,10.7
1799,L11798,L,302.41,312.07,1664.5,40.24,113.1,2.39,0,0,0,0,0,0,No Failure,158.8
1800,L11799,L,297.02,306.9,1445.3,43.77,124.4,2.81,0,0,0,0,0,0,No Failure,142.1
1801,H11800,H,299.51,309.54,1589.1,43.57,87.0,3.17,0,0,0,0,0,0,No Failure,189.7
1802,M11801,M,300.89,311.81,1532.7,49.09,18.3,1.94,0,0,0,0,0,0,No Failure,276.2
1803,L11802,L,301.17,310.68,1526.6,27.98,123.4,1.82,0,0,0,0,0,0,No Failure,155.3
1804,L11803,L,300.01,310.21,1492.6,36.24,193.6,3.47,0,0,0,0,0,0,No Failure,63.2
1805,L11804,L,301.08,311.2,1578.4,36.39,238.3,2.85,0,0,0,0,0,0,No Failure,8.4
1806,M11805,M,298.38,307.77,1306.0,39.1,19.1,1.7,0,0,0,0,0,0,No Failure,276.3
1807,M11806,M,303.12,313.19,1683.3,33.79,199.3,1.87,0,0,0,0,0,0,No Failure,59.2
1808,L11807,L,301.99,312.99,1380.9,32.59,66.8,2.38,0,0,0,0,0,0,No Failure,219.8
1809,L11808,L,297.31,307.5,1493.2,46.64,205.7,3.34,0,0,0,0,0,0,No Failure,35.3
1810,L11809,L,297.85,308.08,1597.2,33.94,85.5,3.09,0,0,0,0,0,0,No Failure,196.6
1811,M11810,M,297.91,307.2,1372.0,45.14,28.6,3.14,0,0,0,0,0,0,No Failure,263.4
1812,M11811,M,301.36,313.32,1186.0,50.95,153.0,2.24,0,0,0,0,0,0,No Failure,99.0
1813,L11812,L,297.43,306.78,1469.4,44.73,223.5,4.46,1,0,0,0,0,1,TWF,10.3
1814,L11813,L,299.34,307.67,1281.8,29.58,45.4,5.15,0,1,0,0,0,1,HDF,2.6
1815,L11814,L,300.91,311.77,1665.5,39.18,5.5,2.25,0,0,0,0,0,0,No Failure,293.2
1816,H11815,H,299.87,309.75,1331.5,43.14,221.0,3.97,1,0,0,0,0,1,TWF,6.0
1817,L11816,L,300.52,310.21,1803.8,36.11,174.5,1.98,0,0,0,0,0,0,No Failure,86.8
1818,M11817,M,297.87,307.32,1537.0,30.78,202.2,2.06,0,0,0,0,0,0,No Failure,59.5
1819,M11818,M,301.19,313.06,1548.6,41.64,15.0,2.41,0,0,0,0,0,0,No Failure,281.2
1820,L11819,L,298.77,309.13,1183.5,59.79,222.6,5.18,0,0,0,1,0,1,OSF,2.8
1821,L11820,L,299.35,309.9,1563.9,39.69,104.8,3.5,0,0,0,0,0,0,No Failure,169.6
1822,L11821,L,300.48,310.64,1523.6,34.36,224.4,4.83,1,0,0,0,0,1,TWF,12.4
1823,M11822,M,300.21,310.48,1305.5,41.25,16.2,2.85,0,0,0,0,0,0,No Failure,279.6
1824,M11823,M,300.05,311.45,1553.6,42.65,221.2,2.39,0,0,0,0,0,0,No Failure,20.7
1825,M11824,M,298.5,308.25,1466.8,44.89,168.3,3.08,0,0,0,0,0,0,No Failure,85.1
1826,M11825,M,299.4,307.94,1499.2,42.52,138.6,1.75,0,0,0,0,0,0,No Failure,116.0
1827,L11826,L,300.0,310.87,1542.6,38.63,15.4,2.18,0,0,0,0,0,0,No Failure,280.9
1828,H11827,H,297.25,307.75,1453.6,42.7,172.1,2.9,0,0,0,0,0,0,No Failure,82.7
1829,M11828,M,299.07,309.18,1582.1,37.47,149.4,2.85,0,0,0,0,0,0,No Failure,116.1
1830,L11829,L,300.78,311.25,1522.5,36.74,181.6,2.86,0,0,0,0,0,0,No Failure,77.4
1831,H11830,H,297.45,307.07,1622.6,42.28,179.2,3.35,0,0,0,0,0,0,No Failure,74.2
1832,M11831,M,302.31,312.33,1443.4,43.74,110.9,1.46,0,0,0,0,0,0,No Failure,159.2
1833,M11832,M,302.54,312.41,1347.4,53.56,51.2,1.75,0,0,0,0,0,0,No Failure,232.0
1834,M11833,M,297.51,306.92,1411.1,50.34,229.7,5.49,1,0,0,0,0,1,TWF,3.5
1835,H11834,H,302.72,313.9,1796.2,35.35,231.4,5.85,1,0,0,0,0,1,TWF,13.9
1836,M11835,M,299.71,308.3,1709.1,39.27,53.0,2.89,0,0,0,0,0,0,No Failure,226.0
1837,L11836,L,300.84,313.2,1755.2,27.48,157.7,4.13,0,0,0,0,0,0,No Failure,115.7
1838,L11837,L,299.01,309.88,1767.6,33.4,50.7,1.95,0,0,0,0,0,0,No Failure,238.9
1839,H11838,H,301.85,310.07,1454.5,43.65,215.3,2.72,0,0,0,0,0,0,No Failure,11.3
1840,L11839,L,300.81,310.59,1591.0,26.63,24.6,2.46,0,0,0,0,0,0,No Failure,271.4
1841,L11840,L,298.37,308.2,1551.6,41.68,247.5,6.1,1,0,0,0,0,1,TWF,11.4
1842,L11841,L,297.67,308.06,1656.1,29.52,152.7,2.73,0,0,0,0,0,0,No Failure,119.5
1843,L11842,L,297.08,306.09,1486.2,34.42,5.7,2.19,0,0,0,0,0,0,No Failure,293.1
1844,M11843,M,300.38,310.41,1554.6,34.89,220.5,2.73,0,0,0,0,0,0,No Failure,32.2
1845,H11844,H,301.14,311.02,1550.9,38.47,171.1,2.55,0,0,0,0,0,0,No Failure,88.4
1846,L11845,L,301.3,310.56,1633.3,27.44,174.3,2.58,0,0,0,0,0,0,No Failure,96.2
1847,L11846,L,299.76,308.89,1655.4,42.24,68.8,3.18,0,0,0,0,0,0,No Failure,213.4
1848,L11847,L,297.69,308.6,1554.8,39.83,84.2,3.99,0,0,0,0,0,0,No Failure,195.2
1849,H11848,H,298.64,306.94,1560.2,51.93,228.6,1.35,0,0,0,0,0,0,No Failure,1.0
1850,M11849,M,302.3,312.78,1578.4,40.11,158.7,3.27,0,0,0,0,0,0,No Failure,102.1
1851,L11850,L,299.03,309.83,1832.7,36.73,4.2,2.89,0,0,0,0,0,0,No Failure,294.8
1852,H11851,H,300.29,310.07,1228.3,42.87,81.9,2.05,0,0,0,0,0,0,No Failure,196.6
1853,H11852,H,297.85,307.9,1364.4,35.7,149.6,2.28,0,0,0,0,0,0,No Failure,117.5
1854,H11853,H,300.67,311.84,1658.6,40.51,37.0,3.03,0,0,0,0,0,0,No Failure,253.8
1855,H11854,H,299.08,308.38,1586.3,30.17,24.6,2.53,0,0,0,0,0,0,No Failure,270.9
1856,L11855,L,302.09,311.49,1585.0,42.35,14.8,2.47,0,0,0,0,0,0,No Failure,281.3
1857,M11856,M,301.55,311.05,1657.5,48.15,157.6,2.09,0,0,0,0,0,0,No Failure,92.1
1858,L11857,L,299.01,310.17,1576.3,44.68,80.1,2.04,0,0,0,0,0,0,No Failure,197.8
1859,H11858,H,299.75,311.04,1437.9,45.72,93.4,1.92,0,0,0,0,0,0,No Failure,180.3
1860,M11859,M,298.9,307.5,1650.6,38.24,15.0,2.19,0,0,0,0,0,0,No Failure,273.5
1861,M11860,M,297.16,308.17,1541.7,36.23,184.5,2.42,0,0,0,0,0,0,No Failure,74.4
1862,M11861,M,298.29,309.1,1457.9,40.35,191.7,2.71,0,0,0,0,0,0,No Failure,60.7
1863,L11862,L,300.4,311.95,1661.6,32.15,207.4,2.01,0,0,0,0,0,0,No Failure,51.6
1864,M11863,M,300.65,311.04,1654.5,27.06,162.9,2.95,0,0,0,0,0,0,No Failure,110.0
1865,H11864,H,300.3,310.25,1576.4,38.31,193.3,1.96,0,0,0,0,0,0,No Failure,61.1
1866,H11865,H,299.4,310.54,1845.4,40.27,144.3,2.96,0,0,0,0,0,0,No Failure,119.9
1867,L11866,L,301.87,312.57,1775.5,24.77,122.9,1.98,0,0,0,0,0,0,No Failure,158.4
1868,L11867,L,300.13,312.37,1717.3,44.73,65.0,3.71,0,0,0,0,0,0,No Failure,216.7
1869,L11868,L,301.41,312.37,1997.4,38.56,13.3,2.89,0,0,0,0,0,0,No Failure,282.8
1870,M11869,M,296.45,306.61,1511.8,42.47,73.0,3.0,0,0,0,0,0,0,No Failure,208.0
1871,H11870,H,292.16,300.98,1454.8,44.08,170.9,2.4,0,0,0,0,0,0,No Failure,79.3
1872,L11871,L,300.57,309.99,1692.0,34.16,231.7,6.25,1,0,0,0,0,1,TWF,8.1
1873,M11872,M,297.15,305.71,1492.8,40.49,64.1,1.75,0,0,0,0,0,0,No Failure,211.3
1874,H11873,H,299.58,309.36,1540.1,35.71,167.5,1.91,0,0,0,0,0,0,No Failure,95.7
1875,M11874,M,299.4,310.32,1361.5,44.29,119.6,2.32,0,0,0,0,0,0,No Failure,147.9
1876,M11875,M,303.17,313.17,1646.6,37.42,156.9,3.41,0,0,0,0,0,0,No Failure,107.0
1877,M11876,M,300.8,311.82,1274.7,60.24,0.4,3.1,0,0,0,0,0,0,No Failure,299.0
1878,M11877,M,300.33,310.67,1520.7,43.41,30.7,1.16,0,0,0,0,0,0,No Failure,261.1
1879,L11878,L,301.67,311.27,1535.3,37.62,54.3,1.91,0,0,0,0,0,0,No Failure,233.2
1880,M11879,M,300.74,310.82,1459.9,40.4,223.4,4.69,1,0,0,0,0,1,TWF,10.3
1881,M11880,M,299.08,309.56,1223.5,44.05,10.1,3.25,0,0,0,0,0,0,No Failure,287.1
1882,H11881,H,302.14,312.28,1222.1,45.26,142.4,2.65,0,0,0,0,0,0,No Failure,117.9
1883,M11882,M,297.78,307.93,1404.4,49.1,232.2,3.69,1,0,0,0,0,1,TWF,8.8
1884,M11883,M,300.65,309.88,1634.5,33.25,163.0,1.8,0,0,0,0,0,0,No Failure,103.6
1885,L11884,L,296.9,306.47,1589.7,33.42,121.1,2.93,0,0,0,0,0,0,No Failure,154.0
1886,L11885,L,300.41,312.67,1535.1,34.94,96.5,2.62,0,0,0,0,0,0,No Failure,182.8
1887,L11886,L,300.39,311.61,1379.7,38.38,156.0,2.58,0,0,0,0,0,0,No Failure,107.1
1888,L11887,L,303.35,311.88,1599.1,45.41,120.1,3.17,0,0,0,0,0,0,No Failure,136.9
1889,M11888,M,296.87,304.5,1216.0,50.34,176.4,5.68,0,1,0,0,0,1,HDF,13.1
1890,H11889,H,298.8,308.87,1109.0,52.13,154.4,2.92,0,0,0,0,0,0,No Failure,96.0
1891,L11890,L,301.65,312.54,1494.5,40.35,141.9,3.49,0,0,0,0,0,0,No Failure,122.9
1892,L11891,L,300.67,310.15,1440.3,43.18,239.2,2.63,0,0,0,0,0,0,No Failure,1.0
1893,H11892,H,300.36,311.38,1719.4,29.67,208.9,1.96,0,0,0,0,0,0,No Failure,52.9
1894,L11893,L,298.09,308.15,1566.3,28.58,152.2,2.24,0,0,0,0,0,0,No Failure,121.0
1895,M11894,M,298.82,308.66,1833.5,42.09,134.7,1.96,0,0,0,0,0,0,No Failure,129.6
1896,M11895,M,302.49,313.25,1439.9,48.59,181.0,1.16,0,0,0,0,0,0,No Failure,64.9
1897,M11896,M,299.9,309.37,1625.1,39.56,201.0,2.03,0,0,0,0,0,0,No Failure,50.1
1898,L11897,L,300.75,310.46,1492.8,46.63,73.8,2.88,0,0,0,0,0,0,No Failure,205.0
1899,L11898,L,299.77,310.44,1785.3,47.01,166.7,2.51,0,0,0,0,0,0,No Failure,77.1
1900,M11899,M,297.63,307.6,1501.5,36.21,33.8,3.32,0,0,0,0,0,0,No Failure,258.7
1901,M11900,M,301.87,313.78,1690.9,27.64,107.6,2.59,0,0,0,0,0,0,No Failure,174.1
1902,L11901,L,301.01,311.7,1345.1,49.24,234.6,6.38,1,0,0,1,0,1,TWF,1.8
1903,M11902,M,304.61,315.24,1463.7,30.72,81.6,1.44,0,0,0,0,0,0,No Failure,203.0
1904,L11903,L,297.97,307.92,1523.0,39.66,38.6,2.24,0,0,0,0,0,0,No Failure,252.0
1905,M11904,M,301.65,312.52,1764.2,31.92,36.5,2.34,0,0,0,0,0,0,No Failure,256.3
1906,L11905,L,297.38,307.05,1144.7,57.13,98.4,2.0,0,0,0,0,0,0,No Failure,167.0
1907,H11906,H,300.31,310.6,1478.5,37.21,56.3,3.42,0,0,0,0,0,0,No Failure,230.8
1908,L11907,L,301.95,311.04,1472.4,49.15,106.7,1.34,0,0,0,0,0,0,No Failure,161.0
1909,L11908,L,295.86,306.9,1166.2,46.22,179.7,2.43,0,0,0,0,0,0,No Failure,69.2
1910,L11909,L,299.59,309.88,1454.9,46.18,222.0,3.18,0,0,0,0,0,0,No Failure,14.9
1911,L11910,L,298.87,310.86,1262.2,42.87,27.5,2.96,0,0,0,0,0,0,No Failure,265.2
1912,H11911,H,298.6,310.99,1120.8,57.37,192.1,2.27,0,0,0,0,0,0,No Failure,40.1
1913,H11912,H,300.77,311.53,1491.0,33.14,25.9,1.96,0,0,0,0,0,0,No Failure,268.9
1914,L11913,L,302.24,312.31,1485.0,40.24,94.9,3.15,0,0,0,0,0,0,No Failure,181.7
1915,L11914,L,299.73,308.79,1494.2,49.41,249.1,5.47,1,0,0,1,0,1,TWF,9.1
1916,M11915,M,300.41,311.32,1583.3,38.7,17.2,2.0,0,0,0,0,0,0,No Failure,278.7
1917,H11916,H,300.23,310.44,1380.6,51.74,5.7,3.1,0,0,0,0,0,0,No Failure,292.5
1918,M11917,M,300.0,310.54,1858.6,32.1,83.4,2.68,0,0,0,0,0,0,No Failure,200.1
1919,L11918,L,297.82,309.55,1532.0,35.63,237.8,4.39,1,0,0,0,0,1,TWF,10.5
1920,L11919,L,302.22,311.39,1768.3,35.14,5.0,2.7,0,0,0,0,0,0,No Failure,293.9
1921,M11920,M,300.59,309.67,1237.3,52.82,55.7,2.77,0,0,0,0,0,0,No Failure,226.2
1922,L11921,L,300.79,310.55,1388.6,29.87,150.8,2.47,0,0,0,0,0,0,No Failure,121.5
1923,M11922,M,298.39,309.21,1660.9,39.78,58.4,2.59,0,0,0,0,0,0,No Failure,227.3
1924,L11923,L,299.08,309.64,1497.4,33.49,13.5,1.2,0,0,0,0,0,0,No Failure,283.8
1925,M11924,M,299.65,308.75,1345.9,36.26,13.1,2.44,0,0,0,0,0,0,No Failure,284.0
1926,L11925,L,296.93,307.69,1208.9,53.4,139.8,2.12,0,0,0,0,0,0,No Failure,114.3
1927,M11926,M,296.62,305.42,1669.2,45.31,140.5,2.02,0,0,0,0,0,0,No Failure,116.3
1928,L11927,L,298.8,307.96,1654.6,37.78,176.6,2.09,0,0,0,0,0,0,No Failure,82.3
1929,M11928,M,301.05,310.93,1581.6,28.45,32.9,2.2,0,0,0,0,0,0,No Failure,261.3
1930,L11929,L,298.69,308.14,1449.2,36.71,125.0,2.32,0,0,0,0,0,0,No Failure,146.8
1931,M11930,M,297.96,308.85,1338.8,41.89,150.2,2.6,0,0,0,0,0,0,No Failure,111.0
1932,M11931,M,298.37,308.66,1528.5,40.63,55.6,2.06,0,0,0,0,0,0,No Failure,230.5
1933,M11932,M,299.09,310.85,1302.6,45.56,136.8,2.81,0,0,0,0,0,0,No Failure,124.8
1934,M11933,M,299.29,309.05,1403.5,46.22,177.1,2.94,0,0,0,0,0,0,No Failure,72.6
1935,M11934,M,304.33,314.21,1763.8,41.02,247.7,4.99,1,0,0,0,0,1,TWF,11.7
1936,H11935,H,302.11,313.32,1206.7,52.14,149.1,3.06,0,0,0,0,0,0,No Failure,103.1
1937,L11936,L,302.05,311.96,1659.3,42.45,215.3,4.54,1,0,0,0,0,1,TWF,3.7
1938,H11937,H,302.34,313.83,1805.5,31.34,208.4,5.07,1,0,0,0,0,1,TWF,11.6
1939,L11938,L,298.0,308.54,1684.1,58.7,235.1,4.85,1,0,1,1,0,1,TWF,6.7
1940,L11939,L,297.56,305.2,1609.3,41.16,180.8,2.25,0,0,0,0,0,0,No Failure,46.4
1941,L11940,L,297.79,308.96,1455.0,46.02,53.3,1.8,0,0,0,0,0,0,No Failure,231.6
1942,L11941,L,302.67,313.58,1422.4,54.49,74.5,2.2,0,0,0,0,0,0,No Failure,199.3
1943,M11942,M,298.91,309.86,1135.6,53.45,196.2,3.48,0,0,0,0,0,0,No Failure,39.3
1944,M11943,M,297.5,305.59,1544.6,34.33,130.2,2.05,0,0,0,0,0,0,No Failure,124.1
1945,M11944,M,299.14,308.48,1466.0,50.07,62.8,2.02,0,0,0,0,0,0,No Failure,217.8
1946,M11945,M,299.52,308.93,1413.1,52.02,164.2,2.17,0,0,0,0,0,0,No Failure,83.3
1947,L11946,L,300.54,309.7,1534.4,40.18,226.6,5.06,1,0,0,0,0,1,TWF,13.3
1948,L11947,L,300.5,312.24,1549.2,51.05,89.4,2.71,0,0,0,0,0,0,No Failure,179.7
1949,L11948,L,298.34,308.33,1424.2,41.54,149.1,2.92,0,0,0,0,0,0,No Failure,112.8
1950,L11949,L,301.37,311.33,1826.7,39.37,145.4,4.02,0,0,0,0,0,0,No Failure,119.4
1951,L11950,L,298.72,309.27,1668.8,46.56,31.7,2.99,0,0,0,0,0,0,No Failure,257.8
1952,L11951,L,299.69,310.26,1698.4,36.01,22.6,3.04,0,0,0,0,0,0,No Failure,272.4
1953,M11952,M,301.37,308.04,1519.5,42.68,222.4,7.42,1,0,0,0,0,1,TWF,1.0
1954,M11953,M,298.72,308.07,1629.5,44.0,233.4,5.68,1,0,0,0,0,1,TWF,14.8
1955,H11954,H,298.86,307.45,1377.7,40.99,226.1,4.29,1,1,0,0,0,1,TWF,9.7
1956,H11955,H,301.18,311.58,1657.3,30.51,99.2,2.32,0,0,0,0,0,0,No Failure,182.2
1957,M11956,M,298.28,308.0,1501.4,49.29,71.9,3.13,0,0,0,0,0,0,No Failure,206.3
1958,L11957,L,299.23,309.25,1355.1,46.43,235.5,4.44,1,0,0,0,0,1,TWF,9.2
1959,M11958,M,301.11,309.03,1533.9,35.58,220.7,4.23,1,0,0,0,0,1,TWF,3.1
1960,M11959,M,304.11,313.8,1485.7,41.04,205.0,2.01,0,0,0,0,0,0,No Failure,43.3
1961,L11960,L,301.21,312.33,1953.8,34.27,83.5,2.99,0,0,0,0,0,0,No Failure,198.8
1962,L11961,L,300.95,312.35,1615.9,26.15,159.7,2.86,0,0,0,0,0,0,No Failure,114.6
1963,H11962,H,301.06,311.78,1820.8,37.97,187.6,2.4,0,0,0,0,0,0,No Failure,68.6
1964,L11963,L,297.85,306.52,1740.5,37.33,144.0,3.14,0,0,0,0,0,0,No Failure,116.2
1965,M11964,M,300.23,311.49,1544.8,50.43,150.5,2.86,0,0,0,0,0,0,No Failure,101.2
1966,M11965,M,299.94,310.66,1458.6,39.6,189.2,2.71,0,0,0,0,0,0,No Failure,64.7
1967,L11966,L,300.64,310.53,1226.5,58.56,191.7,4.83,0,0,0,1,0,1,OSF,3.8
1968,L11967,L,300.23,308.21,1382.1,43.1,60.0,3.04,0,0,0,0,0,0,No Failure,203.6
1969,L11968,L,300.76,311.71,1656.6,37.19,97.7,2.95,0,0,0,0,0,0,No Failure,180.0
1970,L11969,L,299.38,308.78,1483.9,42.4,195.3,2.34,0,0,0,0,0,0,No Failure,53.7
1971,L11970,L,300.12,310.46,1605.3,52.03,65.4,2.99,0,0,0,0,0,0,No Failure,206.2
1972,H11971,H,297.54,307.61,1174.6,42.41,228.9,2.11,0,0,0,0,0,0,No Failure,11.4
1973,L11972,L,299.36,310.9,1619.2,40.52,209.7,2.64,0,0,0,0,0,0,No Failure,38.0
1974,M11973,M,302.78,312.66,1734.3,34.89,223.9,4.33,1,0,0,0,0,1,TWF,4.5
1975,L11974,L,300.64,310.62,1220.1,48.97,74.3,2.3,0,0,0,0,0,0,No Failure,203.3
1976,H11975,H,299.96,311.54,1604.5,41.48,26.3,2.58,0,0,0,0,0,0,No Failure,267.0
1977,L11976,L,303.79,313.13,1778.5,41.48,25.1,2.86,0,0,0,0,0,0,No Failure,268.4
1978,L11977,L,297.28,308.09,1838.7,36.35,139.0,1.85,0,0,0,0,0,0,No Failure,129.9
1979,H11978,H,297.78,307.58,1447.9,50.09,76.4,2.61,0,0,0,0,0,0,No Failure,200.1
1980,H11979,H,303.43,312.42,1677.6,34.01,65.9,3.83,0,0,0,0,0,0,No Failure,220.3
1981,L11980,L,300.09,310.09,1793.9,33.11,55.6,2.0,0,0,0,0,0,0,No Failure,233.1
1982,H11981,H,299.51,310.21,1609.8,30.26,140.5,3.12,0,0,0,0,0,0,No Failure,133.3
1983,L11982,L,297.6,308.96,1768.0,47.82,137.0,2.44,0,0,0,0,0,0,No Failure,114.1
1984,L11983,L,300.9,312.37,1531.6,37.87,105.6,3.21,0,0,0,0,0,0,No Failure,169.8
1985,L11984,L,301.09,310.79,1608.6,35.22,34.6,2.07,0,0,0,0,0,0,No Failure,257.9
1986,L11985,L,297.81,306.82,1426.7,46.3,232.2,2.5,0,0,0,0,0,0,No Failure,1.6
1987,M11986,M,299.72,309.4,1508.5,47.52,107.0,3.83,0,0,0,0,0,0,No Failure,161.7
1988,L11987,L,299.33,308.15,1615.6,32.29,30.9,2.4,0,0,0,0,0,0,No Failure,259.3
1989,L11988,L,300.51,310.29,1413.3,50.76,9.3,2.88,0,0,0,0,0,0,No Failure,287.8
1990,M11989,M,297.76,307.42,1498.0,37.93,38.1,2.86,0,0,0,0,0,0,No Failure,252.9
1991,M11990,M,302.5,313.23,1674.2,45.85,74.3,1.28,0,0,0,0,0,0,No Failure,204.4
1992,L11991,L,301.83,309.63,1905.4,27.7,157.5,2.77,0,0,0,0,0,0,No Failure,91.5
1993,M11992,M,299.27,308.54,1171.2,56.38,242.7,4.51,1,0,0,1,0,1,TWF,2.0
1994,L11993,L,299.57,308.84,1891.8,32.01,68.0,2.88,0,0,0,0,0,0,No Failure,218.6
1995,M11994,M,299.73,310.91,1491.5,32.34,197.5,2.57,0,0,0,0,0,0,No Failure,63.2
1996,M11995,M,298.44,307.33,1710.7,25.16,227.8,1.83,0,0,0,0,0,0,No Failure,34.6
1997,H11996,H,299.11,309.34,1745.8,29.17,97.9,1.79,0,0,0,0,0,0,No Failure,184.5
1998,L11997,L,299.46,309.33,1818.0,39.95,63.3,2.46,0,0,0,0,0,0,No Failure,221.1
1999,L11998,L,303.23,314.27,1407.7,29.02,122.8,3.99,0,0,0,0,0,0,No Failure,155.3
2000,L11999,L,301.89,312.49,1497.7,42.4,224.2,3.47,0,0,0,0,0,0,No Failure,17.3
2001,L12000,L,301.87,311.99,1528.4,40.98,2.7,2.72,0,0,0,0,0,0,No Failure,296.6
2002,L12001,L,300.74,310.19,1474.0,28.93,121.7,2.81,0,0,0,0,0,0,No Failure,156.7
2003,H12002,H,297.77,305.91,1774.1,28.24,189.4,2.86,0,0,0,0,0,0,No Failure,60.6
2004,L12003,L,299.92,310.16,1524.2,33.77,150.3,2.18,0,0,0,0,0,0,No Failure,118.5
2005,L12004,L,301.94,312.47,1248.3,48.43,124.3,2.08,0,0,0,0,0,0,No Failure,138.6
2006,M12005,M,297.48,305.91,1424.7,52.38,138.4,3.01,0,0,0,0,0,0,No Failure,105.5
2007,L12006,L,301.27,310.04,1255.5,55.32,154.8,2.14,0,0,0,0,0,0,No Failure,87.8
2008,M12007,M,304.65,314.9,1497.1,37.55,170.5,3.36,0,0,0,0,0,0,No Failure,90.1
2009,L12008,L,302.12,312.46,1658.4,30.37,89.0,1.69,0,0,0,0,0,0,No Failure,194.3
2010,L12009,L,302.83,311.84,1420.8,31.32,129.3,1.96,0,0,0,0,0,0,No Failure,145.7
2011,L12010,L,300.44,309.86,1465.9,38.28,68.4,3.35,0,0,0,0,0,0,No Failure,215.5
2012,L12011,L,301.94,310.1,1488.8,34.01,246.0,4.47,1,0,0,0,0,1,TWF,12.2
2013,H12012,H,298.56,309.94,1563.2,38.13,46.8,2.43,0,0,0,0,0,0,No Failure,242.2
2014,L12013,L,301.59,310.29,1630.4,36.81,37.7,2.89,0,0,0,0,0,0,No Failure,247.8
2015,M12014,M,301.31,311.85,1682.5,32.33,67.2,3.2,0,0,0,0,0,0,No Failure,219.4
2016,L12015,L,300.58,310.54,1941.7,27.72,230.0,2.87,0,0,0,0,0,0,No Failure,30.8
2017,L12016,L,302.63,313.92,1560.1,33.6,164.7,2.67,0,0,0,0,0,0,No Failure,101.2
2018,H12017,H,298.92,308.13,1669.7,32.35,114.0,2.98,0,0,0,0,0,0,No Failure,163.3
2019,L12018,L,299.63,309.69,1253.8,57.9,231.3,4.26,0,0,0,1,0,1,OSF,13.4
2020,M12019,M,300.19,308.49,1470.1,44.44,225.0,3.15,0,0,0,0,0,0,No Failure,1.0
2021,H12020,H,297.94,306.0,1489.6,44.0,100.4,4.21,0,0,0,0,0,0,No Failure,153.6
2022,M12021,M,300.45,311.05,1355.9,51.33,140.9,2.8,0,0,0,0,0,0,No Failure,114.6
2023,H12022,H,296.56,304.78,1442.1,48.07,226.3,1.98,0,0,0,0,0,0,No Failure,1.0
2024,L12023,L,302.09,311.87,1518.8,49.48,79.8,3.12,0,0,0,0,0,0,No Failure,195.8
2025,L12024,L,300.09,311.1,1447.7,45.56,101.9,2.41,0,0,0,0,0,0,No Failure,169.5
2026,L12025,L,298.96,309.7,2003.7,31.38,198.3,2.7,0,0,0,0,0,0,No Failure,63.5
2027,M12026,M,298.33,307.67,1629.7,32.68,174.7,2.72,0,0,0,0,0,0,No Failure,90.2
2028,H12027,H,299.53,307.94,1896.2,25.87,12.2,2.15,0,0,0,0,0,0,No Failure,274.1
2029,L12028,L,301.38,311.89,1805.2,39.41,29.3,2.28,0,0,0,0,0,0,No Failure,263.5
2030,M12029,M,301.1,312.44,1423.6,41.37,211.6,1.11,0,0,0,0,0,0,No Failure,34.6
2031,L12030,L,298.59,307.93,1544.7,29.32,7.4,2.44,0,0,0,0,0,0,No Failure,291.2
2032,M12031,M,298.31,307.5,1460.2,26.44,230.0,2.84,0,0,0,0,0,0,No Failure,32.6
2033,L12032,L,301.31,310.79,1509.0,54.79,67.9,2.51,0,0,0,0,0,0,No Failure,202.6
2034,H12033,H,298.56,309.13,1363.2,37.11,149.6,2.22,0,0,0,0,0,0,No Failure,116.2
2035,M12034,M,300.12,311.35,1459.0,36.32,141.1,2.73,0,0,0,0,0,0,No Failure,127.3
2036,L12035,L,300.25,309.01,1602.4,46.04,99.1,1.93,0,0,0,0,0,0,No Failure,168.1
2037,L12036,L,300.62,309.13,1597.6,29.1,7.9,1.87,0,0,0,0,0,0,No Failure,280.8
2038,L12037,L,301.72,314.06,1583.4,41.61,48.1,2.82,0,0,0,0,0,0,No Failure,239.6
2039,L12038,L,297.47,307.3,1527.3,52.04,153.7,2.85,0,0,0,0,0,0,No Failure,93.8
2040,L12039,L,296.18,306.43,1692.1,50.26,111.6,2.81,0,0,0,0,0,0,No Failure,144.8
2041,H12040,H,298.87,308.17,1492.0,37.08,103.5,2.32,0,0,0,0,0,0,No Failure,172.9
2042,M12041,M,303.6,314.09,1787.1,33.49,24.4,3.16,0,0,0,0,0,0,No Failure,270.5
2043,M12042,M,304.04,315.0,1207.3,46.92,86.8,1.83,0,0,0,0,0,0,No Failure,188.2
2044,L12043,L,303.66,313.96,1655.6,36.12,131.6,2.32,0,0,0,0,0,0,No Failure,139.1
2045,H12044,H,299.61,311.35,1625.4,46.0,19.4,2.95,0,0,0,0,0,0,No Failure,275.1
2046,M12045,M,296.44,306.11,1417.3,32.54,16.7,3.02,0,0,0,0,0,0,No Failure,280.0
2047,L12046,L,295.31,305.05,1474.4,45.23,122.9,2.04,0,0,0,0,0,0,No Failure,142.9
2048,M12047,M,298.77,309.0,1621.2,35.64,140.3,3.79,0,0,0,0,0,0,No Failure,128.9
2049,M12048,M,299.6,310.07,1702.0,44.83,64.4,2.42,0,0,0,0,0,0,No Failure,217.8
2050,L12049,L,302.6,312.83,1224.8,58.19,81.4,2.55,0,0,0,0,0,0,No Failure,189.4
2051,L12050,L,301.74,310.45,1650.5,33.5,199.2,3.09,0,0,0,0,0,0,No Failure,54.0
2052,L12051,L,300.45,310.77,1456.1,40.43,217.3,6.13,1,0,0,0,0,1,TWF,12.4
2053,L12052,L,298.22,307.85,1739.4,40.74,81.3,2.54,0,0,0,0,0,0,No Failure,198.3
2054,H12053,H,298.08,307.5,1208.8,56.52,88.9,3.2,0,0,0,0,0,0,No Failure,180.1
2055,H12054,H,300.51,310.54,1975.7,13.06,207.6,4.14,0,0,1,0,0,1,PWF,4.4
2056,M12055,M,301.39,310.43,1379.4,49.72,243.5,6.16,1,0,0,1,0,1,TWF,5.6
2057,L12056,L,300.78,309.65,1794.0,44.97,80.1,2.52,0,0,0,0,0,0,No Failure,190.5
2058,L12057,L,297.93,305.32,1525.6,41.12,197.2,2.69,0,0,0,0,0,0,No Failure,20.6
2059,M12058,M,301.3,313.05,1391.5,49.77,119.9,2.29,0,0,0,0,0,0,No Failure,143.3
2060,M12059,M,300.85,311.41,1585.5,46.8,65.9,2.63,0,0,0,0,0,0,No Failure,215.1
2061,L12060,L,297.86,307.74,1722.2,36.39,170.4,2.06,0,0,0,0,0,0,No Failure,91.4
2062,M12061,M,298.43,307.76,1260.1,53.32,115.6,2.46,0,0,0,0,0,0,No Failure,146.4
2063,H12062,H,301.38,308.5,1663.6,36.16,67.0,2.51,0,0,0,0,0,0,No Failure,180.5
2064,L12063,L,299.53,308.8,1535.8,38.7,26.8,1.87,0,0,0,0,0,0,No Failure,266.8
2065,L12064,L,303.18,313.89,1641.3,31.93,216.7,4.59,1,0,0,0,0,1,TWF,9.5
2066,M12065,M,301.0,311.94,1540.0,40.17,219.7,1.24,0,0,0,0,0,0,No Failure,26.0
2067,L12066,L,299.03,309.67,1435.6,55.0,18.7,1.76,0,0,0,0,0,0,No Failure,272.2
2068,L12067,L,299.98,310.14,1338.8,38.5,165.8,2.49,0,0,0,0,0,0,No Failure,94.9
2069,L12068,L,300.13,311.43,1658.4,40.5,40.6,3.08,0,0,0,0,0,0,No Failure,249.2
2070,L12069,L,298.54,308.21,1657.4,38.45,161.6,2.29,0,0,0,0,0,0,No Failure,100.2
2071,M12070,M,298.17,309.26,1656.5,46.54,226.9,4.36,1,0,0,0,0,1,TWF,2.0
2072,M12071,M,301.4,311.02,1614.5,48.8,65.1,3.2,0,0,0,0,0,0,No Failure,212.9
2073,L12072,L,301.69,310.81,1707.1,28.68,87.0,3.0,0,0,0,0,0,0,No Failure,197.7
2074,H12073,H,301.21,310.2,1789.7,29.51,198.8,2.99,0,0,0,0,0,0,No Failure,65.0
2075,H12074,H,303.03,311.97,1202.1,46.27,183.8,2.57,0,0,0,0,0,0,No Failure,62.5
2076,H12075,H,298.92,309.58,1118.8,50.24,102.2,2.21,0,0,0,0,0,0,No Failure,166.3
2077,L12076,L,303.35,312.61,1845.5,29.72,212.1,2.74,0,0,0,0,0,0,No Failure,49.1
2078,L12077,L,298.2,307.17,1298.0,48.66,230.1,5.05,1,0,0,1,0,1,TWF,12.3
2079,H12078,H,297.97,308.69,1343.6,38.7,113.2,3.58,0,0,0,0,0,0,No Failure,159.9
2080,M12079,M,296.48,306.81,1486.5,35.39,9.9,3.94,0,0,0,0,0,0,No Failure,288.0
2081,L12080,L,299.11,310.07,1241.9,42.78,127.4,3.42,0,0,0,0,0,0,No Failure,139.1
2082,L12081,L,298.99,309.51,1469.7,44.27,184.9,2.53,0,0,0,0,0,0,No Failure,64.7
2083,L12082,L,301.05,310.3,1368.3,43.4,55.0,1.78,0,0,0,0,0,0,No Failure,230.3
2084,H12083,H,300.49,310.56,1496.2,38.41,24.9,2.86,0,0,0,0,0,0,No Failure,269.3
2085,M12084,M,297.61,307.74,1588.1,31.89,71.3,3.16,0,0,0,0,0,0,No Failure,214.7
2086,L12085,L,299.21,308.3,1476.5,29.41,2.9,0.97,0,0,0,0,0,0,No Failure,296.6
2087,L12086,L,299.26,308.15,1467.5,52.31,178.9,1.61,0,0,0,0,0,0,No Failure,61.1
2088,M12087,M,296.45,305.77,1584.2,35.85,36.5,2.23,0,0,0,0,0,0,No Failure,255.4
2089,H12088,H,298.04,310.07,1724.9,53.76,180.9,4.65,0,0,1,0,0,1,PWF,2.9
2090,L12089,L,298.46,308.05,1824.9,38.29,58.6,1.53,0,0,0,0,0,0,No Failure,227.5
2091,M12090,M,302.87,314.1,1498.9,52.83,248.0,4.46,1,0,0,1,0,1,TWF,2.5
2092,H12091,H,300.38,309.91,1864.7,39.13,132.9,3.24,0,0,0,0,0,0,No Failure,135.0
2093,L12092,L,301.32,312.21,1694.9,36.51,10.3,2.39,0,0,0,0,0,0,No Failure,287.3
2094,M12093,M,297.0,307.91,1317.5,41.36,193.2,1.5,0,0,0,0,0,0,No Failure,57.7
2095,L12094,L,302.39,313.34,1312.2,38.89,102.5,2.62,0,0,0,0,0,0,No Failure,172.9
2096,M12095,M,302.6,312.99,1434.7,49.66,151.8,1.83,0,0,0,0,0,0,No Failure,101.8
2097,M12096,M,296.0,307.38,1796.6,35.25,237.8,1.89,0,0,0,0,0,0,No Failure,10.6
2098,M12097,M,298.59,308.97,1448.3,45.74,129.3,3.08,0,0,0,0,0,0,No Failure,134.3
2099,M12098,M,300.99,312.71,1199.3,55.73,201.1,3.22,0,0,0,0,0,0,No Failure,29.9
2100,L12099,L,301.29,309.67,1497.0,42.57,75.7,2.33,0,0,0,0,0,0,No Failure,192.1
2101,H12100,H,298.64,308.99,1183.5,47.4,178.6,2.94,0,0,0,0,0,0,No Failure,69.3
2102,M12101,M,299.39,309.67,1349.2,51.56,24.8,1.86,0,0,0,0,0,0,No Failure,267.3
2103,L12102,L,298.81,307.87,1432.9,40.49,223.3,2.82,0,0,0,0,0,0,No Failure,21.0
2104,M12103,M,300.22,310.8,1564.8,38.98,49.9,2.27,0,0,0,0,0,0,No Failure,238.1
2105,M12104,M,302.39,310.9,1721.3,39.88,75.5,1.7,0,0,0,0,0,0,No Failure,196.2
2106,L12105,L,298.46,307.8,1662.3,35.68,239.6,3.47,1,0,0,0,0,1,TWF,1.2
2107,H12106,H,302.0,310.0,1326.9,32.49,38.8,5.81,0,1,0,0,0,1,HDF,1.1
2108,H12107,H,298.44,310.0,1471.5,48.06,63.6,1.61,0,0,0,0,0,0,No Failure,217.6
2109,L12108,L,298.3,308.07,1551.7,47.45,145.0,2.33,0,0,0,0,0,0,No Failure,112.6
2110,H12109,H,301.64,313.8,1491.1,27.42,245.2,5.99,1,0,0,0,0,1,TWF,5.1
2111,L12110,L,301.84,312.65,1489.8,32.97,172.9,2.2,0,0,0,0,0,0,No Failure,92.1
2112,L12111,L,301.7,312.15,1229.6,62.96,28.5,1.58,0,0,0,0,0,0,No Failure,259.3
2113,L12112,L,297.37,306.78,1331.7,46.68,187.0,2.33,0,0,0,0,0,0,No Failure,59.2
2114,H12113,H,299.07,308.02,1465.9,40.96,106.6,2.91,0,0,0,0,0,0,No Failure,165.7
2115,M12114,M,301.65,312.17,1100.0,51.56,248.1,4.98,1,0,0,1,0,1,TWF,10.4
2116,L12115,L,300.08,310.01,1652.7,29.09,157.2,3.21,0,0,0,0,0,0,No Failure,114.7
2117,L12116,L,297.85,306.51,1292.3,45.07,133.0,2.96,0,0,0,0,0,0,No Failure,123.3
2118,M12117,M,300.92,309.4,1660.9,42.94,139.3,2.71,0,0,0,0,0,0,No Failure,113.5
2119,L12118,L,298.57,307.61,1645.2,36.36,160.4,2.85,0,0,0,0,0,0,No Failure,103.7
2120,H12119,H,303.59,315.41,1440.7,45.92,183.0,2.58,0,0,0,0,0,0,No Failure,65.3
2121,H12120,H,303.09,315.3,1717.1,47.3,19.6,2.7,0,0,0,0,0,0,No Failure,269.7
2122,M12121,M,301.21,311.41,1671.0,31.84,32.7,2.54,0,0,0,0,0,0,No Failure,260.9
2123,H12122,H,302.72,312.87,1482.7,42.59,75.1,3.03,0,0,0,0,0,0,No Failure,205.2
2124,L12123,L,300.13,309.79,1462.5,48.06,119.5,3.28,0,0,0,0,0,0,No Failure,145.2
2125,H12124,H,301.53,310.6,1734.4,28.06,77.8,2.01,0,0,0,0,0,0,No Failure,208.8
2126,M12125,M,302.96,314.33,1579.5,39.23,53.5,2.08,0,0,0,0,0,0,No Failure,233.6
2127,M12126,M,300.49,312.36,1725.0,47.89,231.3,2.27,0,0,0,0,0,0,No Failure,1.0
2128,L12127,L,299.49,308.6,1110.4,51.65,8.2,2.13,0,0,0,0,0,0,No Failure,289.3
2129,H12128,H,296.59,306.51,1555.6,46.05,234.7,6.58,1,0,0,0,0,1,TWF,13.2
2130,L12129,L,299.83,309.38,1255.6,46.8,226.8,4.98,1,0,0,0,0,1,TWF,10.9
2131,L12130,L,301.65,311.23,1533.4,51.73,170.9,2.83,0,0,0,0,0,0,No Failure,71.6
2132,L12131,L,301.89,313.08,1665.8,24.5,8.1,3.33,0,0,0,0,0,0,No Failure,290.6
2133,M12132,M,301.01,309.7,1849.3,32.9,56.3,2.15,0,0,0,0,0,0,No Failure,226.0
2134,M12133,M,298.92,309.38,1370.1,33.44,244.8,5.73,1,0,0,0,0,1,TWF,14.2
2135,M12134,M,296.05,306.77,1443.9,36.65,226.5,3.19,0,0,0,0,0,0,No Failure,22.4
2136,H12135,H,299.01,308.87,1520.9,34.5,241.1,3.85,1,0,0,0,0,1,TWF,13.2
2137,L12136,L,299.39,310.28,1363.6,42.13,249.0,6.24,1,0,0,0,0,1,TWF,7.7
2138,M12137,M,299.37,309.52,1713.2,26.7,16.0,2.0,0,0,0,0,0,0,No Failure,281.4
2139,L12138,L,301.24,312.45,1525.5,38.83,142.7,1.84,0,0,0,0,0,0,No Failure,123.2
2140,H12139,H,303.97,312.45,1559.8,41.69,208.5,2.22,0,0,0,0,0,0,No Failure,27.5
2141,H12140,H,300.25,309.9,1649.0,25.66,79.9,3.31,0,0,0,0,0,0,No Failure,207.5
2142,M12141,M,299.57,309.49,1525.2,34.9,108.9,2.23,0,0,0,0,0,0,No Failure,167.7
2143,M12142,M,299.48,306.81,1391.7,60.9,70.9,5.27,0,0,0,0,1,1,RNF,6.4
2144,L12143,L,300.25,309.16,1526.7,41.6,9.5,1.9,0,0,0,0,0,0,No Failure,286.3
2145,L12144,L,298.34,307.53,1384.7,30.61,18.2,3.02,0,0,0,0,0,0,No Failure,278.4
2146,H12145,H,300.24,311.19,1557.3,28.72,5.4,3.0,0,0,0,0,0,0,No Failure,293.7
2147,L12146,L,300.9,310.19,1716.5,36.54,131.8,2.08,0,0,0,0,0,0,No Failure,138.6
2148,L12147,L,300.42,309.6,1327.7,45.9,154.6,1.11,0,0,0,0,0,0,No Failure,101.7
2149,L12148,L,300.92,311.73,1263.7,43.37,76.9,2.28,0,0,0,0,0,0,No Failure,202.5
2150,H12149,H,300.87,309.25,1546.8,54.14,206.5,2.77,0,0,0,0,0,0,No Failure,4.6
2151,L12150,L,296.46,304.38,1400.6,61.17,222.0,5.97,1,0,0,1,0,1,TWF,3.8
2152,L12151,L,301.27,310.91,1543.7,37.02,34.9,2.55,0,0,0,0,0,0,No Failure,257.1
2153,M12152,M,298.66,307.21,1595.4,43.72,13.0,2.71,0,0,0,0,0,0,No Failure,274.6
2154,H12153,H,297.81,306.4,1154.3,58.44,79.8,5.06,0,1,0,0,0,1,HDF,2.6
2155,L12154,L,297.79,308.36,1661.5,43.5,178.2,1.75,0,0,0,0,0,0,No Failure,74.0
2156,L12155,L,300.87,311.74,1328.6,40.68,126.9,2.94,0,0,0,0,0,0,No Failure,141.4
2157,L12156,L,299.55,310.34,1534.0,52.69,122.0,1.97,0,0,0,0,0,0,No Failure,133.8
2158,L12157,L,296.64,307.74,1420.0,41.77,38.1,1.78,0,0,0,0,0,0,No Failure,252.1
2159,L12158,L,300.96,312.2,1439.2,44.64,87.9,2.8,0,0,0,0,0,0,No Failure,188.0
2160,M12159,M,297.12,304.99,1841.2,32.6,239.7,4.34,1,0,0,0,0,1,TWF,13.4
2161,M12160,M,300.28,310.73,1595.1,36.64,85.1,2.01,0,0,0,0,0,0,No Failure,195.7
2162,M12161,M,300.48,309.95,1699.9,37.24,147.9,3.45,0,0,0,0,0,0,No Failure,118.3
2163,L12162,L,301.77,311.02,1565.0,30.04,14.6,3.45,0,0,0,0,0,0,No Failure,282.7
2164,H12163,H,303.56,314.12,1649.0,22.59,16.0,3.21,0,0,0,0,0,0,No Failure,281.8
2165,L12164,L,297.27,305.54,1612.7,35.71,106.1,2.96,0,0,0,0,0,0,No Failure,156.0
2166,H12165,H,299.9,308.14,1583.5,31.73,151.0,3.19,0,0,0,0,0,0,No Failure,104.5
2167,M12166,M,299.45,310.08,1736.2,38.39,93.1,3.68,0,0,0,0,0,0,No Failure,184.9
2168,L12167,L,300.87,311.36,1566.0,41.35,44.8,3.16,0,0,0,0,0,0,No Failure,243.9
2169,M12168,M,300.43,310.57,1947.0,30.91,184.0,2.65,0,0,0,0,0,0,No Failure,81.0
2170,L12169,L,299.29,308.41,1709.9,45.46,35.0,3.02,0,0,0,0,0,0,No Failure,253.8
2171,M12170,M,299.12,309.86,1334.0,44.93,167.0,2.22,0,0,0,0,0,0,No Failure,86.8
2172,L12171,L,297.77,308.45,1506.4,29.62,239.2,2.59,0,0,0,0,0,0,No Failure,17.2
2173,L12172,L,301.98,312.06,1609.1,35.72,117.6,2.61,0,0,0,0,0,0,No Failure,156.5
2174,H12173,H,300.92,309.74,1546.0,47.01,50.1,2.42,0,0,0,0,0,0,No Failure,231.8
2175,L12174,L,301.84,311.41,1661.0,22.93,210.5,4.93,1,0,0,0,0,1,TWF,5.9
2176,H12175,H,299.38,310.22,1680.7,35.04,126.4,3.27,0,0,0,0,0,0,No Failure,146.4
2177,L12176,L,298.69,310.01,1294.6,50.37,230.8,4.32,0,0,0,1,0,1,OSF,3.5
2178,M12177,M,297.84,307.52,1767.3,52.52,180.1,5.06,0,0,1,0,0,1,PWF,2.1
2179,M12178,M,300.72,310.47,1449.1,49.86,107.7,1.73,0,0,0,0,0,0,No Failure,159.3
2180,M12179,M,297.92,307.76,1431.3,42.85,154.3,1.3,0,0,0,0,0,0,No Failure,105.0
2181,L12180,L,303.7,313.97,1430.8,45.58,42.5,3.22,0,0,0,0,0,0,No Failure,245.6
2182,L12181,L,297.38,306.8,1682.7,22.37,96.8,3.27,0,0,0,0,0,0,No Failure,189.9
2183,L12182,L,300.55,307.65,1490.2,32.92,148.5,2.21,0,0,0,0,0,0,No Failure,83.6
2184,L12183,L,303.13,314.33,1419.2,46.83,147.5,2.53,0,0,0,0,0,0,No Failure,110.0
2185,M12184,M,301.2,312.99,1462.1,42.16,146.8,2.33,0,0,0,0,0,0,No Failure,115.1
2186,H12185,H,300.35,309.74,1216.8,51.33,185.9,2.33,0,0,0,0,0,0,No Failure,55.4
2187,H12186,H,298.06,307.0,1387.3,43.49,26.4,2.21,0,0,0,0,0,0,No Failure,265.2
2188,M12187,M,297.24,307.1,1316.1,45.55,18.4,2.78,0,0,0,0,0,0,No Failure,276.4
2189,M12188,M,301.54,311.35,1489.8,40.99,37.0,2.27,0,0,0,0,0,0,No Failure,253.7
2190,M12189,M,303.01,314.01,1656.9,28.82,198.1,2.75,0,0,0,0,0,0,No Failure,66.8
2191,L12190,L,299.12,309.18,1637.1,35.05,16.2,3.5,0,0,0,0,0,0,No Failure,280.3
2192,H12191,H,297.72,306.93,1763.0,25.32,56.3,2.73,0,0,0,0,0,0,No Failure,234.9
2193,M12192,M,295.08,303.77,1723.1,30.48,63.7,2.57,0,0,0,0,0,0,No Failure,218.0
2194,M12193,M,298.04,308.9,1443.4,49.94,161.8,2.16,0,0,0,0,0,0,No Failure,88.5
2195,L12194,L,299.77,310.37,1541.4,37.66,100.4,2.49,0,0,0,0,0,0,No Failure,176.3
2196,L12195,L,303.2,314.26,1532.2,43.33,49.7,1.5,0,0,0,0,0,0,No Failure,237.0
2197,L12196,L,301.35,310.38,1153.0,52.85,112.4,3.42,0,0,0,0,0,0,No Failure,151.1
2198,H12197,H,300.61,312.45,1320.1,42.76,171.4,1.93,0,0,0,0,0,0,No Failure,83.5
2199,M12198,M,299.2,307.46,1508.1,32.73,196.5,1.35,0,0,0,0,0,0,No Failure,49.0
2200,L12199,L,298.83,309.54,1507.1,37.01,31.0,2.44,0,0,0,0,0,0,No Failure,262.0
2201,H12200,H,302.81,310.9,1629.7,38.1,178.7,2.71,0,0,0,0,0,0,No Failure,61.2
2202,L12201,L,300.4,309.61,1621.0,41.08,1.1,3.29,0,0,0,0,0,0,No Failure,298.6
2203,L12202,L,295.79,307.36,1221.0,49.99,181.1,2.65,0,0,0,0,0,0,No Failure,63.2
2204,L12203,L,298.65,309.48,1630.8,41.34,165.3,3.06,0,0,0,0,0,0,No Failure,92.7
2205,M12204,M,298.28,307.74,1570.0,27.58,117.2,3.06,0,0,0,0,0,0,No Failure,163.0
2206,H12205,H,298.91,308.39,1649.6,42.44,34.2,3.0,0,0,0,0,0,0,No Failure,256.8
2207,L12206,L,301.13,311.23,1729.0,26.8,191.1,1.82,0,0,0,0,0,0,No Failure,77.3
2208,H12207,H,299.79,310.3,1512.4,46.56,17.9,2.81,0,0,0,0,0,0,No Failure,276.9
2209,L12208,L,299.85,311.1,1761.0,37.59,223.9,3.73,1,0,0,0,0,1,TWF,12.9
2210,H12209,H,302.63,312.17,1378.8,30.42,193.4,3.7,0,0,0,0,0,0,No Failure,70.4
2211,M12210,M,298.61,307.0,1368.7,49.0,185.2,5.91,0,1,0,0,0,1,HDF,9.2
2212,H12211,H,303.73,313.89,1614.8,44.12,188.6,2.13,0,0,0,0,0,0,No Failure,60.2
2213,L12212,L,298.66,308.2,1472.0,49.57,16.9,2.73,0,0,0,0,0,0,No Failure,278.0
2214,H12213,H,300.18,308.88,1584.8,32.48,247.5,4.88,1,0,0,0,0,1,TWF,6.8
2215,M12214,M,299.44,309.74,1894.7,32.92,214.6,1.57,0,0,0,0,0,0,No Failure,41.9
2216,L12215,L,300.25,310.03,1608.4,42.16,127.0,3.03,0,0,0,0,0,0,No Failure,140.1
2217,H12216,H,300.89,311.2,1576.0,43.23,179.9,1.91,0,0,0,0,0,0,No Failure,72.3
2218,L12217,L,300.87,309.97,1382.4,46.27,184.8,2.39,0,0,0,0,0,0,No Failure,62.6
2219,H12218,H,298.49,308.98,1233.7,45.65,207.4,2.62,0,0,0,0,0,0,No Failure,34.3
2220,L12219,L,297.75,306.44,1525.0,46.26,63.8,2.39,0,0,0,0,0,0,No Failure,211.6
2221,M12220,M,305.01,314.18,1729.0,41.66,93.0,1.88,0,0,0,0,0,0,No Failure,183.1
2222,M12221,M,299.03,308.79,1480.2,39.46,199.9,2.54,0,0,0,0,0,0,No Failure,51.5
2223,L12222,L,301.4,313.14,1609.9,31.79,192.2,2.59,0,0,0,0,0,0,No Failure,70.2
2224,L12223,L,296.78,307.57,1793.3,28.36,130.7,3.02,0,0,0,0,0,0,No Failure,146.5
2225,L12224,L,299.44,310.52,1788.9,43.09,99.1,3.97,0,0,0,0,0,0,No Failure,174.0
2226,L12225,L,299.75,311.16,1614.8,43.81,242.1,2.9,1,0,0,0,0,1,TWF,6.7
2227,L12226,L,300.95,314.55,1568.4,38.11,103.8,2.02,0,0,0,0,0,0,No Failure,171.9
2228,M12227,M,294.56,304.6,1266.2,45.99,191.0,2.63,0,0,0,0,0,0,No Failure,54.9
2229,L12228,L,300.33,311.75,1425.2,29.72,103.2,3.11,0,0,0,0,0,0,No Failure,178.0
2230,L12229,L,297.7,308.71,1487.7,39.74,77.5,2.71,0,0,0,0,0,0,No Failure,203.6
2231,M12230,M,300.65,311.64,1385.4,34.97,160.2,3.17,0,0,0,0,0,0,No Failure,105.3
2232,L12231,L,297.93,309.7,1582.5,39.03,201.9,1.61,0,0,0,0,0,0,No Failure,49.6
2233,H12232,H,298.29,307.87,1880.2,40.21,245.3,5.39,1,0,0,0,0,1,TWF,8.8
2234,H12233,H,299.45,308.95,1809.7,26.29,37.2,3.38,0,0,0,0,0,0,No Failure,256.8
2235,M12234,M,297.9,308.22,1581.7,39.61,219.0,4.97,1,0,0,0,0,1,TWF,13.2
2236,M12235,M,299.05,308.87,1677.5,42.75,131.0,0.76,0,0,0,0,0,0,No Failure,134.5
2237,H12236,H,297.61,307.93,1407.6,44.17,26.9,2.01,0,0,0,0,0,0,No Failure,265.7
2238,L12237,L,296.33,307.9,1800.1,29.66,198.6,2.76,0,0,0,0,0,0,No Failure,65.2
2239,L12238,L,302.04,311.56,1258.4,47.75,82.9,2.46,0,0,0,0,0,0,No Failure,192.8
2240,L12239,L,297.41,307.1,1701.4,41.97,217.1,1.73,0,0,0,0,0,0,No Failure,26.9
2241,M12240,M,299.64,309.82,1626.7,38.72,39.5,2.07,0,0,0,0,0,0,No Failure,251.1
2242,L12241,L,301.51,311.28,1402.7,42.75,177.8,1.7,0,0,0,0,0,0,No Failure,75.5
2243,M12242,M,298.77,306.86,1500.6,48.08,75.2,1.77,0,0,0,0,0,0,No Failure,184.3
2244,H12243,H,298.35,307.77,1335.0,48.55,64.3,1.97,0,0,0,0,0,0,No Failure,216.4
2245,H12244,H,300.45,311.14,1342.6,36.27,12.6,2.56,0,0,0,0,0,0,No Failure,284.6
2246,M12245,M,302.24,313.67,1253.2,52.3,120.5,1.07,0,0,0,0,0,0,No Failure,140.7
2247,L12246,L,297.66,306.51,1675.4,42.46,97.9,3.32,0,0,0,0,0,0,No Failure,173.5
2248,H12247,H,299.7,308.54,1753.8,25.55,15.4,2.44,0,0,0,0,0,0,No Failure,279.0
2249,M12248,M,296.54,306.57,1151.0,36.25,56.7,1.84,0,0,0,0,0,0,No Failure,230.7
2250,L12249,L,299.21,307.14,1867.1,24.84,121.8,1.92,0,0,0,0,0,0,No Failure,138.0
2251,L12250,L,300.07,309.62,1535.9,38.35,202.1,2.12,0,0,0,0,0,0,No Failure,50.2
2252,H12251,H,298.29,306.55,1589.9,44.81,232.4,4.99,1,0,0,0,0,1,TWF,1.9
2253,M12252,M,299.09,310.46,1274.4,40.84,128.8,2.59,0,0,0,0,0,0,No Failure,138.8
2254,H12253,H,297.18,306.41,1774.4,37.7,100.8,2.38,0,0,0,0,0,0,No Failure,175.8
2255,H12254,H,300.15,311.81,1573.8,17.88,238.7,4.8,0,0,1,0,0,1,PWF,8.2
2256,M12255,M,302.11,313.22,1741.8,35.71,240.7,5.54,1,0,0,0,0,1,TWF,1.0
2257,M12256,M,297.81,307.16,1756.5,31.31,47.6,1.26,0,0,0,0,0,0,No Failure,243.2
2258,L12257,L,298.75,307.68,1776.9,48.46,132.9,5.17,0,0,1,0,0,1,PWF,12.0
2259,L12258,L,301.01,310.81,1422.0,28.95,205.2,2.09,0,0,0,0,0,0,No Failure,58.2
2260,L12259,L,302.42,312.32,1500.8,39.88,205.6,1.69,0,0,0,0,0,0,No Failure,44.0
2261,M12260,M,297.01,307.36,1428.5,28.71,171.2,2.37,0,0,0,0,0,0,No Failure,98.5
2262,M12261,M,299.66,308.89,1698.2,31.48,117.9,1.7,0,0,0,0,0,0,No Failure,159.3
2263,H12262,H,300.57,311.31,1597.6,25.65,100.9,3.53,0,0,0,0,0,0,No Failure,183.2
2264,L12263,L,299.8,310.06,1729.4,50.8,201.6,4.19,0,0,1,0,0,1,PWF,4.8
2265,M12264,M,295.05,304.71,1737.2,32.05,56.4,3.41,0,0,0,0,0,0,No Failure,232.4
2266,M12265,M,301.0,310.29,1228.8,47.35,107.1,1.3,0,0,0,0,0,0,No Failure,161.7
2267,M12266,M,303.04,312.85,1779.8,33.41,141.7,3.7,0,0,0,0,0,0,No Failure,129.1
2268,M12267,M,300.23,309.42,1708.2,27.2,207.9,2.85,0,0,0,0,0,0,No Failure,57.2
2269,L12268,L,297.94,308.0,1471.9,48.15,93.5,2.97,0,0,0,0,0,0,No Failure,178.8
2270,M12269,M,298.97,309.06,1600.6,41.97,137.2,1.68,0,0,0,0,0,0,No Failure,127.4
2271,L12270,L,303.54,313.8,1515.9,46.01,69.8,2.31,0,0,0,0,0,0,No Failure,210.4
2272,L12271,L,301.82,313.59,1648.3,27.88,209.2,5.74,1,0,0,0,0,1,TWF,11.4
2273,L12272,L,301.28,311.15,1471.5,48.72,196.4,2.44,0,0,0,0,0,0,No Failure,44.7
2274,M12273,M,300.71,311.72,1623.7,44.09,205.0,3.26,0,0,0,0,0,0,No Failure,39.3
2275,H12274,H,298.68,308.91,1550.0,37.08,14.4,2.91,0,0,0,0,0,0,No Failure,282.4
2276,M12275,M,299.6,309.36,1460.6,47.34,121.7,2.4,0,0,0,0,0,0,No Failure,142.8
2277,M12276,M,299.84,309.72,1572.0,40.08,34.0,3.1,0,0,0,0,0,0,No Failure,257.7
2278,M12277,M,301.1,311.04,2022.5,18.51,168.4,3.21,0,0,0,0,0,0,No Failure,112.4
2279,M12278,M,303.02,313.3,1415.3,41.11,77.8,2.16,0,0,0,0,0,0,No Failure,202.5
2280,L12279,L,302.24,311.28,1493.3,36.81,193.6,2.14,0,0,0,0,0,0,No Failure,62.5
2281,L12280,L,297.16,305.7,1418.4,42.9,16.3,3.8,0,0,0,0,0,0,No Failure,270.1
2282,L12281,L,300.45,311.1,1437.2,48.9,128.3,2.36,0,0,0,0,0,0,No Failure,133.1
2283,L12282,L,301.47,312.37,1684.0,24.14,30.9,2.11,0,0,0,0,0,0,No Failure,264.5
2284,L12283,L,301.24,311.98,1666.1,32.91,139.5,2.41,0,0,0,0,0,0,No Failure,132.3
2285,L12284,L,298.74,308.9,1537.0,33.29,151.8,3.14,0,0,0,0,0,0,No Failure,117.1
2286,L12285,L,305.83,316.6,1721.7,29.4,115.5,2.93,0,0,0,0,0,0,No Failure,163.6
2287,H12286,H,297.45,308.16,1680.0,29.95,69.9,2.42,0,0,0,0,0,0,No Failure,217.2
2288,L12287,L,297.83,308.62,1508.9,40.24,8.1,2.87,0,0,0,0,0,0,No Failure,289.9
2289,L12288,L,300.47,309.61,1263.4,51.15,165.5,2.65,0,0,0,0,0,0,No Failure,82.4
2290,L12289,L,304.23,313.14,1686.5,38.01,217.6,2.41,0,0,0,0,0,0,No Failure,29.5
2291,M12290,M,298.33,307.94,1568.4,39.56,183.4,2.32,0,0,0,0,0,0,No Failure,71.9
2292,L12291,L,299.47,309.45,1542.0,43.26,223.3,2.59,0,0,0,0,0,0,No Failure,17.3
2293,L12292,L,302.15,311.91,1454.6,57.91,232.4,4.96,1,0,0,1,0,1,TWF,5.5
2294,M12293,M,299.96,308.09,1671.3,36.85,112.4,2.54,0,0,0,0,0,0,No Failure,144.6
2295,L12294,L,299.33,311.05,1600.4,44.64,174.5,2.47,0,0,0,0,0,0,No Failure,77.6
2296,L12295,L,301.13,310.86,1495.6,46.87,99.3,1.63,0,0,0,0,0,0,No Failure,172.0
2297,L12296,L,300.55,310.72,1318.6,57.95,229.9,4.29,1,0,0,1,0,1,TWF,12.0
2298,L12297,L,302.06,313.31,1729.2,38.62,140.7,2.34,0,0,0,0,0,0,No Failure,125.8
2299,L12298,L,302.58,310.24,1646.3,30.54,188.1,3.62,0,0,0,0,0,0,No Failure,49.6
2300,L12299,L,300.61,310.1,1583.7,40.02,3.6,2.4,0,0,0,0,0,0,No Failure,295.5
2301,H12300,H,300.58,310.2,1100.0,56.3,143.9,2.66,0,0,0,0,0,0,No Failure,106.3
2302,M12301,M,300.43,310.09,1531.2,44.89,185.5,3.79,0,0,0,0,0,0,No Failure,63.3
2303,M12302,M,300.98,310.8,1494.8,34.02,64.3,1.55,0,0,0,0,0,0,No Failure,222.3
2304,L12303,L,300.11,311.56,1427.3,50.9,3.6,1.58,0,0,0,0,0,0,No Failure,295.3
2305,H12304,H,300.0,310.67,1673.0,35.9,185.9,2.03,0,0,0,0,0,0,No Failure,73.0
2306,L12305,L,302.39,313.35,1666.0,41.89,84.5,2.3,0,0,0,0,0,0,No Failure,193.7
2307,L12306,L,303.03,313.08,1616.2,39.29,107.2,2.36,0,0,0,0,0,0,No Failure,166.9
2308,M12307,M,296.98,305.59,1723.8,35.67,140.5,2.19,0,0,0,0,0,0,No Failure,120.7
2309,L12308,L,300.02,307.94,1355.0,45.92,27.6,4.26,0,1,0,0,0,1,HDF,9.7
2310,L12309,L,298.62,307.09,1456.8,45.89,25.9,3.08,0,0,0,0,0,0,No Failure,256.2
2311,M12310,M,299.38,309.74,1551.4,52.39,240.2,3.75,1,0,0,1,0,1,TWF,1.0
2312,H12311,H,300.81,310.84,1426.7,27.93,84.7,3.21,0,0,0,0,0,0,No Failure,200.7
2313,L12312,L,301.34,311.13,1668.2,39.75,63.9,1.89,0,0,0,0,0,0,No Failure,220.5
2314,M12313,M,299.78,309.41,1444.5,41.84,11.9,3.68,0,0,0,0,0,0,No Failure,285.0
2315,H12314,H,296.17,308.19,1770.4,32.65,43.5,1.5,0,0,0,0,0,0,No Failure,247.8
2316,L12315,L,298.07,307.25,1371.3,27.21,107.7,2.49,0,0,0,0,0,0,No Failure,174.2
2317,L12316,L,301.79,312.72,1919.6,35.32,85.5,1.9,0,0,0,0,0,0,No Failure,195.9
2318,L12317,L,294.52,304.52,1901.2,30.68,106.1,2.52,0,0,0,0,0,0,No Failure,173.8
2319,L12318,L,302.37,312.31,1521.0,33.61,176.0,1.91,0,0,0,0,0,0,No Failure,87.6
2320,L12319,L,301.04,312.22,1743.2,34.72,160.4,1.21,0,0,0,0,0,0,No Failure,105.3
2321,H12320,H,302.63,314.09,1466.3,38.87,123.3,2.03,0,0,0,0,0,0,No Failure,147.2
2322,M12321,M,299.6,309.36,1719.4,22.7,203.7,6.24,1,0,0,0,0,1,TWF,1.0
2323,M12322,M,295.88,306.68,1506.5,40.44,214.3,1.9,0,0,0,0,0,0,No Failure,32.3
2324,L12323,L,300.86,311.22,1307.9,49.94,147.7,2.81,0,0,0,0,0,0,No Failure,106.9
2325,H12324,H,302.55,312.56,1100.0,50.7,29.4,2.5,0,0,0,0,0,0,No Failure,261.4
2326,H12325,H,301.85,312.05,1489.9,42.1,101.5,2.23,0,0,0,0,0,0,No Failure,172.1
2327,H12326,H,298.67,307.99,1588.0,38.54,158.6,3.73,0,0,0,0,0,0,No Failure,103.8
2328,L12327,L,300.17,309.87,1776.1,41.1,15.7,2.31,0,0,0,0,0,0,No Failure,280.3
2329,M12328,M,298.93,308.35,1544.6,38.12,5.0,2.6,0,0,0,0,0,0,No Failure,293.9
2330,L12329,L,298.36,309.26,1717.5,40.54,237.1,5.46,1,0,0,0,0,1,TWF,1.7
2331,L12330,L,301.91,311.82,1456.7,38.99,182.5,3.45,0,0,0,0,0,0,No Failure,73.7
2332,L12331,L,297.6,306.31,1477.6,54.38,38.3,1.6,0,0,0,0,0,0,No Failure,238.8
2333,M12332,M,298.21,307.49,1726.7,31.69,111.3,3.85,0,0,0,0,0,0,No Failure,167.0
2334,M12333,M,297.79,304.59,1100.0,49.75,48.4,6.11,0,1,0,0,0,1,HDF,13.2
2335,L12334,L,297.02,306.53,1540.3,38.25,2.6,2.74,0,0,0,0,0,0,No Failure,296.8
2336,L12335,L,300.29,310.33,1466.4,35.82,97.9,2.87,0,0,0,0,0,0,No Failure,180.5
2337,L12336,L,302.32,312.19,1781.5,24.94,162.1,2.36,0,0,0,0,0,0,No Failure,113.0
2338,L12337,L,299.63,311.61,1443.4,46.66,238.5,4.31,0,0,0,1,0,1,OSF,5.4
2339,L12338,L,296.99,307.56,1630.5,15.36,192.5,6.19,0,0,1,0,0,1,PWF,8.2
2340,L12339,L,301.68,312.21,1703.0,30.21,57.5,1.95,0,0,0,0,0,0,No Failure,231.8
2341,M12340,M,303.37,311.73,1270.8,37.82,84.1,5.4,0,1,0,0,0,1,HDF,7.3
2342,L12341,L,298.71,308.34,1513.1,40.65,130.1,2.63,0,0,0,0,0,0,No Failure,137.3
2343,L12342,L,299.04,308.56,1460.7,25.75,47.8,2.58,0,0,0,0,0,0,No Failure,244.6
2344,L12343,L,301.03,310.25,1707.4,38.98,208.2,1.98,0,0,0,0,0,0,No Failure,41.8
2345,H12344,H,303.24,312.44,1658.8,40.76,42.0,3.2,0,0,0,0,0,0,No Failure,247.5
2346,M12345,M,298.96,307.15,1496.3,28.67,72.5,2.47,0,0,0,0,0,0,No Failure,198.6
2347,M12346,M,297.34,306.06,1350.5,45.76,144.4,2.18,0,0,0,0,0,0,No Failure,109.4
2348,L12347,L,301.26,312.14,1723.8,38.42,30.8,1.85,0,0,0,0,0,0,No Failure,261.9
2349,M12348,M,301.6,311.46,1525.9,45.9,156.2,2.4,0,0,0,0,0,0,No Failure,99.7
2350,L12349,L,300.01,309.51,1248.3,37.78,236.1,4.38,1,0,0,0,0,1,TWF,9.1
2351,M12350,M,298.88,308.88,1263.7,36.21,172.9,2.71,0,0,0,0,0,0,No Failure,88.6
2352,H12351,H,301.99,313.16,1616.3,47.64,203.2,2.96,0,0,0,0,0,0,No Failure,36.6
2353,M12352,M,301.06,311.06,1309.6,40.06,109.6,2.26,0,0,0,0,0,0,No Failure,163.4
2354,H12353,H,298.46,309.0,1870.9,28.38,91.3,2.64,0,0,0,0,0,0,No Failure,192.7
2355,M12354,M,300.1,309.25,1370.3,48.22,82.2,3.23,0,0,0,0,0,0,No Failure,193.5
2356,L12355,L,297.3,306.68,1537.9,30.83,165.1,2.4,0,0,0,0,0,0,No Failure,103.6
2357,H12356,H,301.37,311.73,1566.5,36.44,129.6,2.44,0,0,0,0,0,0,No Failure,141.3
2358,L12357,L,299.48,311.37,1407.4,48.87,118.1,2.5,0,0,0,0,0,0,No Failure,146.4
2359,M12358,M,299.13,310.56,1137.1,42.82,25.2,2.24,0,0,0,0,0,0,No Failure,268.2
2360,L12359,L,299.93,310.52,1572.2,34.66,168.3,2.29,0,0,0,0,0,0,No Failure,95.7
2361,L12360,L,300.08,310.23,1403.2,34.87,181.3,2.04,0,0,0,0,0,0,No Failure,79.7
2362,L12361,L,301.79,313.19,1558.9,33.07,49.0,2.76,0,0,0,0,0,0,No Failure,241.0
2363,L12362,L,301.18,311.98,1516.1,47.87,189.9,2.46,0,0,0,0,0,0,No Failure,54.1
2364,L12363,L,299.69,307.39,1585.1,47.69,219.8,5.4,1,0,0,0,0,1,TWF,8.9
2365,M12364,M,301.53,310.47,1817.6,34.82,43.7,3.11,0,0,0,0,0,0,No Failure,245.9
2366,L12365,L,300.8,311.14,1440.2,45.39,113.0,1.87,0,0,0,0,0,0,No Failure,155.4
2367,L12366,L,299.15,307.36,1454.1,44.8,219.0,4.38,1,0,0,0,0,1,TWF,13.4
2368,M12367,M,299.75,308.85,1239.8,43.69,121.8,2.92,0,0,0,0,0,0,No Failure,145.4
2369,L12368,L,299.7,309.0,1503.1,41.59,203.8,4.01,1,0,0,0,0,1,TWF,8.1
2370,M12369,M,301.01,310.75,1611.4,28.17,53.9,2.55,0,0,0,0,0,0,No Failure,236.7
2371,M12370,M,299.27,308.98,1451.5,34.63,16.0,2.55,0,0,0,0,0,0,No Failure,280.6
2372,H12371,H,299.22,308.93,1612.5,36.6,14.9,1.93,0,0,0,0,0,0,No Failure,281.8
2373,M12372,M,303.94,314.76,1506.2,32.41,243.1,4.49,1,0,0,0,0,1,TWF,13.1
2374,L12373,L,301.88,311.61,1304.9,37.07,41.2,2.65,0,0,0,0,0,0,No Failure,249.4
2375,M12374,M,298.48,308.09,1593.8,32.66,216.2,1.89,0,0,0,0,0,0,No Failure,40.3
2376,L12375,L,301.14,309.79,1501.2,47.99,78.9,2.4,0,0,0,0,0,0,No Failure,190.8
2377,L12376,L,300.24,311.26,1560.0,49.36,10.0,2.43,0,0,0,0,0,0,No Failure,286.3
2378,M12377,M,300.78,310.11,1436.5,41.54,60.2,2.95,0,0,0,0,0,0,No Failure,224.4
2379,L12378,L,300.27,309.19,1420.7,46.31,126.4,3.2,0,0,0,0,0,0,No Failure,135.9
2380,M12379,M,302.38,312.59,1566.2,34.37,26.7,2.49,0,0,0,0,0,0,No Failure,267.7
2381,H12380,H,300.69,309.92,1496.7,25.63,230.5,4.16,1,0,0,0,0,1,TWF,9.1
2382,H12381,H,299.88,309.35,1846.6,26.24,225.0,2.94,0,0,0,0,0,0,No Failure,38.7
2383,H12382,H,302.08,312.34,1681.0,33.54,37.3,3.82,0,0,0,0,0,0,No Failure,255.0
2384,L12383,L,300.47,310.14,1635.6,37.67,184.3,2.93,0,0,0,0,0,0,No Failure,73.0
2385,L12384,L,300.24,312.55,1506.2,39.13,115.2,2.34,0,0,0,0,0,0,No Failure,157.1
2386,M12385,M,300.63,310.55,1175.3,49.08,245.5,5.71,1,0,0,1,0,1,TWF,12.0
2387,L12386,L,299.81,310.43,1393.4,39.04,13.9,2.98,0,0,0,0,0,0,No Failure,282.8
2388,M12387,M,300.02,308.08,1422.1,44.6,117.8,2.57,0,0,0,0,0,0,No Failure,131.1
2389,M12388,M,298.83,307.97,1488.8,30.75,71.4,3.29,0,0,0,0,0,0,No Failure,215.1
2390,M12389,M,298.5,307.41,1532.0,44.78,181.6,1.82,0,0,0,0,0,0,No Failure,66.6
2391,L12390,L,298.0,307.05,1655.4,32.14,27.8,2.26,0,0,0,0,0,0,No Failure,266.7
2392,L12391,L,297.22,307.63,1586.9,52.28,157.0,2.78,0,0,0,0,0,0,No Failure,85.6
2393,L12392,L,298.24,309.28,1745.5,32.17,237.0,5.18,1,0,0,0,0,1,TWF,9.4
2394,L12393,L,299.65,310.0,1482.2,37.12,113.5,2.17,0,0,0,0,0,0,No Failure,160.6
2395,H12394,H,300.21,309.98,1584.0,33.94,113.6,2.23,0,0,0,0,0,0,No Failure,162.7
2396,L12395,L,299.46,308.83,1599.5,34.22,123.9,2.1,0,0,0,0,0,0,No Failure,150.0
2397,L12396,L,295.29,306.4,1582.0,42.18,103.9,2.05,0,0,0,0,0,0,No Failure,169.1
2398,L12397,L,303.15,315.22,1767.5,33.65,111.9,2.81,0,0,0,0,0,0,No Failure,165.0
2399,M12398,M,302.17,312.31,1681.9,42.58,115.8,2.48,0,0,0,0,0,0,No Failure,153.8
2400,M12399,M,300.89,311.83,1301.8,49.34,249.5,5.53,1,0,0,1,0,1,TWF,9.0
2401,L12400,L,303.81,314.16,1517.5,39.76,29.1,1.84,0,0,0,0,0,0,No Failure,263.8
2402,L12401,L,298.05,308.8,1535.5,41.69,71.3,2.41,0,0,0,0,0,0,No Failure,210.4
2403,L12402,L,303.78,312.61,1923.1,39.57,52.7,2.94,0,0,0,0,0,0,No Failure,231.2
2404,L12403,L,298.07,307.58,1479.0,45.17,136.0,2.71,0,0,0,0,0,0,No Failure,126.1
2405,M12404,M,300.48,310.87,1362.1,46.01,0.7,1.84,0,0,0,0,0,0,No Failure,299.1
2406,M12405,M,297.45,308.66,1616.5,40.08,230.3,3.19,0,0,0,0,0,0,No Failure,12.9
2407,L12406,L,300.03,309.21,1627.0,28.81,132.8,2.56,0,0,0,0,0,0,No Failure,143.7
2408,L12407,L,300.77,308.74,1524.8,57.35,224.0,6.49,1,0,1,1,0,1,TWF,11.0
2409,H12408,H,299.69,309.19,1498.6,43.73,86.2,2.42,0,0,0,0,0,0,No Failure,190.5
2410,L12409,L,301.43,312.44,1707.9,39.53,37.5,3.19,0,0,0,0,0,0,No Failure,253.4
2411,M12410,M,300.2,308.61,1385.2,43.11,48.1,2.28,0,0,0,0,0,0,No Failure,227.5
2412,L12411,L,298.96,307.78,1477.0,24.54,117.7,2.36,0,0,0,0,0,0,No Failure,161.0
2413,L12412,L,298.87,309.02,1444.5,39.68,10.1,2.8,0,0,0,0,0,0,No Failure,287.5
2414,L12413,L,301.62,311.51,1733.8,35.14,195.5,1.48,0,0,0,0,0,0,No Failure,62.3
2415,M12414,M,298.69,309.29,1589.1,32.0,197.7,1.29,0,0,0,0,0,0,No Failure,63.4
2416,H12415,H,301.83,310.6,1347.4,38.71,175.5,2.09,0,0,0,0,0,0,No Failure,78.1
2417,L12416,L,302.45,312.12,1365.4,41.57,224.1,1.72,0,0,0,0,0,0,No Failure,18.6
2418,L12417,L,296.66,307.86,1873.3,37.43,137.4,1.15,0,0,0,0,0,0,No Failure,131.0
2419,L12418,L,302.27,311.07,1731.9,43.43,119.8,2.95,0,0,0,0,0,0,No Failure,144.3
2420,L12419,L,304.12,315.6,1688.6,36.73,132.3,2.03,0,0,0,0,0,0,No Failure,137.8
2421,L12420,L,300.5,309.44,1540.2,34.98,45.5,2.29,0,0,0,0,0,0,No Failure,243.4
2422,L12421,L,301.2,312.05,1808.0,30.65,128.1,2.58,0,0,0,0,0,0,No Failure,147.8
2423,M12422,M,302.07,311.7,1340.5,45.46,135.4,2.8,0,0,0,0,0,0,No Failure,126.7
2424,L12423,L,299.45,308.3,1672.8,37.39,191.1,2.67,0,0,0,0,0,0,No Failure,62.0
2425,L12424,L,300.36,309.87,1458.7,44.18,87.0,2.62,0,0,0,0,0,0,No Failure,189.4
2426,H12425,H,297.37,307.92,1493.4,37.1,23.1,2.78,0,0,0,0,0,0,No Failure,271.7
2427,L12426,L,300.28,310.27,1667.9,39.68,149.4,2.2,0,0,0,0,0,0,No Failure,114.2
2428,H12427,H,301.0,312.11,1512.3,42.83,197.0,2.07,0,0,0,0,0,0,No Failure,51.1
2429,L12428,L,301.03,312.47,1460.2,38.32,242.4,3.26,1,0,0,0,0,1,TWF,3.0
2430,H12429,H,302.13,310.95,1449.4,29.36,22.6,2.88,0,0,0,0,0,0,No Failure,269.7
2431,M12430,M,298.45,307.19,1182.4,44.55,186.6,2.09,0,0,0,0,0,0,No Failure,57.1
2432,H12431,H,298.93,307.63,1674.6,46.8,149.0,3.69,0,0,0,0,0,0,No Failure,100.0
2433,H12432,H,303.79,312.89,1357.8,32.33,3.8,2.94,0,0,0,0,0,0,No Failure,295.4
2434,L12433,L,299.7,310.8,1870.7,41.3,179.6,3.07,0,0,0,0,0,0,No Failure,73.9
2435,H12434,H,300.4,310.96,1486.5,28.26,6.6,2.92,0,0,0,0,0,0,No Failure,292.3
2436,L12435,L,299.87,309.32,1772.4,28.44,196.3,2.82,0,0,0,0,0,0,No Failure,69.3
2437,L12436,L,298.36,308.35,1214.2,46.79,180.3,2.79,0,0,0,0,0,0,No Failure,67.7
2438,L12437,L,303.25,314.65,1668.9,48.43,172.0,2.84,0,0,0,0,0,0,No Failure,72.1
2439,M12438,M,298.94,310.85,1715.0,35.17,30.0,2.6,0,0,0,0,0,0,No Failure,263.5
2440,L12439,L,297.75,308.0,1771.3,32.37,229.8,2.13,0,0,0,0,0,0,No Failure,24.5
2441,M12440,M,299.1,306.44,1264.5,40.9,224.7,3.91,0,1,0,0,0,1,HDF,4.9
2442,M12441,M,296.0,306.29,1412.2,46.14,225.1,5.39,1,0,0,0,0,1,TWF,3.1
2443,M12442,M,298.7,309.63,1641.2,32.97,90.1,3.27,0,0,0,0,0,0,No Failure,191.6
2444,H12443,H,298.06,308.29,1564.6,36.75,123.0,2.42,0,0,0,0,0,0,No Failure,149.1
2445,L12444,L,301.23,311.96,1590.5,35.22,28.7,2.59,0,0,0,0,0,0,No Failure,265.1
2446,L12445,L,298.65,309.01,1473.5,45.76,12.8,1.71,0,0,0,0,0,0,No Failure,283.6
2447,L12446,L,301.78,310.54,1815.6,38.38,14.7,2.23,0,0,0,0,0,0,No Failure,277.1
2448,L12447,L,302.8,311.91,2004.9,23.69,142.2,1.76,0,0,0,0,0,0,No Failure,137.1
2449,L12448,L,301.56,311.24,1556.6,34.15,80.4,1.8,0,0,0,0,0,0,No Failure,202.8
2450,L12449,L,299.57,310.63,1619.2,31.98,144.9,2.56,0,0,0,0,0,0,No Failure,126.6
2451,L12450,L,300.28,309.52,1548.1,40.04,148.2,2.47,0,0,0,0,0,0,No Failure,115.3
2452,H12451,H,296.95,307.41,1767.8,40.29,226.8,2.97,0,0,0,0,0,0,No Failure,17.0
2453,M12452,M,299.73,310.04,1686.4,36.96,220.6,2.96,0,0,0,0,0,0,No Failure,29.3
2454,L12453,L,298.28,309.87,1347.1,29.2,179.6,1.98,0,0,0,0,0,0,No Failure,88.1
2455,M12454,M,301.39,311.35,1428.3,47.33,204.6,1.34,0,0,0,0,0,0,No Failure,35.8
2456,L12455,L,305.15,313.39,1357.3,34.76,0.8,4.24,0,1,0,0,0,1,HDF,14.0
2457,L12456,L,301.0,311.65,2020.4,24.69,3.9,2.07,0,0,0,0,0,0,No Failure,295.5
2458,M12457,M,296.02,308.16,1651.7,37.71,114.6,2.83,0,0,0,0,0,0,No Failure,158.7
2459,L12458,L,299.28,309.99,1431.4,41.33,163.4,2.87,0,0,0,0,0,0,No Failure,95.0
2460,L12459,L,300.24,309.46,1417.1,48.45,198.5,2.47,0,0,0,0,0,0,No Failure,42.3
2461,H12460,H,300.17,309.09,1682.1,31.39,111.8,2.94,0,0,0,0,0,0,No Failure,164.9
2462,H12461,H,298.54,307.59,1700.0,28.53,235.0,5.7,1,0,0,0,0,1,TWF,3.6
2463,M12462,M,300.49,312.49,1680.9,33.51,203.7,2.43,0,0,0,0,0,0,No Failure,54.2
2464,M12463,M,297.51,307.19,1461.8,47.88,25.7,2.36,0,0,0,0,0,0,No Failure,266.7
2465,M12464,M,298.11,307.45,1592.7,42.08,110.0,2.0,0,0,0,0,0,0,No Failure,161.5
2466,L12465,L,301.29,311.13,1557.9,39.12,248.7,5.63,1,0,0,0,0,1,TWF,13.5
2467,L12466,L,297.97,307.65,1370.4,53.06,102.5,3.18,0,0,0,0,0,0,No Failure,164.0
2468,L12467,L,301.08,312.64,1372.2,51.74,96.6,2.2,0,0,0,0,0,0,No Failure,172.7
2469,L12468,L,297.26,306.25,1611.7,42.75,73.5,2.27,0,0,0,0,0,0,No Failure,206.9
2470,M12469,M,303.53,314.71,1573.2,29.89,121.6,2.19,0,0,0,0,0,0,No Failure,156.0
2471,L12470,L,298.45,308.57,1637.0,42.13,182.5,1.81,0,0,0,0,0,0,No Failure,70.2
2472,H12471,H,299.55,310.76,1679.6,34.31,11.9,2.58,0,0,0,0,0,0,No Failure,285.6
2473,H12472,H,300.66,312.24,1806.4,30.45,208.9,2.6,0,0,0,0,0,0,No Failure,51.9
2474,M12473,M,298.87,308.95,1399.1,38.11,229.4,4.72,1,0,0,0,0,1,TWF,4.5
2475,M12474,M,300.29,309.97,1650.8,35.14,195.3,3.6,0,0,0,0,0,0,No Failure,62.5
2476,H12475,H,301.15,311.22,1672.1,31.5,228.9,2.74,0,0,0,0,0,0,No Failure,26.7
2477,L12476,L,301.92,311.83,1482.1,41.67,23.7,1.83,0,0,0,0,0,0,No Failure,270.2
2478,M12477,M,301.58,309.93,1559.8,37.26,112.5,2.88,0,0,0,0,0,0,No Failure,148.5
2479,L12478,L,299.66,311.21,1486.7,41.9,17.8,2.3,0,0,0,0,0,0,No Failure,277.7
2480,M12479,M,299.71,309.95,1915.4,35.2,209.2,2.3,0,0,0,0,0,0,No Failure,45.5
2481,L12480,L,304.7,313.54,1556.8,36.48,238.1,4.14,1,0,0,0,0,1,TWF,8.2
2482,H12481,H,301.9,309.83,1618.8,31.9,74.4,2.33,0,0,0,0,0,0,No Failure,189.6
2483,H12482,H,298.16,305.83,1490.7,26.2,133.8,2.66,0,0,0,0,0,0,No Failure,118.0
2484,L12483,L,300.2,310.97,1452.1,46.71,74.4,3.77,0,0,0,0,0,0,No Failure,204.2
2485,L12484,L,299.33,308.71,1304.9,46.53,94.7,2.28,0,0,0,0,0,0,No Failure,178.2
2486,H12485,H,299.73,309.27,1734.9,33.35,119.1,2.55,0,0,0,0,0,0,No Failure,156.4
2487,L12486,L,297.54,308.03,1675.6,44.01,197.7,2.64,0,0,0,0,0,0,No Failure,48.8
2488,H12487,H,299.18,308.66,1484.1,31.41,36.7,2.19,0,0,0,0,0,0,No Failure,256.1
2489,M12488,M,303.62,314.17,1376.8,43.97,39.3,2.26,0,0,0,0,0,0,No Failure,250.1
2490,L12489,L,301.16,311.25,1570.2,31.46,50.5,3.1,0,0,0,0,0,0,No Failure,239.8
2491,L12490,L,295.02,304.93,1448.9,46.0,13.3,2.19,0,0,0,0,0,0,No Failure,283.0
2492,L12491,L,302.43,310.86,1498.3,24.46,160.9,1.97,0,0,0,0,0,0,No Failure,103.5
2493,M12492,M,302.18,311.36,1311.8,51.37,47.5,3.57,0,0,0,0,0,0,No Failure,237.5
2494,L12493,L,299.28,309.88,1576.9,43.39,109.4,1.78,0,0,0,0,0,0,No Failure,161.4
2495,M12494,M,301.43,310.75,1580.4,31.5,171.4,3.03,0,0,0,0,0,0,No Failure,95.4
2496,L12495,L,298.28,309.49,1734.0,35.07,112.2,2.38,0,0,0,0,0,0,No Failure,163.5
2497,M12496,M,299.06,311.41,1511.0,33.4,226.5,1.77,0,0,0,0,0,0,No Failure,26.9
2498,H12497,H,303.0,313.65,1478.3,43.58,192.3,2.27,0,0,0,0,0,0,No Failure,56.1
2499,H12498,H,299.46,310.95,1259.3,53.39,68.3,2.36,0,0,0,0,0,0,No Failure,209.3
2500,L12499,L,296.26,306.98,1735.1,27.55,32.6,1.52,0,0,0,0,0,0,No Failure,261.9
2501,H12500,H,299.87,309.34,1697.8,26.26,223.6,2.76,0,0,0,0,0,0,No Failure,40.3
2502,M12501,M,299.84,310.04,1543.1,46.56,99.2,2.7,0,0,0,0,0,0,No Failure,172.3
2503,M12502,M,302.4,314.41,1300.1,59.74,95.6,2.29,0,0,0,0,0,0,No Failure,167.9
2504,H12503,H,300.03,309.51,1320.6,48.9,202.5,2.78,0,0,0,0,0,0,No Failure,36.6
2505,L12504,L,299.16,308.12,1440.1,45.64,2.3,2.62,0,0,0,0,0,0,No Failure,296.2
2506,L12505,L,302.09,310.96,1710.8,32.75,112.8,3.28,0,0,0,0,0,0,No Failure,161.8
2507,H12506,H,300.24,310.02,1590.0,39.0,178.6,1.85,0,0,0,0,0,0,No Failure,78.6
2508,L12507,L,298.5,307.5,1270.7,49.67,212.2,2.32,0,0,0,0,0,0,No Failure,22.9
2509,H12508,H,302.31,313.98,1610.4,35.98,221.3,3.1,0,0,0,0,0,0,No Failure,29.7
2510,H12509,H,300.39,310.6,1387.8,52.68,116.4,2.82,0,0,0,0,0,0,No Failure,145.8
2511,L12510,L,300.01,310.98,1444.5,42.77,211.9,1.12,0,0,0,0,0,0,No Failure,32.3
2512,H12511,H,300.36,310.06,1711.9,37.19,8.9,1.5,0,0,0,0,0,0,No Failure,289.0
2513,L12512,L,297.86,306.72,1675.0,34.69,76.4,2.5,0,0,0,0,0,0,No Failure,204.5
2514,M12513,M,298.94,307.64,1733.7,34.19,2.6,3.48,0,0,0,0,0,0,No Failure,290.6
2515,M12514,M,300.01,309.1,1533.9,47.65,41.4,2.24,0,0,0,0,0,0,No Failure,246.5
2516,H12515,H,299.61,309.96,1696.1,36.4,181.2,2.89,0,0,0,0,0,0,No Failure,78.2
2517,L12516,L,302.54,313.06,1433.1,43.05,1.1,2.55,0,0,0,0,0,0,No Failure,298.6
2518,L12517,L,300.43,311.04,1491.9,41.49,130.8,2.85,0,0,0,0,0,0,No Failure,135.8
2519,M12518,M,301.71,310.22,1479.6,38.0,103.5,3.14,0,0,0,0,0,0,No Failure,162.5
2520,M12519,M,300.02,310.02,1542.3,29.05,30.7,3.07,0,0,0,0,0,0,No Failure,263.8
2521,M12520,M,302.11,311.09,1307.7,56.89,171.4,3.05,0,0,0,0,0,0,No Failure,68.1
2522,L12521,L,300.8,311.2,1497.7,47.54,173.3,2.13,0,0,0,0,0,0,No Failure,76.0
2523,L12522,L,300.03,310.51,1797.8,42.12,181.6,2.41,0,0,0,0,0,0,No Failure,71.3
2524,L12523,L,299.97,308.8,1342.4,37.19,191.3,2.81,0,0,0,0,0,0,No Failure,61.4
2525,H12524,H,298.09,309.06,1300.1,56.27,78.7,2.79,0,0,0,0,0,0,No Failure,194.0
2526,L12525,L,301.01,313.35,1314.5,59.41,248.5,5.39,1,0,0,1,0,1,TWF,14.3
2527,L12526,L,299.92,310.75,2014.5,37.1,18.2,1.44,0,0,0,0,0,0,No Failure,277.6
2528,H12527,H,299.0,308.83,1621.2,48.54,161.9,3.22,0,0,0,0,0,0,No Failure,87.3
2529,L12528,L,302.21,311.9,1489.6,45.86,242.7,4.29,1,0,0,1,0,1,TWF,7.8
2530,H12529,H,297.5,307.29,1550.2,32.78,56.1,2.05,0,0,0,0,0,0,No Failure,232.6
2531,M12530,M,299.16,308.39,1578.7,41.56,69.5,2.62,0,0,0,0,0,0,No Failure,212.7
2532,H12531,H,302.06,312.31,1423.4,35.01,144.0,2.48,0,0,0,0,0,0,No Failure,125.0
2533,L12532,L,300.63,309.49,1445.4,37.33,195.3,3.35,0,0,0,0,0,0,No Failure,57.0
2534,L12533,L,299.9,308.01,1509.8,41.95,82.2,1.8,0,0,0,0,0,0,No Failure,178.7
2535,M12534,M,300.5,310.72,1408.3,43.88,209.2,4.35,1,0,0,0,0,1,TWF,4.0
2536,H12535,H,300.36,310.38,1466.9,44.14,60.3,1.32,0,0,0,0,0,0,No Failure,223.4
2537,M12536,M,296.97,306.4,1601.2,24.93,218.6,2.58,0,0,0,0,0,0,No Failure,47.9
2538,L12537,L,299.3,308.02,1359.5,43.05,63.2,2.38,0,0,0,0,0,0,No Failure,214.4
2539,M12538,M,303.23,313.52,2005.2,33.77,154.4,1.76,0,0,0,0,0,0,No Failure,113.6
2540,M12539,M,298.68,307.69,1672.8,41.11,89.4,3.29,0,0,0,0,0,0,No Failure,187.9
2541,M12540,M,299.36,309.22,1310.7,51.48,80.5,3.15,0,0,0,0,0,0,No Failure,194.1
2542,M12541,M,298.92,310.68,1100.0,56.3,88.5,2.54,0,0,0,0,0,0,No Failure,180.8
2543,H12542,H,299.83,310.48,1414.9,39.75,124.8,3.18,0,0,0,0,0,0,No Failure,144.7
2544,M12543,M,298.83,307.46,1660.5,39.64,211.3,2.44,0,0,0,0,0,0,No Failure,29.8
2545,L12544,L,300.97,309.7,1625.8,34.81,189.8,2.93,0,0,0,0,0,0,No Failure,64.0
2546,L12545,L,300.39,310.55,1518.2,45.83,112.3,3.02,0,0,0,0,0,0,No Failure,156.0
2547,L12546,L,301.55,310.17,1430.3,44.94,70.5,1.86,0,0,0,0,0,0,No Failure,202.4
2548,L12547,L,297.9,305.9,1376.2,43.17,213.6,4.58,1,1,0,0,0,1,TWF,12.6
2549,L12548,L,299.32,309.85,1465.9,35.55,217.5,4.41,1,0,0,0,0,1,TWF,2.1
2550,L12549,L,299.55,309.87,1356.8,52.06,113.4,1.89,0,0,0,0,0,0,No Failure,150.2
2551,L12550,L,300.91,311.36,1466.6,44.82,174.0,1.73,0,0,0,0,0,0,No Failure,78.1
2552,L12551,L,298.41,308.68,1776.2,48.5,92.3,5.39,0,0,1,0,0,1,PWF,2.3
2553,H12552,H,301.83,311.77,1399.9,46.54,37.3,2.33,0,0,0,0,0,0,No Failure,252.0
2554,H12553,H,302.37,311.71,1647.3,40.69,80.4,1.62,0,0,0,0,0,0,No Failure,199.5
2555,L12554,L,298.02,308.54,1674.7,25.57,170.5,2.85,0,0,0,0,0,0,No Failure,102.6
2556,H12555,H,299.02,310.55,1344.8,46.79,192.4,3.06,0,0,0,0,0,0,No Failure,52.3
2557,M12556,M,298.94,308.43,1387.0,41.04,212.9,4.27,1,0,0,0,0,1,TWF,2.0
2558,L12557,L,305.26,314.24,1729.3,40.48,4.4,2.5,0,0,0,0,0,0,No Failure,294.1
2559,L12558,L,299.14,308.01,1372.3,46.07,121.6,3.41,0,0,0,0,0,0,No Failure,141.2
2560,M12559,M,303.36,312.49,1527.7,46.17,68.5,1.95,0,0,0,0,0,0,No Failure,212.1
2561,M12560,M,297.47,307.67,1903.2,46.45,171.0,5.4,0,0,1,0,0,1,PWF,7.9
2562,M12561,M,298.02,305.88,1713.4,29.43,61.3,2.31,0,0,0,0,0,0,No Failure,204.8
2563,L12562,L,298.63,309.07,1553.3,45.26,141.6,2.46,0,0,0,0,0,0,No Failure,119.0
2564,L12563,L,298.31,308.95,1688.5,40.32,178.0,1.66,0,0,0,0,0,0,No Failure,77.8
2565,L12564,L,299.46,307.67,1528.0,53.12,192.5,1.69,0,0,0,0,0,0,No Failure,23.6
2566,L12565,L,298.58,307.6,1720.3,39.82,67.4,2.11,0,0,0,0,0,0,No Failure,216.1
2567,L12566,L,298.36,308.44,1171.7,55.42,22.0,3.03,0,0,0,0,0,0,No Failure,270.6
2568,L12567,L,302.32,312.17,1513.1,45.61,54.7,3.9,0,0,0,0,0,0,No Failure,230.0
2569,H12568,H,302.45,312.97,1164.5,57.97,149.8,4.06,0,0,0,0,0,0,No Failure,96.8
2570,H12569,H,301.9,311.76,1566.9,48.47,10.1,2.43,0,0,0,0,0,0,No Failure,286.9
2571,L12570,L,301.05,312.31,1495.7,34.38,39.7,2.29,0,0,0,0,0,0,No Failure,251.9
2572,H12571,H,300.19,309.86,1781.6,30.93,248.9,3.42,1,0,0,0,0,1,TWF,11.5
2573,L12572,L,299.01,308.02,1665.4,48.17,95.6,3.17,0,0,0,0,0,0,No Failure,172.1
2574,L12573,L,298.09,307.03,1443.8,27.85,124.1,2.06,0,0,0,0,0,0,No Failure,153.3
2575,L12574,L,300.73,311.46,1465.3,40.35,2.8,2.36,0,0,0,0,0,0,No Failure,296.6
2576,M12575,M,297.65,307.68,1606.1,38.4,148.0,2.8,0,0,0,0,0,0,No Failure,117.1
2577,H12576,H,298.01,308.65,1435.5,40.56,81.3,2.77,0,0,0,0,0,0,No Failure,198.4
2578,M12577,M,302.31,312.92,1532.2,50.23,132.5,2.13,0,0,0,0,0,0,No Failure,125.9
2579,L12578,L,303.8,311.78,1773.7,37.16,131.5,2.44,0,0,0,0,0,0,No Failure,118.0
2580,M12579,M,300.79,309.65,1389.6,40.47,241.9,5.64,1,0,0,0,0,1,TWF,8.9
2581,L12580,L,302.21,311.19,1457.9,36.72,67.1,2.0,0,0,0,0,0,0,No Failure,217.4
2582,H12581,H,299.51,308.69,1483.0,42.43,142.6,1.88,0,0,0,0,0,0,No Failure,120.2
2583,M12582,M,297.32,306.9,2103.3,36.69,95.4,1.62,0,0,0,0,0,0,No Failure,182.3
2584,L12583,L,301.22,312.22,1646.9,37.4,105.5,2.72,0,0,0,0,0,0,No Failure,170.2
2585,M12584,M,301.14,312.34,1740.6,33.53,13.9,2.36,0,0,0,0,0,0,No Failure,283.2
2586,M12585,M,300.14,309.85,1675.5,30.94,172.1,1.82,0,0,0,0,0,0,No Failure,95.1
2587,L12586,L,299.52,309.26,1687.5,38.17,48.8,1.76,0,0,0,0,0,0,No Failure,239.7
2588,M12587,M,301.92,311.22,1622.8,39.2,117.1,1.75,0,0,0,0,0,0,No Failure,154.6
2589,L12588,L,298.03,308.12,1603.4,32.35,108.6,2.13,0,0,0,0,0,0,No Failure,169.8
2590,M12589,M,298.45,308.65,1278.3,54.12,117.0,3.18,0,0,0,0,0,0,No Failure,144.0
2591,H12590,H,297.98,308.79,1602.1,49.39,93.9,2.09,0,0,0,0,0,0,No Failure,174.7
2592,H12591,H,300.17,310.97,1518.6,39.85,60.6,2.83,0,0,0,0,0,0,No Failure,224.5
2593,M12592,M,297.82,305.52,1635.6,38.8,112.2,3.44,0,0,0,0,0,0,No Failure,135.0
2594,M12593,M,298.63,308.48,1525.3,31.6,11.6,2.6,0,0,0,0,0,0,No Failure,286.2
2595,L12594,L,298.59,309.97,1674.6,40.99,60.6,2.04,0,0,0,0,0,0,No Failure,224.1
2596,M12595,M,299.48,309.04,1706.2,38.41,196.2,2.45,0,0,0,0,0,0,No Failure,57.4
2597,L12596,L,297.03,308.16,1100.0,52.26,210.7,4.46,0,0,0,1,0,1,OSF,6.1
2598,L12597,L,300.17,309.87,1460.3,35.88,178.8,3.54,0,0,0,0,0,0,No Failure,81.7
2599,L12598,L,302.49,312.67,1205.5,62.7,158.1,1.46,0,0,0,0,0,0,No Failure,80.8
2600,L12599,L,300.27,309.13,1580.8,40.64,202.8,3.17,0,0,0,0,0,0,No Failure,43.7
2601,M12600,M,303.08,311.98,1484.2,34.0,32.0,1.45,0,0,0,0,0,0,No Failure,259.4
2602,L12601,L,302.67,313.39,1780.7,39.68,131.3,2.99,0,0,0,0,0,0,No Failure,136.6
2603,M12602,M,301.56,312.44,1575.1,39.7,29.1,2.25,0,0,0,0,0,0,No Failure,263.8
2604,L12603,L,300.15,310.18,1451.1,41.76,194.5,3.6,0,0,0,0,0,0,No Failure,55.6
2605,L12604,L,300.05,308.82,1706.0,42.02,130.1,2.9,0,0,0,0,0,0,No Failure,131.7
2606,M12605,M,301.53,311.57,1481.0,22.22,202.5,6.22,0,0,1,0,0,1,PWF,8.3
2607,L12606,L,299.22,310.47,1448.9,28.76,199.8,1.93,0,0,0,0,0,0,No Failure,64.9
2608,L12607,L,296.23,307.98,1608.5,46.96,116.6,3.58,0,0,0,0,0,0,No Failure,149.8
2609,M12608,M,300.98,310.67,1826.7,31.94,124.2,4.19,0,0,0,0,0,0,No Failure,151.4
2610,L12609,L,297.74,306.08,1690.8,32.5,7.1,3.71,0,0,0,0,0,0,No Failure,278.3
2611,H12610,H,298.08,308.92,1639.5,27.23,130.9,1.9,0,0,0,0,0,0,No Failure,147.2
2612,L12611,L,300.0,309.72,2030.4,30.91,169.4,2.39,0,0,0,0,0,0,No Failure,98.4
2613,L12612,L,299.81,310.75,1406.9,44.87,58.4,1.79,0,0,0,0,0,0,No Failure,225.5
2614,M12613,M,297.18,307.46,1402.9,52.85,246.6,5.35,1,0,0,1,0,1,TWF,9.0
2615,L12614,L,300.33,309.45,1564.1,40.97,243.7,5.26,1,0,0,0,0,1,TWF,6.6
2616,L12615,L,301.93,311.99,1809.2,31.04,70.7,2.94,0,0,0,0,0,0,No Failure,215.8
2617,L12616,L,297.74,309.05,1369.4,46.65,178.2,2.82,0,0,0,0,0,0,No Failure,70.6
2618,L12617,L,302.54,312.4,1852.1,40.16,7.5,1.47,0,0,0,0,0,0,No Failure,290.6
2619,H12618,H,296.88,305.84,1280.4,53.1,166.4,2.48,0,0,0,0,0,0,No Failure,78.5
2620,L12619,L,304.23,312.65,1516.3,43.92,156.0,2.81,0,0,0,0,0,0,No Failure,90.1
2621,M12620,M,299.18,308.41,1569.1,40.16,205.5,3.07,0,0,0,0,0,0,No Failure,43.7
2622,H12621,H,300.29,309.88,1380.0,39.41,76.1,2.76,0,0,0,0,0,0,No Failure,205.5
2623,L12622,L,296.22,307.04,1426.8,34.82,219.5,2.79,0,0,0,0,0,0,No Failure,33.5
2624,H12623,H,299.88,308.75,1680.6,27.36,214.5,2.36,0,0,0,0,0,0,No Failure,47.0
2625,L12624,L,300.46,312.01,1796.0,36.16,167.4,2.66,0,0,0,0,0,0,No Failure,95.3
2626,H12625,H,299.83,308.49,1159.5,55.24,118.1,4.05,0,0,0,0,0,0,No Failure,135.0
2627,L12626,L,298.87,311.21,1570.3,45.87,154.6,3.22,0,0,0,0,0,0,No Failure,101.8
2628,M12627,M,298.11,309.83,1517.7,43.47,182.5,2.72,0,0,0,0,0,0,No Failure,68.7
2629,L12628,L,302.26,312.4,1557.2,45.89,243.8,5.68,0,0,0,1,0,1,OSF,6.9
2630,L12629,L,300.06,308.41,1481.3,39.59,30.4,2.55,0,0,0,0,0,0,No Failure,249.2
2631,M12630,M,303.08,313.03,1307.0,51.3,78.3,2.54,0,0,0,0,0,0,No Failure,197.0
2632,M12631,M,298.95,308.56,1814.1,26.06,195.2,3.07,0,0,0,0,0,0,No Failure,73.5
2633,L12632,L,299.13,307.86,1745.5,33.95,102.3,2.14,0,0,0,0,0,0,No Failure,170.8
2634,L12633,L,301.63,311.92,1519.4,26.67,168.1,2.42,0,0,0,0,0,0,No Failure,104.3
2635,M12634,M,296.75,305.93,1450.6,41.58,33.3,1.68,0,0,0,0,0,0,No Failure,258.2
2636,M12635,M,297.57,306.86,1428.9,50.56,177.3,2.97,0,0,0,0,0,0,No Failure,67.5
2637,H12636,H,302.19,311.99,1100.0,55.04,168.5,3.14,0,0,0,0,0,0,No Failure,74.4
2638,M12637,M,297.66,307.08,1601.3,42.52,146.5,2.86,0,0,0,0,0,0,No Failure,115.2
2639,H12638,H,296.36,308.44,1677.7,37.68,191.3,2.36,0,0,0,0,0,0,No Failure,64.3
2640,M12639,M,303.74,313.2,1562.7,34.4,220.0,2.47,0,0,0,0,0,0,No Failure,33.4
2641,L12640,L,297.21,307.65,1522.5,38.1,207.3,2.59,0,0,0,0,0,0,No Failure,44.1
2642,L12641,L,300.37,310.51,1561.9,46.67,31.9,3.16,0,0,0,0,0,0,No Failure,258.9
2643,M12642,M,300.14,310.49,1385.3,48.33,186.1,3.12,0,0,0,0,0,0,No Failure,58.6
2644,M12643,M,294.38,304.81,1448.6,37.1,112.4,1.64,0,0,0,0,0,0,No Failure,161.9
2645,L12644,L,299.47,310.35,1508.2,30.07,83.5,1.97,0,0,0,0,0,0,No Failure,201.1
2646,L12645,L,300.9,311.16,1662.7,37.53,219.9,2.76,0,0,0,0,0,0,No Failure,29.3
2647,H12646,H,300.71,310.93,1784.8,29.54,139.9,1.7,0,0,0,0,0,0,No Failure,134.7
2648,M12647,M,301.81,311.87,1497.0,38.84,125.3,3.05,0,0,0,0,0,0,No Failure,144.7
2649,L12648,L,299.23,309.09,1351.0,34.23,196.1,2.33,0,0,0,0,0,0,No Failure,62.5
2650,L12649,L,301.43,310.51,1544.4,46.14,138.3,2.92,0,0,0,0,0,0,No Failure,122.4
2651,L12650,L,298.62,308.56,1898.1,30.93,214.5,2.52,0,0,0,0,0,0,No Failure,44.7
2652,L12651,L,297.18,307.42,1366.6,44.29,25.7,2.44,0,0,0,0,0,0,No Failure,267.3
2653,L12652,L,297.4,307.81,1696.6,29.54,194.0,1.85,0,0,0,0,0,0,No Failure,70.7
2654,L12653,L,297.08,307.26,1777.1,31.82,41.0,2.17,0,0,0,0,0,0,No Failure,251.0
2655,M12654,M,302.02,311.79,1473.6,41.58,56.3,2.43,0,0,0,0,0,0,No Failure,229.3
2656,L12655,L,296.97,306.91,1412.6,38.18,44.9,2.41,0,0,0,0,0,0,No Failure,244.6
2657,H12656,H,300.55,309.99,1640.9,35.05,59.6,2.93,0,0,0,0,0,0,No Failure,227.5
2658,H12657,H,299.47,309.78,1601.2,47.18,183.0,2.11,0,0,0,0,0,0,No Failure,63.9
2659,L12658,L,299.79,309.57,1662.4,23.84,163.8,2.48,0,0,0,0,0,0,No Failure,112.1
2660,M12659,M,302.73,312.91,1909.2,32.72,57.4,3.4,0,0,0,0,0,0,No Failure,231.0
2661,L12660,L,299.12,310.12,1567.9,32.77,67.5,2.99,0,0,0,0,0,0,No Failure,218.8
2662,H12661,H,301.22,310.51,1324.6,54.65,24.8,2.56,0,0,0,0,0,0,No Failure,266.8
2663,L12662,L,300.08,310.67,1549.9,37.45,103.6,1.63,0,0,0,0,0,0,No Failure,172.5
2664,M12663,M,299.7,309.73,1581.2,30.61,94.6,1.68,0,0,0,0,0,0,No Failure,187.5
2665,M12664,M,304.6,316.62,1764.8,32.49,36.5,2.88,0,0,0,0,0,0,No Failure,256.3
2666,L12665,L,297.12,306.9,1502.8,42.37,208.7,2.94,0,0,0,0,0,0,No Failure,36.9
2667,L12666,L,302.58,313.27,1464.8,60.39,213.1,3.35,0,0,1,1,0,1,PWF,8.0
2668,M12667,M,301.31,311.33,1292.6,31.65,27.3,2.92,0,0,0,0,0,0,No Failure,267.4
2669,M12668,M,299.04,307.65,1636.0,28.28,66.6,2.16,0,0,0,0,0,0,No Failure,214.1
2670,L12669,L,303.26,312.74,2137.3,37.21,184.0,2.26,0,0,0,0,0,0,No Failure,70.6
2671,M12670,M,296.3,307.18,1498.2,29.49,217.5,3.03,0,0,0,0,0,0,No Failure,43.0
2672,L12671,L,298.96,308.52,1618.9,37.13,17.9,2.94,0,0,0,0,0,0,No Failure,278.0
2673,M12672,M,297.58,305.36,1439.9,38.28,225.6,5.25,1,0,0,0,0,1,TWF,2.0
2674,L12673,L,300.82,310.79,1308.6,41.37,15.4,2.91,0,0,0,0,0,0,No Failure,280.7
2675,H12674,H,297.77,306.68,1615.7,35.93,158.4,2.28,0,0,0,0,0,0,No Failure,104.7
2676,L12675,L,300.87,311.0,1543.0,36.56,5.5,2.03,0,0,0,0,0,0,No Failure,293.2
2677,L12676,L,299.63,311.18,1111.0,61.41,232.1,5.61,1,0,0,1,0,1,TWF,4.1
2678,L12677,L,299.04,309.81,1826.2,42.15,88.4,3.3,0,0,0,0,0,0,No Failure,188.0
2679,L12678,L,300.78,312.31,1612.5,40.19,162.2,2.11,0,0,0,0,0,0,No Failure,97.7
2680,M12679,M,299.46,308.9,1551.2,37.03,46.2,2.18,0,0,0,0,0,0,No Failure,243.3
2681,L12680,L,297.82,307.68,1462.5,42.84,80.3,3.03,0,0,0,0,0,0,No Failure,198.5
2682,H12681,H,305.6,314.56,1610.5,42.89,186.8,2.08,0,0,0,0,0,0,No Failure,63.0
2683,L12682,L,299.03,308.34,1618.8,44.08,243.2,4.82,1,0,0,0,0,1,TWF,9.4
2684,L12683,L,295.56,304.64,1609.8,39.86,248.0,4.76,1,0,0,0,0,1,TWF,5.7
2685,L12684,L,298.32,307.01,1729.2,45.39,202.4,2.33,0,0,0,0,0,0,No Failure,32.7
2686,L12685,L,297.47,308.83,1769.9,29.59,211.8,3.09,0,0,0,0,0,0,No Failure,49.6
2687,L12686,L,301.65,309.56,1897.0,39.61,242.4,1.92,0,0,0,0,0,0,No Failure,1.0
2688,L12687,L,300.64,312.01,1388.2,48.15,10.1,2.15,0,0,0,0,0,0,No Failure,286.9
2689,L12688,L,300.8,312.04,1435.4,37.53,42.5,2.73,0,0,0,0,0,0,No Failure,247.6
2690,L12689,L,299.26,309.76,1602.7,39.07,13.2,1.42,0,0,0,0,0,0,No Failure,283.7
2691,M12690,M,299.44,308.33,1398.5,45.01,125.3,2.54,0,0,0,0,0,0,No Failure,137.7
2692,M12691,M,299.26,307.68,1427.4,41.04,239.6,3.2,0,0,0,0,0,0,No Failure,1.0
2693,L12692,L,299.84,309.29,1623.1,35.9,145.6,3.02,0,0,0,0,0,0,No Failure,122.2
2694,L12693,L,301.67,312.3,1699.3,24.64,138.9,2.47,0,0,0,0,0,0,No Failure,140.1
2695,H12694,H,300.67,310.68,1766.4,29.14,206.7,2.51,0,0,0,0,0,0,No Failure,56.3
2696,M12695,M,301.0,309.96,1503.5,38.24,232.2,6.35,1,0,0,0,0,1,TWF,8.3
2697,M12696,M,301.0,312.15,1620.9,33.01,174.6,3.32,0,0,0,0,0,0,No Failure,89.9
2698,L12697,L,301.77,313.45,1581.5,31.95,223.8,2.44,0,0,0,0,0,0,No Failure,32.1
2699,M12698,M,300.58,310.35,1541.2,46.36,43.8,2.12,0,0,0,0,0,0,No Failure,243.7
2700,M12699,M,300.72,310.83,1391.9,42.38,125.9,3.01,0,0,0,0,0,0,No Failure,141.3
2701,M12700,M,302.38,310.87,1369.2,58.99,91.2,5.44,0,1,0,0,0,1,HDF,9.7
2702,H12701,H,298.67,308.26,1657.3,37.76,83.1,3.33,0,0,0,0,0,0,No Failure,197.6
2703,L12702,L,298.29,308.8,1388.9,50.48,53.6,2.85,0,0,0,0,0,0,No Failure,229.8
2704,L12703,L,297.63,307.98,1219.9,47.73,223.5,5.67,1,0,0,0,0,1,TWF,13.7
2705,M12704,M,300.37,309.86,1532.3,34.52,112.6,1.5,0,0,0,0,0,0,No Failure,163.5
2706,H12705,H,296.29,306.02,1798.5,35.2,132.6,3.66,0,0,0,0,0,0,No Failure,138.7
2707,L12706,L,300.92,310.48,1100.0,63.61,69.1,3.46,0,0,0,0,0,0,No Failure,203.9
2708,L12707,L,299.78,309.5,1486.4,39.74,240.7,4.49,1,0,0,0,0,1,TWF,10.4
2709,L12708,L,302.27,312.69,1658.9,39.3,152.8,2.61,0,0,0,0,0,0,No Failure,110.2
2710,L12709,L,298.66,306.69,1211.6,51.32,0.2,4.08,0,1,0,0,0,1,HDF,8.7
2711,M12710,M,299.59,309.52,1499.8,39.32,67.0,2.54,0,0,0,0,0,0,No Failure,216.8
2712,M12711,M,302.24,312.59,1334.0,44.65,249.8,4.55,1,0,0,0,0,1,TWF,12.6
2713,L12712,L,302.77,312.2,1357.7,37.2,243.7,5.99,1,0,0,0,0,1,TWF,14.9
2714,L12713,L,298.64,308.16,1466.0,40.85,136.2,1.82,0,0,0,0,0,0,No Failure,129.6
2715,L12714,L,300.36,309.91,1337.0,49.45,141.0,2.26,0,0,0,0,0,0,No Failure,116.1
2716,L12715,L,300.59,310.11,1322.1,47.45,225.4,6.29,1,0,0,0,0,1,TWF,15.0
2717,M12716,M,300.75,310.75,1527.4,40.57,177.1,1.32,0,0,0,0,0,0,No Failure,78.6
2718,H12717,H,299.47,309.6,1936.7,36.06,233.1,5.77,1,0,0,0,0,1,TWF,10.5
2719,H12718,H,302.56,310.46,1673.6,37.21,119.8,2.17,0,0,0,0,0,0,No Failure,130.8
2720,L12719,L,296.22,306.87,1718.9,35.0,244.0,6.71,1,0,0,0,0,1,TWF,4.5
2721,H12720,H,299.16,308.87,1680.7,40.85,134.9,2.7,0,0,0,0,0,0,No Failure,131.2
2722,M12721,M,300.9,312.83,1413.1,43.41,161.2,2.03,0,0,0,0,0,0,No Failure,95.7
2723,M12722,M,300.91,309.72,1593.6,35.99,20.6,3.37,0,0,0,0,0,0,No Failure,271.0
2724,L12723,L,302.71,311.84,1734.5,37.87,152.9,2.51,0,0,0,0,0,0,No Failure,111.5
2725,L12724,L,302.4,312.19,1686.3,35.33,191.9,2.58,0,0,0,0,0,0,No Failure,66.3
2726,L12725,L,299.43,309.84,1572.8,36.18,109.8,3.03,0,0,0,0,0,0,No Failure,165.7
2727,L12726,L,302.6,310.65,1631.1,37.87,125.6,2.14,0,0,0,0,0,0,No Failure,126.1
2728,L12727,L,298.57,307.74,1978.9,31.49,98.3,3.37,0,0,0,0,0,0,No Failure,182.6
2729,L12728,L,301.86,312.45,1688.3,27.81,242.3,5.89,1,0,0,0,0,1,TWF,12.6
2730,L12729,L,303.62,312.67,1481.6,42.83,119.2,2.12,0,0,0,0,0,0,No Failure,149.4
2731,M12730,M,302.43,313.8,1524.7,52.28,31.6,2.24,0,0,0,0,0,0,No Failure,254.8
2732,L12731,L,300.21,309.76,1349.3,37.61,7.2,1.75,0,0,0,0,0,0,No Failure,291.1
2733,L12732,L,299.34,308.44,1958.1,27.12,193.1,2.68,0,0,0,0,0,0,No Failure,74.6
2734,H12733,H,296.94,307.55,1825.1,52.34,136.9,4.86,0,0,1,0,0,1,PWF,8.5
2735,H12734,H,300.62,312.23,1552.9,32.88,0.7,2.69,0,0,0,0,0,0,No Failure,299.2
2736,M12735,M,297.77,308.19,1928.4,40.12,95.6,1.48,0,0,0,0,0,0,No Failure,179.7
2737,H12736,H,298.41,309.67,1651.2,34.74,228.5,4.04,1,0,0,0,0,1,TWF,3.4
2738,M12737,M,297.62,309.3,1460.9,41.49,236.9,3.54,1,0,0,0,0,1,TWF,9.2
2739,H12738,H,299.08,308.16,1700.3,34.37,13.4,2.8,0,0,0,0,0,0,No Failure,283.8
2740,L12739,L,299.94,310.88,1609.4,40.26,30.9,2.14,0,0,0,0,0,0,No Failure,261.5
2741,L12740,L,300.55,309.02,1688.0,24.49,1.2,2.78,0,0,0,0,0,0,No Failure,288.1
2742,L12741,L,298.8,309.22,1292.9,47.71,217.2,2.18,0,0,0,0,0,0,No Failure,19.1
2743,L12742,L,302.14,312.07,1393.0,40.25,17.7,3.48,0,0,0,0,0,0,No Failure,277.9
2744,L12743,L,299.58,310.83,1804.4,20.21,27.0,2.53,0,0,0,0,0,0,No Failure,269.7
2745,M12744,M,298.42,309.6,1841.1,40.44,56.9,3.05,0,0,0,0,0,0,No Failure,228.9
2746,M12745,M,300.45,311.02,1791.3,18.74,229.3,5.64,1,0,0,0,0,1,TWF,11.7
2747,M12746,M,303.93,314.23,1935.1,46.04,172.1,5.88,0,0,1,0,0,1,PWF,2.2
2748,L12747,L,300.67,311.18,1641.3,40.87,154.2,2.04,0,0,0,0,0,0,No Failure,107.0
2749,H12748,H,299.27,309.34,1628.8,27.31,196.2,2.47,0,0,0,0,0,0,No Failure,70.9
2750,M12749,M,296.95,306.88,1374.5,53.02,173.3,2.22,0,0,0,0,0,0,No Failure,70.1
2751,L12750,L,299.56,311.0,1434.1,36.59,186.5,3.62,0,0,0,0,0,0,No Failure,71.5
2752,M12751,M,300.47,312.03,1182.1,45.82,18.4,1.79,0,0,0,0,0,0,No Failure,276.4
2753,L12752,L,299.22,309.08,1480.5,27.92,147.4,3.74,0,0,0,0,0,0,No Failure,127.2
2754,L12753,L,296.67,306.91,1169.5,45.26,188.3,1.68,0,0,0,0,0,0,No Failure,59.3
2755,H12754,H,298.3,308.38,1731.5,29.43,141.4,2.94,0,0,0,0,0,0,No Failure,133.0
2756,L12755,L,302.91,311.3,1607.5,43.05,2.9,2.13,0,0,0,0,0,0,No Failure,284.0
2757,L12756,L,302.87,312.53,1175.3,59.22,52.8,2.65,0,0,0,0,0,0,No Failure,228.0
2758,H12757,H,298.23,309.83,1504.0,31.21,240.7,2.4,0,0,0,0,0,0,No Failure,13.0
2759,M12758,M,301.35,310.6,1890.2,33.64,176.2,2.0,0,0,0,0,0,0,No Failure,87.4
2760,L12759,L,297.64,309.76,1515.5,26.71,172.1,2.55,0,0,0,0,0,0,No Failure,99.6
2761,L12760,L,302.81,313.98,1359.3,46.06,165.1,2.25,0,0,0,0,0,0,No Failure,88.1
2762,L12761,L,300.49,310.89,1218.4,64.38,32.0,2.84,0,0,0,0,0,0,No Failure,253.2
2763,M12762,M,301.9,312.46,1223.7,36.57,1.0,1.9,0,0,0,0,0,0,No Failure,298.7
2764,L12763,L,296.57,305.65,1633.9,29.62,110.2,2.78,0,0,0,0,0,0,No Failure,169.8
2765,L12764,L,301.36,311.09,1460.3,46.18,111.1,3.02,0,0,0,0,0,0,No Failure,157.4
2766,H12765,H,299.98,311.43,1475.2,46.59,203.0,2.44,0,0,0,0,0,0,No Failure,38.9
2767,M12766,M,301.7,311.09,1461.1,34.48,45.4,1.71,0,0,0,0,0,0,No Failure,245.0
2768,L12767,L,301.83,312.89,1512.9,49.97,68.8,3.54,0,0,0,0,0,0,No Failure,210.1
2769,M12768,M,300.13,308.75,1318.3,39.8,19.6,2.78,0,0,0,0,0,0,No Failure,268.1
2770,M12769,M,298.8,307.6,1594.6,49.34,100.0,2.07,0,0,0,0,0,0,No Failure,163.3
2771,L12770,L,301.56,313.46,1283.3,50.03,64.0,2.8,0,0,0,0,0,0,No Failure,216.3
2772,L12771,L,299.88,309.87,1402.7,51.67,65.7,1.49,0,0,0,0,0,0,No Failure,213.4
2773,H12772,H,298.25,307.72,1718.9,37.5,63.5,3.21,0,0,0,0,0,0,No Failure,221.8
2774,L12773,L,298.16,309.52,1605.3,41.97,57.9,3.77,0,0,0,0,0,0,No Failure,227.2
2775,M12774,M,297.05,308.29,1660.7,41.1,79.9,2.99,0,0,0,0,0,0,No Failure,199.8
2776,L12775,L,298.98,309.9,1922.9,39.22,134.2,1.9,0,0,0,0,0,0,No Failure,133.4
2777,L12776,L,302.21,311.64,1527.3,39.05,109.4,1.31,0,0,0,0,0,0,No Failure,164.3
2778,L12777,L,300.36,310.07,1541.8,32.62,15.9,3.32,0,0,0,0,0,0,No Failure,281.0
2779,L12778,L,298.94,309.25,1490.7,39.7,106.5,2.41,0,0,0,0,0,0,No Failure,167.5
2780,L12779,L,301.61,312.3,1458.6,36.46,211.6,2.27,0,0,0,0,0,0,No Failure,41.0
2781,L12780,L,298.34,307.83,1357.1,40.0,25.2,3.2,0,0,0,0,0,0,No Failure,268.6
2782,H12781,H,300.19,310.36,1553.0,50.22,236.1,4.43,1,0,0,0,0,1,TWF,10.9
2783,H12782,H,299.64,309.91,1601.6,41.82,77.1,2.96,0,0,0,0,0,0,No Failure,203.0
2784,M12783,M,301.56,312.85,1611.5,41.27,3.6,2.51,0,0,0,0,0,0,No Failure,295.4
2785,H12784,H,296.85,307.6,1549.5,46.23,63.3,2.65,0,0,0,0,0,0,No Failure,218.7
2786,L12785,L,298.3,306.79,1703.8,39.54,17.4,3.48,0,0,0,0,0,0,No Failure,268.2
2787,H12786,H,296.72,306.51,1543.3,51.95,141.6,2.21,0,0,0,0,0,0,No Failure,109.2
2788,L12787,L,299.48,308.55,1464.7,26.3,79.1,2.15,0,0,0,0,0,0,No Failure,208.1
2789,H12788,H,302.42,312.99,1372.1,36.75,201.7,2.38,0,0,0,0,0,0,No Failure,52.7
2790,H12789,H,298.99,309.91,1260.7,42.69,183.2,1.78,0,0,0,0,0,0,No Failure,68.7
2791,M12790,M,298.98,309.08,1799.4,23.71,117.1,3.06,0,0,0,0,0,0,No Failure,165.8
2792,H12791,H,301.74,311.48,1412.9,43.26,140.2,2.98,0,0,0,0,0,0,No Failure,122.5
2793,M12792,M,302.14,312.21,1372.3,44.84,152.2,2.49,0,0,0,0,0,0,No Failure,105.8
2794,L12793,L,299.82,310.03,1463.3,54.83,67.7,1.95,0,0,0,0,0,0,No Failure,205.5
2795,L12794,L,301.37,310.73,1488.2,46.64,34.8,0.85,0,0,0,0,0,0,No Failure,255.2
2796,M12795,M,297.85,306.63,1831.3,29.21,94.1,2.0,0,0,0,0,0,0,No Failure,184.6
2797,L12796,L,302.76,310.71,1479.3,44.02,23.7,2.36,0,0,0,0,0,0,No Failure,248.9
2798,M12797,M,304.3,315.56,2009.4,17.07,78.7,1.36,0,0,0,0,0,0,No Failure,213.0
2799,H12798,H,301.04,311.54,1549.4,39.72,138.2,4.0,0,0,0,0,0,0,No Failure,128.1
2800,L12799,L,295.83,306.19,1906.2,32.1,135.0,2.75,0,0,0,0,0,0,No Failure,138.3
2801,M12800,M,298.88,310.15,1698.0,29.02,30.2,2.83,0,0,0,0,0,0,No Failure,264.5
2802,H12801,H,301.23,309.97,1602.6,36.03,2.1,2.41,0,0,0,0,0,0,No Failure,292.3
2803,H12802,H,299.16,307.42,1820.4,28.11,22.2,2.94,0,0,0,0,0,0,No Failure,259.2
2804,H12803,H,302.54,312.93,1738.9,27.98,9.0,2.32,0,0,0,0,0,0,No Failure,289.4
2805,M12804,M,301.18,311.47,1651.6,41.05,100.1,2.4,0,0,0,0,0,0,No Failure,174.6
2806,H12805,H,298.59,306.86,1952.8,37.96,97.4,3.34,0,0,0,0,0,0,No Failure,165.2
2807,M12806,M,300.06,310.42,1448.8,44.98,60.4,3.16,0,0,0,0,0,0,No Failure,222.9
2808,L12807,L,298.21,307.81,1359.9,41.05,53.9,2.49,0,0,0,0,0,0,No Failure,232.5
2809,L12808,L,299.63,308.83,1417.0,37.71,99.1,3.71,0,0,0,0,0,0,No Failure,177.9
2810,M12809,M,298.89,308.56,1851.7,29.55,21.6,2.45,0,0,0,0,0,0,No Failure,274.4
2811,L12810,L,302.35,309.91,1797.7,31.84,53.6,2.2,0,0,0,0,0,0,No Failure,207.1
2812,M12811,M,304.23,313.64,1444.0,35.45,101.4,2.58,0,0,0,0,0,0,No Failure,176.5
2813,M12812,M,297.14,306.43,1116.5,61.12,23.7,2.68,0,0,0,0,0,0,No Failure,267.4
2814,L12813,L,296.15,306.71,1501.2,38.55,210.2,1.78,0,0,0,0,0,0,No Failure,39.9
2815,M12814,M,299.51,309.35,1356.6,49.58,169.0,2.79,0,0,0,0,0,0,No Failure,79.4
2816,M12815,M,296.96,307.6,1449.6,31.59,95.8,3.77,0,0,0,0,0,0,No Failure,185.6
2817,L12816,L,300.09,307.54,1349.3,39.65,37.6,5.37,0,1,0,0,0,1,HDF,6.4
2818,L12817,L,301.5,310.66,1249.9,54.02,48.5,2.9,0,0,0,0,0,0,No Failure,235.3
2819,L12818,L,302.99,313.54,1875.1,38.11,30.0,2.79,0,0,0,0,0,0,No Failure,262.9
2820,L12819,L,300.4,310.09,1415.6,33.97,40.0,1.9,0,0,0,0,0,0,No Failure,251.6
2821,H12820,H,299.61,310.46,1790.9,35.62,105.6,1.9,0,0,0,0,0,0,No Failure,171.2
2822,L12821,L,296.04,304.24,1498.4,42.35,61.4,2.6,0,0,0,0,0,0,No Failure,206.5
2823,M12822,M,300.05,310.78,1335.6,39.97,221.1,4.36,1,0,0,0,0,1,TWF,12.5
2824,L12823,L,300.14,309.5,1629.1,39.33,240.2,3.81,1,0,0,0,0,1,TWF,14.9
2825,L12824,L,301.28,310.54,1468.0,29.81,172.8,2.29,0,0,0,0,0,0,No Failure,95.5
2826,H12825,H,298.58,309.57,1500.9,33.49,202.2,2.77,0,0,0,0,0,0,No Failure,56.1
2827,M12826,M,299.13,310.29,1563.9,42.56,63.8,2.85,0,0,0,0,0,0,No Failure,219.5
2828,L12827,L,297.04,308.08,1392.6,43.29,166.3,2.0,0,0,0,0,0,0,No Failure,89.5
2829,L12828,L,295.42,307.46,1247.8,48.65,14.5,2.47,0,0,0,0,0,0,No Failure,281.2
2830,L12829,L,297.78,309.05,1528.8,38.02,240.1,6.14,1,0,0,0,0,1,TWF,3.4
2831,L12830,L,296.86,306.06,1710.5,38.83,167.6,1.74,0,0,0,0,0,0,No Failure,92.4
2832,M12831,M,300.67,310.82,1376.6,47.68,79.2,2.04,0,0,0,0,0,0,No Failure,197.5
2833,L12832,L,298.96,308.6,1565.6,43.87,193.3,2.49,0,0,0,0,0,0,No Failure,54.6
2834,L12833,L,298.92,310.95,1807.5,34.07,3.9,1.95,0,0,0,0,0,0,No Failure,295.2
2835,L12834,L,298.03,309.14,1521.9,36.7,94.1,2.3,0,0,0,0,0,0,No Failure,184.7
2836,H12835,H,293.53,303.35,1553.4,34.73,223.9,5.84,1,0,0,0,0,1,TWF,5.3
2837,H12836,H,303.02,313.89,1547.9,31.36,65.8,1.6,0,0,0,0,0,0,No Failure,221.5
2838,L12837,L,298.0,306.77,1415.9,39.56,167.0,3.35,0,0,0,0,0,0,No Failure,87.7
2839,M12838,M,299.18,309.43,1360.2,39.87,90.0,2.7,0,0,0,0,0,0,No Failure,187.9
2840,L12839,L,297.09,306.15,1360.9,55.3,98.1,1.77,0,0,0,0,0,0,No Failure,168.5
2841,L12840,L,301.94,310.26,1603.9,30.08,186.5,2.91,0,0,0,0,0,0,No Failure,65.2
2842,M12841,M,300.29,311.07,1673.7,43.11,227.6,4.74,1,0,0,0,0,1,TWF,1.0
2843,H12842,H,298.35,309.26,1682.1,33.8,41.7,3.22,0,0,0,0,0,0,No Failure,249.7
2844,H12843,H,299.22,309.67,1470.2,39.36,69.2,2.9,0,0,0,0,0,0,No Failure,214.0
2845,M12844,M,303.36,313.17,1733.7,37.42,121.9,2.62,0,0,0,0,0,0,No Failure,150.0
2846,L12845,L,299.85,308.59,1593.0,27.73,153.5,2.32,0,0,0,0,0,0,No Failure,115.0
2847,M12846,M,299.64,308.48,1550.7,33.09,116.9,3.2,0,0,0,0,0,0,No Failure,156.0
2848,L12847,L,298.12,307.15,1100.0,45.86,201.4,2.26,0,0,0,0,0,0,No Failure,41.8
2849,M12848,M,296.21,305.98,1391.7,40.45,192.0,1.66,0,0,0,0,0,0,No Failure,60.2
2850,L12849,L,299.68,310.76,1265.7,41.04,101.3,1.36,0,0,0,0,0,0,No Failure,173.1
2851,M12850,M,300.65,311.71,1650.2,45.58,10.2,1.76,0,0,0,0,0,0,No Failure,287.0
2852,L12851,L,302.2,310.55,1555.0,34.5,48.6,2.98,0,0,0,0,0,0,No Failure,228.1
2853,L12852,L,295.5,304.81,1346.1,27.92,121.7,2.28,0,0,0,0,0,0,No Failure,157.3
2854,H12853,H,297.75,307.03,1592.5,35.34,231.9,2.04,0,0,0,0,0,0,No Failure,17.7
2855,L12854,L,298.84,306.31,1283.2,52.41,141.9,4.87,0,1,0,0,0,1,HDF,10.0
2856,M12855,M,299.99,310.56,1351.2,55.82,132.6,3.0,0,0,0,0,0,0,No Failure,121.9
2857,L12856,L,299.71,309.46,1410.9,40.92,181.0,2.88,0,0,0,0,0,0,No Failure,73.4
2858,L12857,L,299.76,309.64,1634.7,33.09,38.1,2.6,0,0,0,0,0,0,No Failure,254.2
2859,L12858,L,300.82,312.16,1788.5,33.45,36.7,2.14,0,0,0,0,0,0,No Failure,255.7
2860,L12859,L,298.19,308.28,1433.1,44.77,86.3,2.27,0,0,0,0,0,0,No Failure,189.9
2861,H12860,H,301.87,311.44,1774.7,25.91,248.7,2.42,0,0,0,0,0,0,No Failure,11.6
2862,L12861,L,300.87,311.44,1546.5,37.09,219.0,1.96,0,0,0,0,0,0,No Failure,31.0
2863,H12862,H,299.36,310.42,1580.3,37.62,170.0,2.43,0,0,0,0,0,0,No Failure,90.6
2864,M12863,M,303.2,313.5,1526.6,39.62,97.8,1.93,0,0,0,0,0,0,No Failure,178.4
2865,L12864,L,303.11,313.8,1502.7,38.92,138.7,2.72,0,0,0,0,0,0,No Failure,128.1
2866,M12865,M,301.87,311.72,1616.6,30.56,75.9,2.79,0,0,0,0,0,0,No Failure,209.8
2867,M12866,M,293.96,303.88,1670.5,38.29,168.6,3.17,0,0,0,0,0,0,No Failure,91.7
2868,M12867,M,303.16,313.27,1379.7,43.18,104.7,2.66,0,0,0,0,0,0,No Failure,167.5
2869,L12868,L,301.59,310.84,1504.1,39.56,30.1,2.64,0,0,0,0,0,0,No Failure,262.6
2870,L12869,L,304.01,313.44,1836.8,25.09,53.8,2.0,0,0,0,0,0,0,No Failure,237.9
2871,H12870,H,302.47,313.85,1569.7,42.7,152.2,2.47,0,0,0,0,0,0,No Failure,107.8
2872,H12871,H,303.16,315.16,1589.3,31.12,173.6,1.89,0,0,0,0,0,0,No Failure,93.1
2873,H12872,H,301.76,313.35,1746.9,45.66,24.0,1.48,0,0,0,0,0,0,No Failure,265.7
2874,L12873,L,302.7,311.37,1448.3,33.17,202.1,5.59,1,0,0,0,0,1,TWF,8.1
2875,M12874,M,303.99,312.57,1531.9,44.5,206.1,2.2,0,0,0,0,0,0,No Failure,29.1
2876,L12875,L,300.43,309.24,1684.2,22.27,180.8,2.87,0,0,0,0,0,0,No Failure,90.6
2877,L12876,L,296.86,306.99,1759.8,18.29,170.9,3.71,0,0,1,0,0,1,PWF,6.1
2878,L12877,L,299.39,306.58,1114.6,49.95,58.0,5.82,0,1,0,0,0,1,HDF,10.9
2879,M12878,M,300.78,310.19,1406.1,26.85,229.9,4.53,1,0,0,0,0,1,TWF,10.6
2880,L12879,L,300.15,311.56,1359.3,49.25,67.1,2.46,0,0,0,0,0,0,No Failure,212.5
2881,L12880,L,297.51,308.49,1515.8,39.43,45.6,2.16,0,0,0,0,0,0,No Failure,243.3
2882,H12881,H,296.74,306.23,1372.8,53.51,159.6,2.97,0,0,0,0,0,0,No Failure,87.8
2883,L12882,L,298.52,308.08,1656.9,35.04,91.0,2.37,0,0,0,0,0,0,No Failure,189.3
2884,L12883,L,301.62,312.18,1568.9,39.95,233.3,5.01,1,0,0,0,0,1,TWF,4.9
2885,L12884,L,303.16,314.1,1697.2,33.48,115.1,1.4,0,0,0,0,0,0,No Failure,161.2
2886,H12885,H,301.83,311.3,1708.6,29.0,40.9,2.84,0,0,0,0,0,0,No Failure,251.8
2887,M12886,M,302.11,311.88,1659.6,33.31,239.4,5.05,1,0,0,0,0,1,TWF,8.0
2888,L12887,L,299.84,309.27,1477.9,32.17,128.9,2.71,0,0,0,0,0,0,No Failure,145.6
2889,H12888,H,296.52,305.18,1556.7,41.26,129.6,2.37,0,0,0,0,0,0,No Failure,130.8
2890,H12889,H,299.09,308.87,1455.5,39.07,96.5,2.31,0,0,0,0,0,0,No Failure,180.4
2891,L12890,L,299.48,309.19,1293.7,45.68,209.0,2.97,0,0,0,0,0,0,No Failure,32.3
2892,M12891,M,299.01,307.75,1708.7,54.88,71.9,4.29,0,0,1,0,0,1,PWF,7.0
2893,M12892,M,300.11,310.76,1523.0,36.58,3.4,3.17,0,0,0,0,0,0,No Failure,295.8
2894,M12893,M,300.88,311.37,1269.0,49.48,124.3,2.44,0,0,0,0,0,0,No Failure,137.8
2895,L12894,L,301.71,312.4,1634.1,36.34,231.5,4.99,1,0,0,0,0,1,TWF,13.1
2896,H12895,H,299.44,308.68,1497.9,48.16,68.3,2.72,0,0,0,0,0,0,No Failure,211.4
2897,M12896,M,296.19,304.21,1169.3,52.98,66.6,6.83,0,1,0,0,0,1,HDF,5.4
2898,L12897,L,299.03,309.5,1292.1,44.54,184.5,3.21,0,0,0,0,0,0,No Failure,64.9
2899,L12898,L,300.09,309.42,1412.6,58.52,193.9,4.64,0,0,0,1,0,1,OSF,14.8
2900,L12899,L,302.45,311.55,1575.7,32.06,108.9,2.28,0,0,0,0,0,0,No Failure,169.6
2901,L12900,L,298.86,307.61,1679.1,34.38,208.4,1.78,0,0,0,0,0,0,No Failure,42.4
2902,M12901,M,301.03,310.75,1672.9,42.28,43.0,2.92,0,0,0,0,0,0,No Failure,245.8
2903,L12902,L,300.58,312.16,1645.9,30.73,91.8,1.43,0,0,0,0,0,0,No Failure,190.9
2904,L12903,L,300.09,309.58,1531.8,44.53,101.1,3.52,0,0,0,0,0,0,No Failure,171.2
2905,M12904,M,301.86,310.77,1846.3,29.14,78.2,3.01,0,0,0,0,0,0,No Failure,206.0
2906,L12905,L,298.68,309.33,1663.3,43.1,54.4,2.05,0,0,0,0,0,0,No Failure,231.1
2907,H12906,H,298.85,309.02,1577.8,44.87,84.5,3.24,0,0,0,0,0,0,No Failure,192.1
2908,L12907,L,299.98,307.86,1639.4,35.97,4.5,2.83,0,0,0,0,0,0,No Failure,272.1
2909,L12908,L,298.72,309.38,1466.6,33.91,175.8,2.78,0,0,0,0,0,0,No Failure,87.5
2910,L12909,L,301.02,313.14,1527.8,36.53,171.0,2.34,0,0,0,0,0,0,No Failure,90.6
2911,L12910,L,298.57,305.97,1165.3,51.38,112.6,5.37,0,1,0,0,0,1,HDF,7.3
2912,L12911,L,300.45,309.22,1468.8,47.07,80.7,1.65,0,0,0,0,0,0,No Failure,191.2
2913,M12912,M,299.8,306.95,1853.0,34.62,108.5,2.54,0,0,0,0,0,0,No Failure,131.4
2914,H12913,H,300.43,310.35,1564.6,42.11,234.1,2.09,0,0,0,0,0,0,No Failure,5.2
2915,L12914,L,299.08,310.07,1557.1,40.98,150.9,2.33,0,0,0,0,0,0,No Failure,111.1
2916,M12915,M,299.32,309.43,1716.8,40.87,182.8,2.09,0,0,0,0,0,0,No Failure,71.2
2917,M12916,M,300.19,311.58,1602.1,36.05,57.4,2.12,0,0,0,0,0,0,No Failure,229.9
2918,H12917,H,300.4,311.23,1397.2,44.1,23.7,3.27,0,0,0,0,0,0,No Failure,269.9
2919,L12918,L,299.99,311.69,1542.2,39.1,20.8,1.64,0,0,0,0,0,0,No Failure,274.2
2920,L12919,L,303.41,314.57,1334.8,41.89,118.0,2.75,0,0,0,0,0,0,No Failure,151.6
2921,L12920,L,298.02,307.62,1570.9,45.28,179.2,1.82,0,0,0,0,0,0,No Failure,70.9
2922,M12921,M,299.87,309.94,1388.0,50.16,193.5,3.29,0,0,0,0,0,0,No Failure,46.7
2923,H12922,H,296.85,305.98,1704.2,43.65,180.1,2.76,0,0,0,0,0,0,No Failure,71.5
2924,L12923,L,300.74,310.51,1446.7,36.13,228.2,5.07,1,0,0,0,0,1,TWF,7.9
2925,L12924,L,297.77,307.83,1390.4,45.61,13.0,2.7,0,0,0,0,0,0,No Failure,283.4
2926,H12925,H,299.44,309.36,1517.8,47.18,213.8,2.08,0,0,0,0,0,0,No Failure,24.1
2927,H12926,H,299.26,310.6,1603.4,47.94,165.2,2.64,0,0,0,0,0,0,No Failure,85.6
2928,H12927,H,300.56,310.23,1321.9,34.83,43.9,1.7,0,0,0,0,0,0,No Failure,246.7
2929,M12928,M,298.89,307.96,1444.7,41.51,170.6,3.24,0,0,0,0,0,0,No Failure,85.8
2930,L12929,L,298.81,307.94,1556.8,37.22,127.9,1.3,0,0,0,0,0,0,No Failure,142.8
2931,M12930,M,302.87,313.53,1777.6,44.89,89.8,2.02,0,0,0,0,0,0,No Failure,181.9
2932,M12931,M,300.57,309.17,1100.0,39.08,62.0,3.46,0,1,0,0,0,1,HDF,2.7
2933,L12932,L,298.88,308.68,1648.1,29.07,116.0,2.73,0,0,0,0,0,0,No Failure,163.2
2934,M12933,M,299.5,310.83,1469.3,50.87,59.8,2.2,0,0,0,0,0,0,No Failure,221.5
2935,M12934,M,303.29,313.58,1449.5,38.11,20.7,2.39,0,0,0,0,0,0,No Failure,274.4
2936,L12935,L,299.53,309.46,1416.1,33.26,211.5,2.12,0,0,0,0,0,0,No Failure,45.2
2937,M12936,M,298.62,308.59,1472.9,51.32,148.2,1.68,0,0,0,0,0,0,No Failure,105.0
2938,M12937,M,298.63,307.6,1649.1,26.36,90.9,2.36,0,0,0,0,0,0,No Failure,193.7
2939,H12938,H,298.9,308.04,1441.9,48.77,111.7,1.72,0,0,0,0,0,0,No Failure,154.8
2940,L12939,L,298.81,308.62,1834.9,21.78,216.2,1.4,0,0,0,0,0,0,No Failure,54.8
2941,L12940,L,297.44,307.71,1649.7,26.27,80.0,2.88,0,0,0,0,0,0,No Failure,207.1
2942,M12941,M,297.75,308.7,1573.4,39.53,95.0,1.76,0,0,0,0,0,0,No Failure,181.8
2943,L12942,L,298.34,308.43,1508.3,33.84,191.5,3.37,0,0,0,0,0,0,No Failure,68.6
2944,M12943,M,301.18,312.54,1751.0,36.17,50.1,3.35,0,0,0,0,0,0,No Failure,238.7
2945,M12944,M,299.24,310.84,1777.1,46.38,164.8,3.03,0,0,0,0,0,0,No Failure,81.8
2946,L12945,L,299.59,310.38,1330.1,44.02,108.6,1.82,0,0,0,0,0,0,No Failure,162.0
2947,M12946,M,302.54,313.77,1412.4,53.88,125.0,3.77,0,0,0,0,0,0,No Failure,133.5
2948,M12947,M,302.59,311.6,1651.6,38.6,196.7,1.09,0,0,0,0,0,0,No Failure,56.6
2949,L12948,L,299.44,308.29,1705.7,41.87,248.3,4.25,1,0,0,0,0,1,TWF,14.8
2950,H12949,H,298.74,309.26,1484.2,23.95,207.9,3.0,0,0,0,0,0,0,No Failure,61.5
2951,H12950,H,298.27,306.93,1405.1,47.16,40.1,2.95,0,0,0,0,0,0,No Failure,241.4
2952,M12951,M,301.39,311.1,1552.1,42.04,56.1,2.06,0,0,0,0,0,0,No Failure,229.3
2953,M12952,M,299.59,310.36,1802.3,30.77,102.5,2.03,0,0,0,0,0,0,No Failure,178.1
2954,L12953,L,299.23,310.64,1545.3,52.09,179.8,2.37,0,0,0,0,0,0,No Failure,58.2
2955,H12954,H,298.37,308.12,1311.8,42.29,127.3,2.45,0,0,0,0,0,0,No Failure,139.5
2956,M12955,M,298.46,307.81,1557.6,27.26,225.5,2.22,0,0,0,0,0,0,No Failure,36.7
2957,M12956,M,300.64,310.96,1678.1,41.23,12.2,3.49,0,0,0,0,0,0,No Failure,284.7
2958,H12957,H,297.37,306.3,1519.9,29.51,64.6,2.09,0,0,0,0,0,0,No Failure,222.2
2959,L12958,L,301.99,311.82,1763.2,34.56,54.8,3.38,0,0,0,0,0,0,No Failure,233.5
2960,H12959,H,298.93,308.92,1693.0,44.82,186.0,2.74,0,0,0,0,0,0,No Failure,62.6
2961,L12960,L,299.7,309.67,1526.9,42.78,116.2,3.11,0,0,0,0,0,0,No Failure,153.2
2962,L12961,L,297.33,307.41,1545.7,37.09,3.8,1.6,0,0,0,0,0,0,No Failure,295.4
2963,L12962,L,299.98,309.14,1208.3,47.2,193.4,3.12,0,0,0,0,0,0,No Failure,50.5
2964,H12963,H,299.34,308.62,1754.6,43.05,90.5,3.1,0,0,0,0,0,0,No Failure,185.6
2965,H12964,H,299.9,309.15,1479.0,32.03,65.1,2.1,0,0,0,0,0,0,No Failure,222.1
2966,M12965,M,302.94,311.32,1466.4,46.34,45.7,3.01,0,0,0,0,0,0,No Failure,228.9
2967,M12966,M,300.36,310.7,1439.6,57.03,236.5,4.17,1,0,0,1,0,1,TWF,6.7
2968,M12967,M,298.41,309.31,1619.7,40.85,235.5,2.22,0,0,0,0,0,0,No Failure,5.3
2969,H12968,H,298.58,309.37,1336.0,43.25,19.1,3.2,0,0,0,0,0,0,No Failure,275.8
2970,L12969,L,301.19,310.93,1361.8,42.94,58.2,2.39,0,0,0,0,0,0,No Failure,226.4
2971,L12970,L,302.6,311.79,1528.6,35.89,161.5,2.34,0,0,0,0,0,0,No Failure,102.8
2972,L12971,L,300.56,311.31,1425.9,37.52,167.6,3.34,0,0,0,0,0,0,No Failure,93.7
2973,M12972,M,301.38,312.02,1598.0,38.37,104.4,1.33,0,0,0,0,0,0,No Failure,170.9
2974,M12973,M,301.22,311.44,1432.4,46.64,142.1,2.39,0,0,0,0,0,0,No Failure,117.1
2975,L12974,L,302.84,314.58,1823.5,44.18,175.7,2.46,0,0,0,0,0,0,No Failure,72.2
2976,L12975,L,296.1,306.07,1662.1,22.4,237.6,2.02,0,0,0,0,0,0,No Failure,29.6
2977,H12976,H,301.33,311.08,1659.9,19.07,181.3,5.96,0,0,1,0,0,1,PWF,2.3
2978,L12977,L,301.97,311.57,1429.7,53.38,27.6,1.95,0,0,0,0,0,0,No Failure,263.4
2979,M12978,M,297.32,305.76,1968.6,30.88,179.5,1.96,0,0,0,0,0,0,No Failure,75.2
2980,H12979,H,298.23,308.89,1459.4,41.88,16.9,1.02,0,0,0,0,0,0,No Failure,278.7
2981,L12980,L,298.3,308.19,1410.2,46.06,125.6,3.17,0,0,0,0,0,0,No Failure,138.8
2982,L12981,L,298.54,309.05,1664.5,34.74,131.7,2.3,0,0,0,0,0,0,No Failure,140.1
2983,M12982,M,299.04,310.88,1572.9,51.97,194.6,2.3,0,0,0,0,0,0,No Failure,37.6
2984,H12983,H,300.49,310.09,1391.5,46.56,2.9,2.37,0,0,0,0,0,0,No Failure,296.3
2985,M12984,M,301.73,309.39,1931.1,27.94,218.7,3.22,0,0,0,0,0,0,No Failure,17.0
2986,H12985,H,302.16,312.64,1712.6,32.53,166.0,3.47,0,0,0,0,0,0,No Failure,100.8
2987,L12986,L,298.32,308.49,1538.7,37.99,7.8,1.46,0,0,0,0,0,0,No Failure,290.4
2988,M12987,M,298.31,307.58,1967.8,25.05,40.0,2.22,0,0,0,0,0,0,No Failure,253.8
2989,M12988,M,302.63,313.03,1683.1,47.47,9.9,1.82,0,0,0,0,0,0,No Failure,283.6
2990,H12989,H,301.29,312.08,1535.9,39.93,191.5,2.37,0,0,0,0,0,0,No Failure,61.5
2991,L12990,L,300.17,309.22,1946.4,22.63,42.7,2.45,0,0,0,0,0,0,No Failure,251.3
2992,H12991,H,300.95,310.65,1656.0,39.07,11.4,1.47,0,0,0,0,0,0,No Failure,285.9
2993,M12992,M,299.94,311.42,1648.1,46.48,34.5,2.72,0,0,0,0,0,0,No Failure,255.4
2994,L12993,L,301.05,310.33,1468.8,48.27,139.9,2.23,0,0,0,0,0,0,No Failure,118.6
2995,L12994,L,299.33,309.39,1546.8,33.47,123.9,2.97,0,0,0,0,0,0,No Failure,150.6
2996,H12995,H,300.54,307.91,1464.5,33.21,61.6,2.52,0,0,0,0,0,0,No Failure,193.4
2997,L12996,L,296.98,305.5,1795.7,43.4,235.7,1.47,0,0,0,0,0,0,No Failure,1.0
2998,L12997,L,298.62,308.78,1249.9,36.63,213.7,2.87,0,0,0,0,0,0,No Failure,38.1
2999,L12998,L,298.65,309.87,1782.5,36.26,78.6,1.7,0,0,0,0,0,0,No Failure,203.8
3000,H12999,H,299.25,307.89,1381.0,39.47,118.6,1.76,0,0,0,0,0,0,No Failure,145.3
3001,M13000,M,298.15,308.22,1527.6,48.47,129.2,2.31,0,0,0,0,0,0,No Failure,132.3
3002,M13001,M,298.93,308.56,1485.2,33.02,189.0,2.33,0,0,0,0,0,0,No Failure,72.5
3003,L13002,L,296.97,307.92,1444.9,35.95,107.0,1.45,0,0,0,0,0,0,No Failure,169.3
3004,M13003,M,301.1,309.88,1661.5,40.43,136.6,2.41,0,0,0,0,0,0,No Failure,125.0
3005,M13004,M,299.83,310.27,1537.1,44.6,103.1,2.45,0,0,0,0,0,0,No Failure,168.5
3006,H13005,H,296.59,305.94,1418.5,51.82,190.7,2.42,0,0,0,0,0,0,No Failure,48.5
3007,H13006,H,298.33,308.55,1565.6,41.64,139.0,1.49,0,0,0,0,0,0,No Failure,125.4
3008,L13007,L,300.67,310.74,1413.4,44.9,206.9,2.59,0,0,0,0,0,0,No Failure,35.9
3009,M13008,M,298.91,308.66,1441.7,48.96,13.4,2.87,0,0,0,0,0,0,No Failure,282.5
3010,L13009,L,298.61,309.08,1270.0,37.65,226.1,1.69,0,0,0,0,0,0,No Failure,21.5
3011,M13010,M,299.85,309.89,1457.4,35.01,204.8,1.85,0,0,0,0,0,0,No Failure,51.0
3012,L13011,L,300.69,310.55,1626.5,27.88,204.6,2.97,0,0,0,0,0,0,No Failure,60.3
3013,L13012,L,297.13,306.77,1544.6,20.04,35.1,5.55,0,0,1,0,0,1,PWF,5.1
3014,L13013,L,301.1,311.18,1862.9,38.1,65.9,2.4,0,0,0,0,0,0,No Failure,218.7
3015,M13014,M,298.4,308.62,2005.7,39.92,245.1,2.23,0,0,0,0,0,0,No Failure,1.0
3016,L13015,L,299.96,308.98,1454.9,45.13,237.6,2.62,0,0,0,0,0,0,No Failure,1.0
3017,M13016,M,299.93,309.58,1388.8,45.86,56.6,3.31,0,0,0,0,0,0,No Failure,227.4
3018,L13017,L,298.95,307.89,1740.2,35.07,108.2,1.99,0,0,0,0,0,0,No Failure,167.3
3019,L13018,L,297.95,307.91,1598.0,37.93,39.0,2.21,0,0,0,0,0,0,No Failure,251.9
3020,M13019,M,299.43,308.84,1741.3,46.32,65.7,2.19,0,0,0,0,0,0,No Failure,211.2
3021,L13020,L,303.25,314.02,1609.4,48.13,46.2,1.65,0,0,0,0,0,0,No Failure,239.0
3022,L13021,L,297.28,307.95,1503.2,35.82,20.2,3.01,0,0,0,0,0,0,No Failure,275.3
3023,M13022,M,303.38,312.46,1504.2,47.65,144.9,2.66,0,0,0,0,0,0,No Failure,112.7
3024,L13023,L,299.48,309.48,1615.5,45.75,60.2,1.29,0,0,0,0,0,0,No Failure,222.9
3025,L13024,L,300.07,310.71,1500.2,44.55,248.1,5.22,1,0,0,1,0,1,TWF,5.5
3026,L13025,L,297.83,307.65,1756.3,36.88,128.9,3.5,0,0,0,0,0,0,No Failure,141.9
3027,H13026,H,298.46,307.73,1304.9,48.45,89.8,2.67,0,0,0,0,0,0,No Failure,183.5
3028,M13027,M,298.99,307.9,1755.3,23.81,228.3,3.46,0,0,0,0,0,0,No Failure,36.4
3029,M13028,M,297.91,308.76,1202.7,38.89,155.2,2.16,0,0,0,0,0,0,No Failure,107.7
3030,M13029,M,299.58,310.48,1564.0,43.85,31.8,3.08,0,0,0,0,0,0,No Failure,259.7
3031,L13030,L,299.19,308.98,1478.7,32.87,124.5,3.29,0,0,0,0,0,0,No Failure,150.4
3032,L13031,L,303.7,314.47,1266.6,37.65,110.3,2.46,0,0,0,0,0,0,No Failure,164.2
3033,M13032,M,297.67,304.7,1169.3,36.79,191.3,4.75,0,1,0,0,0,1,HDF,13.8
3034,L13033,L,300.21,311.53,1341.5,41.39,173.4,3.16,0,0,0,0,0,0,No Failure,82.4
3035,L13034,L,300.5,310.34,1546.2,41.43,92.7,2.82,0,0,0,0,0,0,No Failure,183.7
3036,L13035,L,297.86,308.0,1430.2,45.14,117.4,3.07,0,0,0,0,0,0,No Failure,150.0
3037,L13036,L,301.37,311.05,1351.7,50.34,129.7,2.75,0,0,0,0,0,0,No Failure,130.1
3038,H13037,H,299.2,310.6,1780.1,30.97,105.6,2.45,0,0,0,0,0,0,No Failure,174.3
3039,L13038,L,295.02,303.95,1317.4,46.29,26.9,2.45,0,0,0,0,0,0,No Failure,264.2
3040,M13039,M,301.32,312.79,1659.6,42.07,226.4,4.49,1,0,0,0,0,1,TWF,4.2
3041,L13040,L,297.77,308.16,1378.9,46.76,168.1,2.74,0,0,0,0,0,0,No Failure,83.5
3042,H13041,H,297.9,308.53,1337.0,40.78,117.4,2.39,0,0,0,0,0,0,No Failure,153.1
3043,L13042,L,301.38,311.05,1429.9,44.06,142.4,2.65,0,0,0,0,0,0,No Failure,119.0
3044,L13043,L,299.31,308.0,1649.0,22.5,53.3,2.02,0,0,0,0,0,0,No Failure,233.2
3045,M13044,M,301.84,312.77,1292.5,46.42,132.6,1.99,0,0,0,0,0,0,No Failure,129.5
3046,M13045,M,302.42,312.73,1589.5,33.42,186.5,2.85,0,0,0,0,0,0,No Failure,75.1
3047,L13046,L,298.71,310.07,1366.0,54.55,133.4,2.73,0,0,0,0,0,0,No Failure,121.8
3048,L13047,L,301.59,311.39,1398.2,36.07,120.2,2.24,0,0,0,0,0,0,No Failure,153.2
3049,L13048,L,298.49,308.07,1609.7,38.09,115.6,3.33,0,0,0,0,0,0,No Failure,157.3
3050,L13049,L,304.47,315.85,1927.1,28.13,190.4,2.01,0,0,0,0,0,0,No Failure,76.6
3051,L13050,L,298.61,310.53,1374.9,39.73,188.3,2.76,0,0,0,0,0,0,No Failure,65.6
3052,L13051,L,302.05,312.06,1666.9,38.64,187.5,2.77,0,0,0,0,0,0,No Failure,67.9
3053,L13052,L,301.69,310.93,1482.0,37.56,61.5,2.53,0,0,0,0,0,0,No Failure,224.2
3054,L13053,L,300.63,311.44,1453.0,54.26,154.5,3.26,0,0,0,0,0,0,No Failure,91.4
3055,M13054,M,298.66,308.4,1729.8,20.86,194.7,3.48,0,0,0,0,0,0,No Failure,80.3
3056,H13055,H,299.7,310.3,1387.0,47.68,140.5,1.81,0,0,0,0,0,0,No Failure,118.3
3057,M13056,M,295.69,305.43,1331.4,44.47,194.7,1.13,0,0,0,0,0,0,No Failure,52.0
3058,L13057,L,300.45,312.01,1620.4,36.68,213.6,4.07,1,0,0,0,0,1,TWF,8.8
3059,L13058,L,300.7,310.0,1823.5,35.02,43.5,1.91,0,0,0,0,0,0,No Failure,247.2
3060,H13059,H,300.27,310.75,1672.2,42.86,76.6,2.24,0,0,0,0,0,0,No Failure,203.2
3061,L13060,L,294.05,303.56,1286.1,48.51,150.3,3.59,0,0,0,0,0,0,No Failure,104.8
3062,L13061,L,297.47,307.19,1427.9,49.03,72.4,4.12,0,0,0,0,0,0,No Failure,205.7
3063,M13062,M,298.5,308.09,1713.3,35.34,235.3,5.15,1,0,0,0,0,1,TWF,14.6
3064,M13063,M,300.58,311.32,1821.0,25.71,48.5,2.63,0,0,0,0,0,0,No Failure,243.8
3065,M13064,M,300.58,311.5,1578.9,37.38,89.2,2.62,0,0,0,0,0,0,No Failure,190.2
3066,L13065,L,299.66,310.22,1434.3,49.9,248.6,5.74,0,0,0,1,0,1,OSF,7.1
3067,L13066,L,301.27,311.16,1832.6,29.86,47.3,1.68,0,0,0,0,0,0,No Failure,244.0
3068,H13067,H,297.95,308.09,1524.6,31.77,112.2,3.24,0,0,0,0,0,0,No Failure,165.9
3069,L13068,L,301.22,312.12,1429.6,46.31,78.4,3.04,0,0,0,0,0,0,No Failure,199.2
3070,M13069,M,300.95,311.88,1399.3,45.24,202.4,3.97,1,0,0,0,0,1,TWF,12.2
3071,M13070,M,300.76,308.06,1324.1,39.92,76.0,5.93,0,1,0,0,0,1,HDF,11.6
3072,M13071,M,299.64,309.36,2045.2,27.71,40.4,1.63,0,0,0,0,0,0,No Failure,252.8
3073,L13072,L,303.66,313.44,1792.4,32.2,233.3,3.59,1,0,0,0,0,1,TWF,4.7
3074,L13073,L,300.99,311.66,1420.5,42.28,79.4,2.66,0,0,0,0,0,0,No Failure,200.0
3075,M13074,M,298.06,308.0,1848.0,36.99,185.4,2.76,0,0,0,0,0,0,No Failure,72.3
3076,H13075,H,300.5,311.22,1633.5,33.9,72.6,2.4,0,0,0,0,0,0,No Failure,212.2
3077,H13076,H,301.5,310.43,1622.9,41.86,44.6,3.16,0,0,0,0,0,0,No Failure,242.3
3078,L13077,L,298.82,309.08,1409.5,38.83,200.6,2.11,0,0,0,0,0,0,No Failure,51.5
3079,L13078,L,302.18,313.08,1446.0,53.16,13.9,3.22,0,0,0,0,0,0,No Failure,281.1
3080,H13079,H,300.76,309.29,1530.4,51.02,83.0,2.97,0,0,0,0,0,0,No Failure,179.7
3081,M13080,M,295.32,307.83,1186.2,44.59,195.0,3.62,0,0,0,0,0,0,No Failure,51.5
3082,H13081,H,300.6,311.79,1450.9,32.78,128.0,1.44,0,0,0,0,0,0,No Failure,146.1
3083,L13082,L,299.19,309.19,1538.8,45.84,172.4,2.21,0,0,0,0,0,0,No Failure,79.0
3084,M13083,M,301.07,310.25,1772.4,35.66,16.7,1.96,0,0,0,0,0,0,No Failure,279.6
3085,M13084,M,301.89,311.71,1427.6,45.89,187.5,2.97,0,0,0,0,0,0,No Failure,59.6
3086,M13085,M,300.39,310.47,1683.4,31.06,43.0,3.44,0,0,0,0,0,0,No Failure,248.8
3087,L13086,L,303.33,313.77,1169.2,50.39,202.2,2.28,0,0,0,0,0,0,No Failure,35.1
3088,L13087,L,299.64,311.14,1746.9,31.93,141.0,2.86,0,0,0,0,0,0,No Failure,131.2
3089,M13088,M,301.25,310.77,1376.8,45.71,184.8,3.37,0,0,0,0,0,0,No Failure,63.2
3090,L13089,L,301.61,312.17,1561.3,29.71,53.2,2.7,0,0,0,0,0,0,No Failure,237.1
3091,L13090,L,299.81,308.51,1610.7,36.55,98.9,2.92,0,0,0,0,0,0,No Failure,173.1
3092,H13091,H,301.56,311.14,1575.6,29.29,200.5,1.31,0,0,0,0,0,0,No Failure,63.3
3093,L13092,L,298.81,309.19,1518.9,35.89,227.7,3.44,0,0,0,0,0,0,No Failure,22.0
3094,H13093,H,299.15,309.85,1315.8,44.92,56.6,2.32,0,0,0,0,0,0,No Failure,227.7
3095,L13094,L,297.38,306.62,1378.8,47.07,198.3,4.1,0,0,0,0,0,0,No Failure,44.2
3096,M13095,M,300.48,310.04,1716.4,39.09,27.1,1.99,0,0,0,0,0,0,No Failure,266.3
3097,H13096,H,300.65,312.11,1431.1,47.25,106.4,2.78,0,0,0,0,0,0,No Failure,162.6
3098,L13097,L,302.36,313.52,1519.5,29.11,234.7,5.07,1,0,0,0,0,1,TWF,9.2
3099,L13098,L,301.58,311.79,1270.9,56.06,236.3,3.11,0,0,0,1,0,1,OSF,5.3
3100,L13099,L,299.43,307.19,1691.7,30.95,74.2,3.57,0,0,0,0,0,0,No Failure,187.0
3101,L13100,L,297.64,310.15,1301.8,42.09,48.2,2.95,0,0,0,0,0,0,No Failure,239.3
3102,M13101,M,300.87,310.85,1702.0,37.13,37.4,1.6,0,0,0,0,0,0,No Failure,254.1
3103,H13102,H,302.22,311.91,1347.8,42.16,120.2,2.72,0,0,0,0,0,0,No Failure,148.6
3104,L13103,L,301.51,310.99,1719.6,37.42,23.0,2.72,0,0,0,0,0,0,No Failure,271.7
3105,L13104,L,302.17,312.55,1539.8,42.8,89.2,2.42,0,0,0,0,0,0,No Failure,187.3
3106,L13105,L,299.58,309.96,1438.0,36.38,4.3,2.14,0,0,0,0,0,0,No Failure,294.8
3107,M13106,M,299.07,310.02,1824.5,31.6,64.8,2.46,0,0,0,0,0,0,No Failure,222.5
3108,L13107,L,298.53,307.6,1525.7,38.25,225.1,3.02,0,0,0,0,0,0,No Failure,22.0
3109,M13108,M,299.89,309.58,1473.2,47.43,111.7,2.99,0,0,0,0,0,0,No Failure,155.6
3110,M13109,M,299.84,311.87,1700.7,32.02,18.4,2.51,0,0,0,0,0,0,No Failure,277.9
3111,M13110,M,300.41,310.64,1273.0,43.57,161.7,2.64,0,0,0,0,0,0,No Failure,94.9
3112,L13111,L,299.74,309.57,1100.0,47.39,238.9,4.98,0,0,0,1,0,1,OSF,4.0
3113,M13112,M,299.73,308.79,1745.3,28.01,115.9,1.92,0,0,0,0,0,0,No Failure,164.2
3114,L13113,L,298.45,308.95,1388.3,33.76,156.1,2.47,0,0,0,0,0,0,No Failure,111.5
3115,L13114,L,301.88,312.91,1692.8,30.52,229.9,4.71,1,0,0,0,0,1,TWF,5.9
3116,H13115,H,300.15,311.03,1546.3,49.96,104.8,1.9,0,0,0,0,0,0,No Failure,162.1
3117,M13116,M,299.65,309.39,1329.6,49.96,166.1,1.05,0,0,0,0,0,0,No Failure,82.8
3118,L13117,L,298.51,308.87,1646.7,45.38,110.2,2.25,0,0,0,0,0,0,No Failure,159.1
3119,L13118,L,297.34,309.01,1464.6,34.32,240.5,6.37,1,0,0,0,0,1,TWF,8.9
3120,L13119,L,302.62,313.69,1345.2,30.97,126.0,3.23,0,0,0,0,0,0,No Failure,150.0
3121,L13120,L,301.11,310.33,1349.8,46.67,221.4,2.77,0,0,0,0,0,0,No Failure,15.0
3122,L13121,L,296.75,304.21,1227.8,61.84,126.8,4.67,0,1,0,0,0,1,HDF,14.1
3123,L13122,L,301.53,311.82,1610.1,33.87,167.1,2.41,0,0,0,0,0,0,No Failure,98.1
3124,L13123,L,301.84,312.64,1370.6,44.49,96.5,1.81,0,0,0,0,0,0,No Failure,177.0
3125,M13124,M,300.25,309.16,1531.8,28.18,229.4,3.65,0,0,0,0,0,0,No Failure,29.0
3126,M13125,M,303.2,313.19,1505.5,40.05,161.7,2.27,0,0,0,0,0,0,No Failure,98.4
3127,M13126,M,300.43,310.17,1369.5,42.94,5.0,2.2,0,0,0,0,0,0,No Failure,293.7
3128,L13127,L,297.17,307.27,1265.4,32.76,3.9,3.05,0,0,0,0,0,0,No Failure,295.3
3129,H13128,H,300.73,310.19,1991.5,22.87,169.0,2.48,0,0,0,0,0,0,No Failure,107.2
3130,H13129,H,300.49,311.78,1529.3,31.42,28.6,3.14,0,0,0,0,0,0,No Failure,265.9
3131,H13130,H,298.79,308.94,1864.4,21.12,179.0,1.83,0,0,0,0,0,0,No Failure,97.7
3132,H13131,H,301.15,310.27,1746.5,29.28,80.5,2.55,0,0,0,0,0,0,No Failure,205.0
3133,H13132,H,296.66,307.58,1480.5,44.09,134.7,2.8,0,0,0,0,0,0,No Failure,128.7
3134,M13133,M,301.98,310.72,1570.4,33.77,43.6,0.93,0,0,0,0,0,0,No Failure,242.1
3135,L13134,L,298.24,309.53,1565.2,46.37,61.6,2.09,0,0,0,0,0,0,No Failure,220.9
3136,M13135,M,298.03,309.02,1868.1,29.58,109.2,2.13,0,0,0,0,0,0,No Failure,170.9
3137,M13136,M,299.77,311.16,1686.5,37.86,166.4,2.53,0,0,0,0,0,0,No Failure,94.9
3138,M13137,M,300.87,310.71,1393.5,46.54,38.9,2.31,0,0,0,0,0,0,No Failure,249.9
3139,M13138,M,300.33,309.83,1600.9,48.22,70.3,2.68,0,0,0,0,0,0,No Failure,208.0
3140,L13139,L,298.51,308.6,1682.0,30.66,51.7,2.36,0,0,0,0,0,0,No Failure,238.5
3141,L13140,L,298.99,308.9,1327.6,48.29,215.7,6.65,1,0,0,0,0,1,TWF,6.5
3142,H13141,H,297.73,307.08,1626.5,30.26,162.0,3.77,0,0,0,0,0,0,No Failure,107.8
3143,M13142,M,299.55,309.0,1778.8,45.78,117.1,1.6,0,0,0,0,0,0,No Failure,144.6
3144,M13143,M,302.15,311.78,1384.5,36.06,236.7,2.51,0,0,0,0,0,0,No Failure,10.7
3145,L13144,L,299.99,308.82,1409.2,45.26,184.0,3.15,0,0,0,0,0,0,No Failure,61.4
3146,L13145,L,301.72,312.4,1745.7,45.29,233.1,2.08,0,0,0,0,0,0,No Failure,1.0
3147,H13146,H,302.91,312.86,1474.6,32.31,149.4,2.67,0,0,0,0,0,0,No Failure,120.9
3148,M13147,M,298.82,308.52,1362.2,48.21,34.5,2.27,0,0,0,0,0,0,No Failure,255.2
3149,M13148,M,299.63,308.52,1695.9,28.43,168.9,1.9,0,0,0,0,0,0,No Failure,99.4
3150,L13149,L,304.34,313.18,1641.3,52.86,50.4,3.77,0,0,1,0,0,1,PWF,1.0
3151,M13150,M,302.89,314.82,1554.9,25.35,86.5,1.02,0,0,0,0,0,0,No Failure,200.0
3152,L13151,L,296.66,306.03,1739.3,23.88,127.4,2.6,0,0,0,0,0,0,No Failure,153.9
3153,M13152,M,300.77,311.38,1752.0,26.4,39.3,2.64,0,0,0,0,0,0,No Failure,254.3
3154,L13153,L,300.0,310.16,1523.2,31.77,5.2,1.93,0,0,0,0,0,0,No Failure,293.8
3155,L13154,L,301.65,308.88,1891.4,35.37,81.8,2.33,0,0,0,0,0,0,No Failure,164.9
3156,M13155,M,298.51,310.3,1821.4,45.54,206.1,1.63,0,0,0,0,0,0,No Failure,29.3
3157,H13156,H,298.32,309.0,1182.8,58.81,3.8,2.82,0,0,0,0,0,0,No Failure,294.8
3158,L13157,L,298.65,307.88,1353.6,45.96,27.4,2.26,0,0,0,0,0,0,No Failure,264.9
3159,H13158,H,298.86,308.83,1134.3,52.96,201.7,2.96,0,0,0,0,0,0,No Failure,32.5
3160,L13159,L,301.63,310.48,1479.9,36.3,76.5,2.31,0,0,0,0,0,0,No Failure,203.5
3161,L13160,L,297.64,309.46,1321.2,48.15,234.6,3.85,0,0,0,1,0,1,OSF,6.9
3162,L13161,L,298.75,307.85,1392.2,41.63,95.1,2.18,0,0,0,0,0,0,No Failure,180.6
3163,L13162,L,296.42,305.9,1733.2,35.94,199.2,3.4,0,0,0,0,0,0,No Failure,56.8
3164,M13163,M,302.01,311.28,1223.9,43.84,64.7,3.76,0,0,0,0,0,0,No Failure,217.8
3165,L13164,L,302.54,312.62,1561.2,30.02,15.5,1.6,0,0,0,0,0,0,No Failure,281.7
3166,L13165,L,299.35,310.72,1560.1,38.64,220.4,5.65,1,0,0,0,0,1,TWF,12.2
3167,H13166,H,299.4,311.19,1523.3,39.41,231.8,4.95,1,0,0,0,0,1,TWF,1.0
3168,L13167,L,300.91,310.51,1561.4,34.26,177.0,2.04,0,0,0,0,0,0,No Failure,85.7
3169,M13168,M,302.95,313.33,1138.4,47.34,192.5,2.63,0,0,0,0,0,0,No Failure,51.4
3170,L13169,L,300.82,310.9,1393.1,46.98,1.8,2.79,0,0,0,0,0,0,No Failure,297.7
3171,M13170,M,298.6,307.62,1814.2,36.26,188.5,2.06,0,0,0,0,0,0,No Failure,69.5
3172,L13171,L,296.76,309.18,1323.8,58.46,118.0,2.87,0,0,0,0,0,0,No Failure,138.4
3173,L13172,L,297.77,309.13,1836.3,42.34,113.2,3.21,0,0,0,0,0,0,No Failure,155.9
3174,L13173,L,300.15,310.34,1286.2,38.29,135.0,2.94,0,0,0,0,0,0,No Failure,133.2
3175,L13174,L,298.69,310.27,1264.7,46.11,67.8,1.92,0,0,0,0,0,0,No Failure,213.0
3176,L13175,L,300.39,311.6,1367.6,34.32,174.1,2.23,0,0,0,0,0,0,No Failure,89.2
3177,M13176,M,298.89,308.98,1740.1,21.61,73.9,3.03,0,0,0,0,0,0,No Failure,216.3
3178,H13177,H,297.88,308.21,1440.2,57.03,139.7,3.43,0,0,0,0,0,0,No Failure,105.3
3179,H13178,H,297.65,309.16,1599.8,47.87,34.2,1.74,0,0,0,0,0,0,No Failure,255.5
3180,M13179,M,303.12,312.18,1551.2,34.27,168.8,2.68,0,0,0,0,0,0,No Failure,95.6
3181,L13180,L,301.78,313.45,1528.3,47.96,47.4,2.94,0,0,0,0,0,0,No Failure,238.6
3182,L13181,L,303.46,313.24,1766.1,43.72,42.6,1.66,0,0,0,0,0,0,No Failure,245.1
3183,L13182,L,301.08,312.6,1676.1,22.35,6.1,3.11,0,0,0,0,0,0,No Failure,293.1
3184,L13183,L,299.14,309.13,1333.4,50.95,30.4,3.77,0,0,0,0,0,0,No Failure,260.0
3185,M13184,M,302.65,312.98,1488.7,36.86,58.1,2.9,0,0,0,0,0,0,No Failure,228.7
3186,M13185,M,299.93,309.9,1850.1,35.11,55.6,2.84,0,0,0,0,0,0,No Failure,232.4
3187,L13186,L,300.44,309.91,1595.2,58.68,81.9,5.24,0,0,1,0,0,1,PWF,14.2
3188,L13187,L,299.91,309.64,1268.1,58.41,13.6,2.21,0,0,0,0,0,0,No Failure,281.5
3189,H13188,H,294.11,305.49,1280.8,45.95,233.8,5.35,1,0,0,0,0,1,TWF,6.6
3190,M13189,M,303.21,310.9,1697.3,45.3,29.8,1.97,0,0,0,0,0,0,No Failure,235.1
3191,L13190,L,300.98,309.74,1663.7,22.61,175.5,2.35,0,0,0,0,0,0,No Failure,95.3
3192,H13191,H,300.66,309.93,1373.1,47.22,133.8,2.69,0,0,0,0,0,0,No Failure,127.4
3193,H13192,H,299.88,308.8,1671.8,39.58,138.2,1.99,0,0,0,0,0,0,No Failure,126.6
3194,L13193,L,300.33,311.84,1824.3,37.83,26.4,2.29,0,0,0,0,0,0,No Failure,267.5
3195,L13194,L,298.81,310.06,1799.0,29.79,60.8,2.69,0,0,0,0,0,0,No Failure,228.0
3196,M13195,M,301.23,311.83,1825.2,35.55,195.0,1.23,0,0,0,0,0,0,No Failure,62.4
3197,H13196,H,297.39,306.75,1637.4,42.63,115.9,3.07,0,0,0,0,0,0,No Failure,153.7
3198,H13197,H,300.37,311.71,1506.2,23.57,114.3,2.63,0,0,0,0,0,0,No Failure,169.2
3199,L13198,L,301.12,309.54,1466.0,38.72,136.5,2.64,0,0,0,0,0,0,No Failure,119.2
3200,L13199,L,299.6,311.74,1534.9,32.77,108.5,3.19,0,0,0,0,0,0,No Failure,169.7
3201,M13200,M,300.74,310.06,1381.2,48.08,201.5,3.06,0,0,0,0,0,0,No Failure,38.8
3202,M13201,M,298.02,307.76,1473.7,50.36,187.2,2.86,0,0,0,0,0,0,No Failure,54.8
3203,L13202,L,298.07,307.64,1766.2,29.69,79.3,2.67,0,0,0,0,0,0,No Failure,206.3
3204,H13203,H,300.47,309.4,1250.0,40.38,203.0,2.49,0,0,0,0,0,0,No Failure,45.1
3205,M13204,M,301.36,313.28,1262.2,48.36,129.7,2.15,0,0,0,0,0,0,No Failure,131.8
3206,H13205,H,296.25,307.04,1686.7,27.5,156.9,1.92,0,0,0,0,0,0,No Failure,116.5
3207,H13206,H,301.04,312.26,1475.3,39.08,216.5,2.73,0,0,0,0,0,0,No Failure,31.4
3208,M13207,M,298.91,307.69,1193.3,47.96,119.0,2.74,0,0,0,0,0,0,No Failure,141.4
3209,L13208,L,299.61,309.8,1527.0,43.35,189.1,2.58,0,0,0,0,0,0,No Failure,60.5
3210,M13209,M,297.32,307.84,1501.5,42.17,157.0,1.69,0,0,0,0,0,0,No Failure,102.2
3211,L13210,L,298.3,308.57,1460.8,42.2,106.7,0.91,0,0,0,0,0,0,No Failure,165.6
3212,M13211,M,301.93,310.77,1660.7,47.59,197.3,2.53,0,0,0,0,0,0,No Failure,39.0
3213,L13212,L,300.07,311.14,1299.4,48.06,26.3,1.4,0,0,0,0,0,0,No Failure,265.9
3214,M13213,M,299.23,309.36,1540.3,36.03,145.3,2.69,0,0,0,0,0,0,No Failure,122.5
3215,L13214,L,299.77,308.81,1500.2,37.93,11.6,3.67,0,0,0,0,0,0,No Failure,285.7
3216,L13215,L,300.98,309.12,1544.8,33.49,39.0,2.7,0,0,0,0,0,0,No Failure,235.8
3217,L13216,L,300.88,311.49,1227.9,41.73,149.7,2.24,0,0,0,0,0,0,No Failure,111.8
3218,L13217,L,299.85,312.3,1444.4,31.81,76.9,1.87,0,0,0,0,0,0,No Failure,208.0
3219,M13218,M,302.19,311.17,1541.5,46.86,65.6,2.15,0,0,0,0,0,0,No Failure,215.2
3220,M13219,M,301.94,312.11,1634.9,31.67,239.0,4.78,1,0,0,0,0,1,TWF,1.4
3221,M13220,M,300.83,311.94,1868.5,34.32,91.5,3.14,0,0,0,0,0,0,No Failure,189.2
3222,L13221,L,300.11,308.84,1682.3,33.57,141.2,2.58,0,0,0,0,0,0,No Failure,124.3
3223,L13222,L,301.31,310.83,1620.5,36.82,133.6,2.32,0,0,0,0,0,0,No Failure,136.2
3224,L13223,L,300.63,309.77,1765.6,42.06,15.5,2.9,0,0,0,0,0,0,No Failure,280.5
3225,L13224,L,302.12,313.11,1483.6,41.68,168.6,3.39,0,0,0,0,0,0,No Failure,88.2
3226,H13225,H,301.8,313.12,1816.2,26.58,128.2,2.69,0,0,0,0,0,0,No Failure,150.8
3227,L13226,L,297.96,308.12,1738.3,30.57,95.4,2.61,0,0,0,0,0,0,No Failure,186.7
3228,L13227,L,297.83,306.99,1458.2,47.17,16.5,1.5,0,0,0,0,0,0,No Failure,278.7
3229,L13228,L,298.6,308.15,1882.4,35.26,73.3,1.68,0,0,0,0,0,0,No Failure,210.9
3230,L13229,L,301.95,311.32,1618.0,43.54,221.0,1.61,0,0,0,0,0,0,No Failure,19.8
3231,M13230,M,296.85,305.87,1930.5,29.41,43.4,2.39,0,0,0,0,0,0,No Failure,248.7
3232,M13231,M,300.79,310.69,1592.3,27.91,54.8,2.0,0,0,0,0,0,0,No Failure,235.7
3233,L13232,L,300.73,311.3,1437.4,45.29,51.3,2.2,0,0,0,0,0,0,No Failure,234.4
3234,L13233,L,302.33,312.82,1400.6,44.61,222.7,4.59,1,0,0,0,0,1,TWF,2.6
3235,L13234,L,300.36,310.35,1474.3,42.65,175.0,2.05,0,0,0,0,0,0,No Failure,79.1
3236,L13235,L,297.31,307.37,1435.7,32.12,220.5,1.39,0,0,0,0,0,0,No Failure,36.0
3237,L13236,L,298.08,308.0,1765.6,29.5,228.4,2.63,0,0,0,0,0,0,No Failure,30.1
3238,H13237,H,297.64,306.34,1532.8,32.58,232.0,4.58,1,0,0,0,0,1,TWF,9.7
3239,M13238,M,298.92,309.08,1249.1,50.83,121.4,2.54,0,0,0,0,0,0,No Failure,140.6
3240,M13239,M,299.63,309.05,1576.1,41.1,119.1,2.72,0,0,0,0,0,0,No Failure,150.8
3241,L13240,L,297.67,306.32,1560.5,38.15,207.2,2.78,0,0,0,0,0,0,No Failure,37.2
3242,L13241,L,302.94,313.31,1454.1,48.04,83.0,2.76,0,0,0,0,0,0,No Failure,192.5
3243,M13242,M,297.35,306.74,1585.9,48.27,5.6,3.01,0,0,0,0,0,0,No Failure,292.6
3244,M13243,M,302.69,312.92,1530.1,41.68,82.9,3.21,0,0,0,0,0,0,No Failure,195.9
3245,M13244,M,302.37,313.22,1651.4,41.03,179.1,3.45,0,0,0,0,0,0,No Failure,75.7
3246,L13245,L,301.8,310.85,1640.9,32.77,30.9,1.34,0,0,0,0,0,0,No Failure,262.9
3247,M13246,M,298.61,308.7,1603.3,32.34,196.2,2.78,0,0,0,0,0,0,No Failure,64.8
3248,L13247,L,300.68,308.87,1305.5,53.03,203.9,3.82,0,1,0,0,0,1,HDF,8.6
3249,H13248,H,297.45,308.98,1917.3,25.17,25.2,3.34,0,0,0,0,0,0,No Failure,270.9
3250,M13249,M,301.82,310.46,1259.5,52.52,24.5,2.54,0,0,0,0,0,0,No Failure,260.5
3251,M13250,M,299.85,309.34,1515.0,51.64,49.7,2.67,0,0,0,0,0,0,No Failure,232.6
3252,L13251,L,299.18,310.52,1342.1,49.28,89.1,2.57,0,0,0,0,0,0,No Failure,183.9
3253,M13252,M,297.55,307.32,1608.9,36.73,133.2,2.63,0,0,0,0,0,0,No Failure,136.7
3254,L13253,L,295.04,303.85,1562.8,29.01,121.4,3.49,0,0,0,0,0,0,No Failure,153.0
3255,L13254,L,297.92,308.64,1507.8,40.94,213.3,3.24,0,0,0,0,0,0,No Failure,33.0
3256,L13255,L,302.23,312.92,1809.7,40.22,35.6,3.46,0,0,0,0,0,0,No Failure,255.6
3257,M13256,M,299.19,308.56,1736.4,33.3,174.4,2.38,0,0,0,0,0,0,No Failure,89.9
3258,L13257,L,299.66,309.14,1479.4,47.71,137.2,1.23,0,0,0,0,0,0,No Failure,122.5
3259,L13258,L,301.31,310.88,1681.9,38.23,184.2,2.95,0,0,0,0,0,0,No Failure,72.5
3260,H13259,H,303.61,313.4,1818.1,35.04,85.5,1.83,0,0,0,0,0,0,No Failure,196.1
3261,L13260,L,302.65,310.76,1735.1,32.36,117.8,2.28,0,0,0,0,0,0,No Failure,140.8
3262,M13261,M,298.06,307.87,1513.6,29.45,7.1,2.46,0,0,0,0,0,0,No Failure,291.6
3263,L13262,L,296.11,307.9,1253.3,44.9,29.0,2.5,0,0,0,0,0,0,No Failure,263.0
3264,L13263,L,304.72,313.82,1596.1,34.56,93.7,2.89,0,0,0,0,0,0,No Failure,186.3
3265,M13264,M,304.54,313.95,1657.7,40.22,120.3,1.95,0,0,0,0,0,0,No Failure,149.9
3266,L13265,L,300.38,309.19,1400.2,42.74,21.4,2.88,0,0,0,0,0,0,No Failure,269.3
3267,L13266,L,297.46,308.07,1542.0,46.49,206.2,2.39,0,0,0,0,0,0,No Failure,34.7
3268,M13267,M,301.93,313.13,1523.2,41.36,236.5,7.47,1,0,0,0,0,1,TWF,6.0
3269,M13268,M,299.78,310.96,1786.4,30.06,149.1,1.55,0,0,0,0,0,0,No Failure,123.3
3270,M13269,M,299.77,308.53,1869.8,26.38,13.4,2.58,0,0,0,0,0,0,No Failure,279.5
3271,L13270,L,301.79,312.29,1748.4,30.09,184.7,2.87,0,0,0,0,0,0,No Failure,81.1
3272,L13271,L,300.67,312.1,1522.7,40.53,54.3,2.25,0,0,0,0,0,0,No Failure,232.2
3273,M13272,M,297.63,308.14,1743.4,31.81,183.4,2.16,0,0,0,0,0,0,No Failure,80.7
3274,M13273,M,299.35,309.83,1654.1,28.74,108.6,3.29,0,0,0,0,0,0,No Failure,172.2
3275,H13274,H,301.32,310.85,1524.6,46.4,13.4,3.0,0,0,0,0,0,0,No Failure,282.8
3276,H13275,H,301.02,311.24,1912.5,32.44,69.7,2.02,0,0,0,0,0,0,No Failure,216.4
3277,H13276,H,300.52,311.76,1405.9,44.6,106.8,1.61,0,0,0,0,0,0,No Failure,163.9
3278,L13277,L,301.87,312.2,1646.1,30.69,184.1,2.85,0,0,0,0,0,0,No Failure,81.2
3279,L13278,L,299.28,308.03,1688.3,28.25,33.3,2.69,0,0,0,0,0,0,No Failure,256.0
3280,M13279,M,300.36,309.9,1486.5,39.23,71.8,2.84,0,0,0,0,0,0,No Failure,210.9
3281,L13280,L,293.25,304.46,1638.1,22.43,20.9,2.42,0,0,0,0,0,0,No Failure,276.2
3282,L13281,L,299.1,309.43,1707.2,40.6,154.0,3.02,0,0,0,0,0,0,No Failure,107.6
3283,H13282,H,301.53,311.65,1581.8,33.0,118.6,3.46,0,0,0,0,0,0,No Failure,157.4
3284,H13283,H,299.22,308.67,1622.6,35.1,232.3,3.42,0,0,0,0,0,0,No Failure,17.6
3285,L13284,L,299.07,310.26,1556.9,41.53,185.1,2.01,0,0,0,0,0,0,No Failure,67.5
3286,L13285,L,297.92,309.58,1680.8,34.13,194.5,4.0,0,0,0,0,0,0,No Failure,64.7
3287,L13286,L,302.01,313.27,1497.0,31.9,41.1,2.89,0,0,0,0,0,0,No Failure,250.8
3288,H13287,H,301.1,312.54,1482.2,51.02,66.7,1.64,0,0,0,0,0,0,No Failure,212.4
3289,H13288,H,301.65,311.29,1541.7,28.19,128.3,2.76,0,0,0,0,0,0,No Failure,149.5
3290,L13289,L,296.55,306.05,1749.9,18.63,3.4,4.73,0,0,1,0,0,1,PWF,4.8
3291,L13290,L,299.68,309.52,1225.2,55.09,217.5,4.57,0,0,0,1,0,1,OSF,1.0
3292,H13291,H,299.44,309.48,1375.2,33.41,194.4,2.38,0,0,0,0,0,0,No Failure,65.6
3293,L13292,L,299.44,310.87,1945.4,39.61,14.5,2.92,0,0,0,0,0,0,No Failure,281.3
3294,M13293,M,298.77,309.93,1587.3,40.44,212.3,2.92,0,0,0,0,0,0,No Failure,34.9
3295,H13294,H,299.31,309.85,1465.1,42.93,1.1,2.15,0,0,0,0,0,0,No Failure,298.6
3296,L13295,L,301.7,310.27,1680.3,31.73,28.6,2.18,0,0,0,0,0,0,No Failure,257.2
3297,M13296,M,296.17,304.49,1397.5,37.16,13.8,2.15,0,0,0,0,0,0,No Failure,269.2
3298,L13297,L,303.55,313.8,1161.6,49.02,119.8,2.4,0,0,0,0,0,0,No Failure,144.1
3299,L13298,L,300.97,311.85,1601.5,31.32,196.0,3.03,0,0,0,0,0,0,No Failure,66.2
3300,H13299,H,299.92,309.84,1407.2,51.09,44.6,3.22,0,0,0,0,0,0,No Failure,241.3
3301,L13300,L,301.81,313.73,1556.1,33.36,192.9,2.37,0,0,0,0,0,0,No Failure,67.5
3302,H13301,H,297.1,306.01,1597.0,41.12,46.2,3.16,0,0,0,0,0,0,No Failure,240.4
3303,M13302,M,298.67,307.46,1563.4,45.41,247.6,5.11,1,0,0,0,0,1,TWF,13.5
3304,L13303,L,299.76,309.09,1232.1,42.53,213.4,2.58,0,0,0,0,0,0,No Failure,30.8
3305,L13304,L,302.73,312.03,1542.7,41.53,184.3,3.62,0,0,0,0,0,0,No Failure,68.6
3306,L13305,L,299.91,310.43,1617.6,30.84,147.9,2.7,0,0,0,0,0,0,No Failure,124.0
3307,L13306,L,300.9,310.48,1287.4,45.39,60.6,2.42,0,0,0,0,0,0,No Failure,222.4
3308,L13307,L,298.82,307.27,1266.1,44.18,29.8,5.98,0,1,0,0,0,1,HDF,10.5
3309,L13308,L,300.97,311.87,1346.6,39.69,115.1,1.76,0,0,0,0,0,0,No Failure,156.8
3310,L13309,L,303.35,311.59,1671.7,37.0,100.7,2.37,0,0,0,0,0,0,No Failure,161.2
3311,M13310,M,301.99,310.92,1180.3,42.34,168.6,2.66,0,0,0,0,0,0,No Failure,86.0
3312,M13311,M,299.84,308.21,1686.5,42.08,42.5,2.93,0,0,0,0,0,0,No Failure,234.0
3313,M13312,M,301.35,311.56,1608.2,29.74,140.5,2.64,0,0,0,0,0,0,No Failure,133.7
3314,L13313,L,301.16,311.34,1491.9,31.35,173.3,1.73,0,0,0,0,0,0,No Failure,93.2
3315,L13314,L,301.01,312.93,1273.0,45.37,74.7,1.97,0,0,0,0,0,0,No Failure,204.4
3316,M13315,M,302.22,313.14,1395.4,40.39,195.0,2.24,0,0,0,0,0,0,No Failure,56.5
3317,L13316,L,302.21,313.65,1678.0,38.25,108.0,2.64,0,0,0,0,0,0,No Failure,166.6
3318,L13317,L,299.75,310.03,1763.0,34.63,40.7,1.72,0,0,0,0,0,0,No Failure,250.7
3319,H13318,H,301.28,310.31,1353.4,32.94,48.7,3.35,0,0,0,0,0,0,No Failure,241.4
3320,M13319,M,299.23,309.36,1742.4,41.34,69.7,2.69,0,0,0,0,0,0,No Failure,212.5
3321,M13320,M,298.15,308.75,1660.8,34.19,39.5,2.67,0,0,0,0,0,0,No Failure,252.2
3322,L13321,L,299.46,310.16,1536.8,40.73,140.7,2.4,0,0,0,0,0,0,No Failure,124.0
3323,M13322,M,299.85,309.38,1405.9,58.09,237.3,3.27,0,0,0,1,0,1,OSF,13.9
3324,M13323,M,296.68,307.17,1433.9,50.85,224.0,2.55,0,0,0,0,0,0,No Failure,5.9
3325,M13324,M,301.72,310.79,1864.3,33.66,80.9,2.95,0,0,0,0,0,0,No Failure,202.3
3326,M13325,M,294.47,303.42,1569.9,28.61,216.2,2.41,0,0,0,0,0,0,No Failure,44.9
3327,H13326,H,305.43,314.31,1776.0,24.29,238.5,5.77,1,0,0,0,0,1,TWF,11.3
3328,M13327,M,303.0,313.03,1581.2,46.08,73.5,2.46,0,0,0,0,0,0,No Failure,205.6
3329,L13328,L,299.48,308.3,1457.0,38.37,226.3,2.92,0,0,0,0,0,0,No Failure,16.7
3330,M13329,M,300.02,309.59,1642.6,35.35,249.4,4.58,1,0,0,0,0,1,TWF,7.3
3331,M13330,M,300.61,311.51,1924.3,23.16,199.4,2.73,0,0,0,0,0,0,No Failure,72.2
3332,M13331,M,298.82,307.79,1422.7,45.29,97.6,3.02,0,0,0,0,0,0,No Failure,174.7
3333,L13332,L,300.39,309.88,1701.6,43.25,152.1,1.85,0,0,0,0,0,0,No Failure,107.4
3334,L13333,L,299.71,309.78,1572.1,48.83,91.0,2.89,0,0,0,0,0,0,No Failure,181.2
3335,H13334,H,299.81,310.06,1278.5,43.79,249.0,6.06,1,0,0,0,0,1,TWF,1.0
3336,M13335,M,300.36,309.86,1274.5,51.59,17.0,3.81,0,0,0,0,0,0,No Failure,277.7
3337,H13336,H,297.37,308.16,1457.1,40.51,223.3,2.54,0,0,0,0,0,0,No Failure,21.1
3338,M13337,M,300.08,310.67,1600.2,43.66,18.6,1.24,0,0,0,0,0,0,No Failure,276.4
3339,M13338,M,300.33,311.47,1695.2,35.37,10.5,1.43,0,0,0,0,0,0,No Failure,287.2
3340,M13339,M,300.26,310.18,1256.8,41.97,235.0,1.97,0,0,0,0,0,0,No Failure,4.3
3341,H13340,H,299.57,309.06,1654.8,45.5,216.8,5.57,1,0,0,0,0,1,TWF,10.0
3342,M13341,M,302.28,311.59,1516.8,40.25,90.4,3.82,0,0,0,0,0,0,No Failure,187.2
3343,M13342,M,299.29,309.6,1538.6,36.54,239.4,4.16,1,0,0,0,0,1,TWF,14.6
3344,L13343,L,300.45,310.08,1643.4,37.75,215.5,2.53,0,0,0,0,0,0,No Failure,34.5
3345,L13344,L,302.59,312.03,1850.6,27.27,225.5,0.95,0,0,0,0,0,0,No Failure,36.7
3346,M13345,M,299.84,309.39,1592.4,40.59,148.8,2.89,0,0,0,0,0,0,No Failure,114.1
3347,L13346,L,300.43,309.75,1295.1,44.95,239.6,5.32,1,0,0,0,0,1,TWF,3.5
3348,L13347,L,299.81,310.01,1504.5,34.32,202.4,4.49,1,0,0,0,0,1,TWF,5.7
3349,L13348,L,302.47,311.06,1690.5,52.13,235.0,3.68,1,0,1,1,0,1,TWF,10.4
3350,L13349,L,299.48,309.79,1696.4,28.32,70.4,2.29,0,0,0,0,0,0,No Failure,217.4
3351,L13350,L,302.57,313.24,1657.2,38.68,133.0,1.69,0,0,0,0,0,0,No Failure,135.3
3352,L13351,L,299.79,309.21,1446.7,41.87,216.9,5.45,1,0,0,0,0,1,TWF,8.4
3353,H13352,H,298.28,310.2,1293.2,39.22,144.9,1.74,0,0,0,0,0,0,No Failure,120.1
3354,M13353,M,301.36,311.38,1643.5,34.15,200.3,1.89,0,0,0,0,0,0,No Failure,57.6
3355,L13354,L,299.39,307.83,1320.7,36.03,243.3,5.0,1,1,0,0,0,1,TWF,9.3
3356,L13355,L,301.24,310.96,1662.0,50.57,201.1,2.85,0,0,0,0,0,0,No Failure,28.3
3357,M13356,M,294.54,304.6,1662.1,34.22,78.8,1.81,0,0,0,0,0,0,No Failure,204.6
3358,L13357,L,300.01,310.46,1454.3,39.98,29.7,2.47,0,0,0,0,0,0,No Failure,263.0
3359,H13358,H,299.08,308.82,1517.9,53.15,68.2,1.84,0,0,0,0,0,0,No Failure,205.0
3360,M13359,M,297.87,306.86,1573.6,32.36,165.7,1.87,0,0,0,0,0,0,No Failure,101.1
3361,M13360,M,298.89,307.8,1427.9,51.08,2.7,1.84,0,0,0,0,0,0,No Failure,294.5
3362,L13361,L,298.85,308.2,1290.7,50.63,47.4,3.09,0,0,0,0,0,0,No Failure,237.8
3363,M13362,M,299.9,309.35,1531.0,25.34,81.7,2.39,0,0,0,0,0,0,No Failure,205.5
3364,L13363,L,297.27,306.13,1549.6,36.12,218.8,3.59,1,0,0,0,0,1,TWF,12.4
3365,H13364,H,300.63,309.9,1781.6,36.73,12.8,1.9,0,0,0,0,0,0,No Failure,284.4
3366,M13365,M,302.73,313.39,1398.0,43.17,12.5,1.69,0,0,0,0,0,0,No Failure,284.2
3367,L13366,L,300.56,312.21,1729.3,34.96,137.9,2.07,0,0,0,0,0,0,No Failure,132.4
3368,L13367,L,301.62,312.37,1332.7,40.77,44.4,1.64,0,0,0,0,0,0,No Failure,244.4
3369,L13368,L,302.19,313.49,1297.3,41.26,60.6,2.24,0,0,0,0,0,0,No Failure,224.1
3370,M13369,M,302.47,313.45,1484.1,38.27,46.1,2.08,0,0,0,0,0,0,No Failure,243.1
3371,L13370,L,303.74,314.57,1369.6,57.54,145.4,2.03,0,0,0,0,0,0,No Failure,100.6
3372,M13371,M,299.0,308.66,1294.8,39.99,13.9,3.24,0,0,0,0,0,0,No Failure,282.7
3373,L13372,L,298.56,308.7,1886.0,28.44,235.0,4.03,1,0,0,0,0,1,TWF,2.5
3374,M13373,M,301.57,311.15,1457.2,41.38,30.8,2.39,0,0,0,0,0,0,No Failure,261.4
3375,H13374,H,301.42,311.2,1951.7,20.5,237.9,6.0,1,0,0,0,0,1,TWF,13.3
3376,M13375,M,301.55,311.62,1359.9,47.14,194.5,1.68,0,0,0,0,0,0,No Failure,49.0
3377,M13376,M,303.78,314.49,1232.2,39.68,207.0,2.21,0,0,0,0,0,0,No Failure,42.5
3378,L13377,L,300.02,310.45,1769.1,26.3,43.2,1.57,0,0,0,0,0,0,No Failure,249.8
3379,L13378,L,300.85,310.69,1407.9,34.67,167.4,2.54,0,0,0,0,0,0,No Failure,96.9
3380,M13379,M,298.04,308.09,1562.9,26.91,204.3,2.86,0,0,0,0,0,0,No Failure,61.9
3381,L13380,L,304.27,314.7,1295.3,55.2,139.5,1.05,0,0,0,0,0,0,No Failure,113.1
3382,L13381,L,299.33,309.99,1531.2,42.84,137.8,3.02,0,0,0,0,0,0,No Failure,125.9
3383,L13382,L,299.38,307.86,1292.5,52.88,39.9,5.8,0,1,0,0,0,1,HDF,6.8
3384,L13383,L,299.31,308.23,1524.8,45.17,103.6,2.52,0,0,0,0,0,0,No Failure,166.1
3385,L13384,L,298.71,309.82,1453.2,40.11,37.6,1.75,0,0,0,0,0,0,No Failure,253.1
3386,H13385,H,298.54,308.48,1579.2,37.79,243.2,2.96,0,0,0,0,0,0,No Failure,1.0
3387,L13386,L,298.95,308.53,1650.0,43.46,171.2,3.51,0,0,0,0,0,0,No Failure,83.0
3388,M13387,M,297.27,307.0,1581.2,49.42,12.1,2.26,0,0,0,0,0,0,No Failure,282.4
3389,L13388,L,298.43,308.17,1618.7,28.26,119.2,2.31,0,0,0,0,0,0,No Failure,160.1
3390,M13389,M,303.9,314.46,1518.5,57.15,159.5,4.75,0,0,1,0,0,1,PWF,5.1
3391,L13390,L,301.47,310.36,1460.1,31.88,23.9,2.26,0,0,0,0,0,0,No Failure,269.2
3392,H13391,H,301.85,311.88,1622.2,33.75,166.2,2.39,0,0,0,0,0,0,No Failure,99.2
3393,H13392,H,302.35,312.6,1518.1,40.04,44.3,3.12,0,0,0,0,0,0,No Failure,244.8
3394,L13393,L,303.67,314.06,1524.9,40.51,102.0,2.46,0,0,0,0,0,0,No Failure,172.6
3395,H13394,H,296.46,306.68,1609.2,51.03,156.4,2.67,0,0,0,0,0,0,No Failure,88.5
3396,H13395,H,297.54,308.06,1353.1,51.43,91.3,3.72,0,0,0,0,0,0,No Failure,179.9
3397,H13396,H,298.39,307.82,1793.9,36.34,95.2,3.38,0,0,0,0,0,0,No Failure,183.5
3398,H13397,H,299.06,308.12,1493.4,47.43,210.9,1.87,0,0,0,0,0,0,No Failure,27.5
3399,L13398,L,299.4,311.86,1560.2,40.88,77.3,3.55,0,0,0,0,0,0,No Failure,203.2
3400,M13399,M,299.11,308.8,1530.0,34.49,163.8,3.33,0,0,0,0,0,0,No Failure,101.4
3401,L13400,L,300.44,310.25,1654.8,39.66,212.3,3.4,0,0,0,0,0,0,No Failure,35.9
3402,L13401,L,300.07,310.75,1598.7,38.0,38.2,2.12,0,0,0,0,0,0,No Failure,252.9
3403,H13402,H,298.55,310.15,1529.1,33.34,11.5,2.63,0,0,0,0,0,0,No Failure,286.2
3404,L13403,L,295.65,305.1,1797.3,42.22,206.4,2.27,0,0,0,0,0,0,No Failure,40.0
3405,M13404,M,298.01,307.02,1100.0,54.16,137.8,2.57,0,0,0,0,0,0,No Failure,116.3
3406,H13405,H,298.9,307.66,1760.4,26.24,206.9,3.55,0,0,0,0,0,0,No Failure,54.8
3407,H13406,H,299.51,311.1,1702.7,28.5,53.3,2.58,0,0,0,0,0,0,No Failure,237.4
3408,H13407,H,297.74,306.7,1209.4,53.36,208.2,1.47,0,0,0,0,0,0,No Failure,22.7
3409,L13408,L,299.02,308.99,1704.3,42.55,23.8,2.28,0,0,0,0,0,0,No Failure,269.9
3410,L13409,L,297.74,306.76,1727.5,38.1,220.8,2.11,0,0,0,0,0,0,No Failure,27.4
3411,L13410,L,299.75,308.3,1638.6,40.02,205.6,3.57,0,0,0,0,0,0,No Failure,34.8
3412,L13411,L,297.85,307.56,1258.9,41.99,141.8,2.01,0,0,0,0,0,0,No Failure,121.5
3413,L13412,L,298.3,307.36,1660.2,36.79,152.1,2.26,0,0,0,0,0,0,No Failure,113.5
3414,L13413,L,297.38,306.69,1718.3,32.61,86.5,2.28,0,0,0,0,0,0,No Failure,196.2
3415,M13414,M,299.69,311.7,1435.6,40.43,50.4,3.46,0,0,0,0,0,0,No Failure,237.1
3416,M13415,M,298.27,308.69,1617.0,36.32,113.9,3.08,0,0,0,0,0,0,No Failure,160.7
3417,L13416,L,301.81,312.75,1474.8,36.06,164.4,2.84,0,0,0,0,0,0,No Failure,99.2
3418,M13417,M,300.81,311.64,1696.5,40.63,249.6,5.27,1,0,0,0,0,1,TWF,14.9
3419,L13418,L,299.86,309.76,1481.9,33.43,204.3,2.63,0,0,0,0,0,0,No Failure,53.7
3420,L13419,L,298.41,307.97,1434.2,32.75,108.6,2.55,0,0,0,0,0,0,No Failure,169.5
3421,M13420,M,300.76,311.01,1531.0,33.69,185.8,3.73,0,0,0,0,0,0,No Failure,75.7
3422,M13421,M,301.38,311.55,1297.8,52.41,27.0,1.74,0,0,0,0,0,0,No Failure,264.3
3423,M13422,M,300.29,309.72,1513.2,42.03,103.8,0.84,0,0,0,0,0,0,No Failure,169.4
3424,L13423,L,303.21,313.34,1602.8,24.95,106.2,2.77,0,0,0,0,0,0,No Failure,177.5
3425,H13424,H,300.92,310.21,1693.7,39.61,249.7,6.44,1,0,0,0,0,1,TWF,14.9
3426,M13425,M,301.83,311.66,1582.6,37.57,97.8,2.61,0,0,0,0,0,0,No Failure,179.6
3427,M13426,M,300.27,309.93,1281.6,43.9,20.8,1.31,0,0,0,0,0,0,No Failure,273.6
3428,M13427,M,301.35,310.08,1780.1,32.01,16.8,2.95,0,0,0,0,0,0,No Failure,274.5
3429,H13428,H,298.41,306.06,1795.1,24.09,174.6,1.86,0,0,0,0,0,0,No Failure,72.5
3430,M13429,M,299.08,308.14,1558.1,39.72,72.3,1.73,0,0,0,0,0,0,No Failure,210.1
3431,M13430,M,300.7,312.5,1403.4,33.88,217.2,5.33,1,0,0,0,0,1,TWF,8.5
3432,H13431,H,300.68,310.37,1442.8,39.13,120.7,1.53,0,0,0,0,0,0,No Failure,150.2
3433,M13432,M,301.02,311.79,1501.6,37.52,82.6,2.62,0,0,0,0,0,0,No Failure,198.3
3434,L13433,L,302.2,310.08,1587.9,43.18,189.8,2.11,0,0,0,0,0,0,No Failure,37.3
3435,M13434,M,297.15,306.14,1483.5,40.72,104.4,1.7,0,0,0,0,0,0,No Failure,169.3
3436,L13435,L,298.05,306.7,1384.3,48.28,184.3,3.93,0,0,0,0,0,0,No Failure,53.8
3437,L13436,L,300.46,310.26,1721.1,26.49,178.5,2.18,0,0,0,0,0,0,No Failure,92.4
3438,M13437,M,298.55,310.97,1584.1,37.12,180.8,2.53,0,0,0,0,0,0,No Failure,77.9
3439,H13438,H,306.76,317.22,1349.6,48.17,214.3,3.43,0,0,0,0,0,0,No Failure,22.2
3440,H13439,H,301.03,312.73,1590.1,46.43,212.1,2.91,0,0,0,0,0,0,No Failure,27.3
3441,L13440,L,299.84,309.59,1567.0,30.32,166.2,3.65,0,0,0,0,0,0,No Failure,102.9
3442,M13441,M,298.97,310.33,1409.5,36.68,239.2,2.08,0,0,0,0,0,0,No Failure,6.8
3443,L13442,L,299.04,311.11,1751.9,37.79,5.2,3.13,0,0,0,0,0,0,No Failure,293.6
3444,H13443,H,300.06,309.95,1562.1,49.69,232.6,4.89,1,0,0,0,0,1,TWF,12.2
3445,H13444,H,300.22,309.68,1499.2,42.02,37.1,3.1,0,0,0,0,0,0,No Failure,253.4
3446,M13445,M,299.09,307.77,1523.1,31.62,52.9,3.01,0,0,0,0,0,0,No Failure,230.4
3447,H13446,H,299.45,309.14,1617.5,29.46,204.3,2.04,0,0,0,0,0,0,No Failure,58.6
3448,M13447,M,302.69,312.77,1525.1,40.29,100.1,4.19,0,0,0,0,0,0,No Failure,175.1
3449,M13448,M,302.77,314.8,1523.6,41.88,106.3,1.14,0,0,0,0,0,0,No Failure,166.3
3450,L13449,L,300.5,309.21,1728.8,33.16,65.3,1.98,0,0,0,0,0,0,No Failure,215.5
3451,L13450,L,297.32,307.38,1284.1,39.17,56.1,2.91,0,0,0,0,0,0,No Failure,230.4
3452,M13451,M,301.08,309.26,1314.0,53.37,26.6,4.46,0,1,0,0,0,1,HDF,14.2
3453,M13452,M,303.11,312.68,1677.1,33.34,49.2,2.58,0,0,0,0,0,0,No Failure,240.7
3454,L13453,L,302.74,313.05,1970.4,34.14,141.7,2.93,0,0,0,0,0,0,No Failure,128.5
3455,H13454,H,301.47,311.98,1694.9,22.99,176.7,1.99,0,0,0,0,0,0,No Failure,98.4
3456,L13455,L,302.84,313.43,1871.7,40.46,184.7,3.0,0,0,0,0,0,0,No Failure,69.3
3457,M13456,M,300.11,310.5,1460.2,36.3,92.5,2.42,0,0,0,0,0,0,No Failure,186.8
3458,M13457,M,301.26,311.84,1424.0,51.55,230.5,5.63,1,0,0,0,0,1,TWF,14.3
3459,M13458,M,298.64,308.68,1619.7,41.33,82.2,2.32,0,0,0,0,0,0,No Failure,196.9
3460,M13459,M,300.58,309.54,1708.7,25.11,27.8,2.78,0,0,0,0,0,0,No Failure,267.0
3461,L13460,L,302.66,310.81,1303.2,47.76,236.3,4.48,1,1,0,1,0,1,TWF,7.3
3462,L13461,L,298.82,308.27,1499.8,51.6,135.2,3.04,0,0,0,0,0,0,No Failure,120.9
3463,M13462,M,298.28,308.14,1533.2,34.95,242.8,5.77,1,0,0,0,0,1,TWF,12.1
3464,M13463,M,300.19,311.45,1416.5,53.97,98.4,2.33,0,0,0,0,0,0,No Failure,168.8
3465,L13464,L,299.55,309.45,1437.4,44.44,189.3,2.03,0,0,0,0,0,0,No Failure,58.9
3466,M13465,M,301.3,311.1,1688.9,44.91,27.5,2.79,0,0,0,0,0,0,No Failure,264.9
3467,L13466,L,299.09,309.48,1622.1,38.11,213.5,1.36,0,0,0,0,0,0,No Failure,36.4
3468,M13467,M,303.44,313.17,1680.9,34.83,42.7,2.69,0,0,0,0,0,0,No Failure,248.2
3469,H13468,H,297.42,308.23,1598.3,50.4,17.2,2.73,0,0,0,0,0,0,No Failure,273.1
3470,L13469,L,302.51,314.49,1381.7,48.47,24.4,3.62,0,0,0,0,0,0,No Failure,268.3
3471,L13470,L,298.47,310.66,1613.7,35.53,139.3,2.1,0,0,0,0,0,0,No Failure,130.2
3472,M13471,M,296.41,306.51,1367.6,46.84,73.0,2.61,0,0,0,0,0,0,No Failure,206.0
3473,M13472,M,300.48,310.81,1482.2,36.53,240.2,5.89,1,0,0,0,0,1,TWF,2.9
3474,M13473,M,299.49,311.07,1352.5,45.12,213.2,1.84,0,0,0,0,0,0,No Failure,27.6
3475,H13474,H,297.78,307.63,1428.7,50.37,200.8,2.5,0,0,0,0,0,0,No Failure,36.9
3476,H13475,H,296.64,307.32,1554.2,37.47,202.4,1.7,0,0,0,0,0,0,No Failure,50.9
3477,H13476,H,299.98,308.85,1456.1,35.08,222.7,3.08,0,0,0,0,0,0,No Failure,26.6
3478,M13477,M,301.95,311.64,1379.9,36.71,216.3,2.85,0,0,0,0,0,0,No Failure,34.8
3479,L13478,L,301.17,312.33,1741.7,34.97,232.1,6.25,1,0,0,0,0,1,TWF,1.8
3480,L13479,L,300.11,309.4,1516.6,33.91,233.6,4.05,1,0,0,0,0,1,TWF,8.2
3481,L13480,L,300.96,310.83,1443.5,31.54,74.6,3.35,0,0,0,0,0,0,No Failure,210.9
3482,M13481,M,299.95,308.37,1344.3,36.24,54.9,4.54,0,1,0,0,0,1,HDF,3.0
3483,L13482,L,297.14,309.15,1202.9,58.1,160.8,2.53,0,0,0,0,0,0,No Failure,81.7
3484,H13483,H,297.16,308.42,1498.3,39.05,30.8,1.8,0,0,0,0,0,0,No Failure,261.8
3485,M13484,M,299.59,309.78,1291.3,46.87,52.8,2.39,0,0,0,0,0,0,No Failure,232.0
3486,M13485,M,299.68,310.19,1665.5,29.26,193.2,3.26,0,0,0,0,0,0,No Failure,72.0
3487,L13486,L,301.7,312.1,1543.3,34.81,162.3,2.78,0,0,0,0,0,0,No Failure,102.9
3488,L13487,L,301.51,312.9,1816.9,28.73,162.7,1.95,0,0,0,0,0,0,No Failure,108.5
3489,L13488,L,301.21,310.69,1577.9,36.09,237.7,2.19,0,0,0,0,0,0,No Failure,9.6
3490,L13489,L,299.44,310.17,1407.9,31.01,166.9,2.27,0,0,0,0,0,0,No Failure,101.2
3491,L13490,L,297.24,308.32,1201.5,57.57,107.7,2.0,0,0,0,0,0,0,No Failure,154.1
3492,M13491,M,300.82,312.04,1682.4,35.55,70.1,2.66,0,0,0,0,0,0,No Failure,214.6
3493,H13492,H,301.05,308.79,1305.5,47.37,84.6,7.09,0,1,0,0,0,1,HDF,8.1
3494,H13493,H,295.22,304.62,1464.9,47.36,69.5,2.16,0,0,0,0,0,0,No Failure,210.3
3495,M13494,M,298.33,307.31,1837.7,38.51,8.7,3.66,0,0,0,0,0,0,No Failure,288.8
3496,L13495,L,298.62,308.77,1647.4,32.4,65.4,2.5,0,0,0,0,0,0,No Failure,221.6
3497,H13496,H,300.24,308.22,1607.8,41.55,208.8,2.69,0,0,0,0,0,0,No Failure,17.4
3498,H13497,H,298.39,306.35,1707.0,39.31,182.1,2.66,0,0,0,0,0,0,No Failure,53.0
3499,L13498,L,299.92,312.09,1700.4,37.5,155.5,1.48,0,0,0,0,0,0,No Failure,108.7
3500,M13499,M,299.58,310.2,1821.0,40.38,225.6,2.77,0,0,0,0,0,0,No Failure,18.4
3501,L13500,L,299.68,309.8,1430.2,47.55,66.0,1.04,0,0,0,0,0,0,No Failure,214.6
3502,H13501,H,298.57,308.93,1470.6,45.89,144.4,2.63,0,0,0,0,0,0,No Failure,114.8
3503,H13502,H,298.72,308.87,1372.9,53.26,7.8,2.6,0,0,0,0,0,0,No Failure,289.6
3504,L13503,L,297.84,308.84,1532.1,39.36,223.0,4.03,1,0,0,0,0,1,TWF,14.0
3505,H13504,H,300.76,310.13,1514.3,40.03,111.9,2.54,0,0,0,0,0,0,No Failure,160.5
3506,M13505,M,301.14,311.33,1223.9,54.76,44.5,2.32,0,0,0,0,0,0,No Failure,240.5
3507,H13506,H,298.46,308.69,1421.0,40.98,59.8,2.41,0,0,0,0,0,0,No Failure,225.1
3508,L13507,L,303.04,311.99,1795.6,36.79,212.1,2.41,0,0,0,0,0,0,No Failure,39.0
3509,H13508,H,299.37,310.65,1581.7,34.01,27.2,2.15,0,0,0,0,0,0,No Failure,267.1
3510,L13509,L,303.06,312.61,1666.1,20.06,231.3,4.34,0,0,1,0,0,1,PWF,13.7
3511,L13510,L,298.72,309.73,1516.4,43.75,93.4,3.02,0,0,0,0,0,0,No Failure,181.5
3512,L13511,L,295.95,306.06,1200.2,39.15,62.8,2.36,0,0,0,0,0,0,No Failure,222.1
3513,H13512,H,300.8,312.44,1515.0,34.71,83.0,2.47,0,0,0,0,0,0,No Failure,199.3
3514,H13513,H,300.5,309.46,1724.5,40.53,102.2,2.89,0,0,0,0,0,0,No Failure,171.4
3515,H13514,H,300.07,308.98,1325.8,51.08,137.0,3.86,0,0,0,0,0,0,No Failure,118.2
3516,H13515,H,298.72,307.81,1671.7,44.12,146.7,2.38,0,0,0,0,0,0,No Failure,113.5
3517,L13516,L,299.93,310.06,1233.4,34.51,112.0,1.48,0,0,0,0,0,0,No Failure,164.3
3518,L13517,L,298.98,310.52,1541.6,40.99,111.6,1.96,0,0,0,0,0,0,No Failure,160.3
3519,L13518,L,299.4,310.99,1635.5,34.88,71.3,2.86,0,0,0,0,0,0,No Failure,213.4
3520,L13519,L,301.68,309.37,1482.1,47.4,96.0,3.41,0,0,0,0,0,0,No Failure,149.9
3521,L13520,L,300.37,310.62,1980.6,40.63,116.8,1.93,0,0,0,0,0,0,No Failure,149.8
3522,L13521,L,301.22,308.01,1449.7,32.22,149.4,2.47,0,0,0,0,0,0,No Failure,76.7
3523,L13522,L,299.54,310.33,1434.5,41.94,32.7,2.51,0,0,0,0,0,0,No Failure,258.9
3524,L13523,L,299.32,310.43,1574.6,43.93,191.0,2.04,0,0,0,0,0,0,No Failure,57.4
3525,L13524,L,297.69,307.65,1402.9,40.4,170.1,3.42,0,0,0,0,0,0,No Failure,87.6
3526,L13525,L,299.26,309.34,1280.0,59.09,74.7,3.2,0,0,0,0,0,0,No Failure,198.1
3527,H13526,H,293.36,303.43,1341.5,41.92,114.8,2.71,0,0,0,0,0,0,No Failure,155.5
3528,M13527,M,298.82,308.04,1673.7,33.75,236.7,5.07,1,0,0,0,0,1,TWF,13.1
3529,H13528,H,299.84,310.27,1483.4,32.93,5.1,3.07,0,0,0,0,0,0,No Failure,293.8
3530,L13529,L,301.13,310.9,1842.7,33.64,202.8,2.81,0,0,0,0,0,0,No Failure,55.2
3531,L13530,L,299.46,310.39,1459.0,20.0,127.9,4.23,0,0,1,0,0,1,PWF,4.9
3532,M13531,M,300.7,310.58,1665.2,34.3,154.7,3.08,0,0,0,0,0,0,No Failure,112.6
3533,L13532,L,295.64,304.78,1629.4,45.71,171.1,2.72,0,0,0,0,0,0,No Failure,80.7
3534,L13533,L,299.89,308.35,1456.3,31.42,114.0,1.5,0,0,0,0,0,0,No Failure,153.2
3535,L13534,L,296.64,304.78,1380.7,32.13,48.0,1.9,0,0,0,0,0,0,No Failure,225.3
3536,L13535,L,297.58,308.9,1228.0,56.67,227.4,4.7,0,0,0,1,0,1,OSF,13.6
3537,L13536,L,299.63,309.17,1637.0,45.41,185.0,3.12,0,0,0,0,0,0,No Failure,63.2
3538,L13537,L,302.55,312.89,1752.5,24.75,139.9,2.08,0,0,0,0,0,0,No Failure,138.8
3539,M13538,M,300.74,312.53,1253.4,60.0,112.1,2.88,0,0,0,0,0,0,No Failure,146.5
3540,L13539,L,300.04,309.47,1471.7,43.8,124.8,3.8,0,0,0,0,0,0,No Failure,141.5
3541,L13540,L,299.96,309.33,1418.6,49.64,205.9,2.98,0,0,0,0,0,0,No Failure,31.2
3542,H13541,H,298.57,308.44,1636.7,31.12,3.1,2.25,0,0,0,0,0,0,No Failure,296.3
3543,L13542,L,298.91,308.94,1479.2,50.99,216.3,5.14,1,0,0,1,0,1,TWF,4.4
3544,L13543,L,300.85,312.74,1774.8,31.93,11.7,2.32,0,0,0,0,0,0,No Failure,286.0
3545,H13544,H,297.23,308.8,1469.2,38.65,154.0,1.88,0,0,0,0,0,0,No Failure,109.4
3546,L13545,L,301.19,311.81,1316.7,48.95,83.3,1.81,0,0,0,0,0,0,No Failure,191.6
3547,L13546,L,299.22,310.67,1454.1,38.52,169.6,2.02,0,0,0,0,0,0,No Failure,90.2
3548,L13547,L,301.65,311.47,1473.8,30.07,21.4,2.82,0,0,0,0,0,0,No Failure,274.7
3549,L13548,L,301.92,312.22,1632.2,37.68,139.1,2.19,0,0,0,0,0,0,No Failure,128.7
3550,M13549,M,296.65,306.35,1471.1,38.56,213.8,2.36,0,0,0,0,0,0,No Failure,35.5
3551,H13550,H,298.84,307.55,1616.8,31.74,123.7,2.78,0,0,0,0,0,0,No Failure,146.4
3552,L13551,L,298.29,309.49,1396.5,51.65,21.1,2.94,0,0,0,0,0,0,No Failure,272.2
3553,M13552,M,296.37,306.91,1485.3,57.14,9.3,1.34,0,0,0,0,0,0,No Failure,278.5
3554,M13553,M,297.93,307.95,1397.5,36.5,155.3,1.47,0,0,0,0,0,0,No Failure,109.8
3555,L13554,L,304.88,314.88,1386.5,44.66,17.4,2.27,0,0,0,0,0,0,No Failure,277.8
3556,M13555,M,301.22,309.71,1766.2,31.18,17.8,1.83,0,0,0,0,0,0,No Failure,268.6
3557,L13556,L,303.83,312.86,1410.0,58.57,106.4,3.01,0,0,0,0,0,0,No Failure,148.8
3558,L13557,L,301.66,311.99,1475.8,44.1,52.4,2.22,0,0,0,0,0,0,No Failure,233.4
3559,L13558,L,298.52,307.99,1725.0,41.27,51.0,3.58,0,0,0,0,0,0,No Failure,236.0
3560,L13559,L,299.24,309.02,1672.3,44.15,120.2,2.21,0,0,0,0,0,0,No Failure,147.1
3561,L13560,L,301.18,311.07,1831.8,33.67,70.2,2.69,0,0,0,0,0,0,No Failure,215.3
3562,H13561,H,300.88,310.19,1624.4,35.63,54.8,2.1,0,0,0,0,0,0,No Failure,233.2
3563,L13562,L,298.85,307.88,1430.5,52.58,128.6,2.79,0,0,0,0,0,0,No Failure,129.8
3564,L13563,L,296.98,305.37,1906.2,36.92,72.7,2.81,0,0,0,0,0,0,No Failure,198.5
3565,L13564,L,306.58,316.43,1642.2,30.62,20.1,3.03,0,0,0,0,0,0,No Failure,276.2
3566,M13565,M,299.72,310.34,1510.3,34.66,170.7,2.42,0,0,0,0,0,0,No Failure,92.9
3567,M13566,M,299.35,307.7,1548.3,36.02,146.4,3.26,0,0,0,0,0,0,No Failure,108.3
3568,M13567,M,300.23,310.2,1570.1,46.33,53.0,2.68,0,0,0,0,0,0,No Failure,231.9
3569,M13568,M,299.51,309.8,1495.6,50.43,145.6,2.11,0,0,0,0,0,0,No Failure,109.3
3570,H13569,H,300.25,309.26,1291.7,61.51,238.9,4.96,1,0,0,1,0,1,TWF,1.0
3571,L13570,L,302.57,314.0,1829.2,27.84,239.1,2.94,0,0,0,0,0,0,No Failure,19.9
3572,M13571,M,299.75,309.37,1534.1,40.09,133.0,3.26,0,0,0,0,0,0,No Failure,134.2
3573,H13572,H,297.67,307.57,1570.8,35.39,24.5,1.83,0,0,0,0,0,0,No Failure,270.2
3574,H13573,H,299.68,309.52,1910.0,30.14,114.5,2.95,0,0,0,0,0,0,No Failure,164.2
3575,H13574,H,299.07,307.3,1415.7,48.89,6.7,1.61,0,0,0,0,0,0,No Failure,275.8
3576,L13575,L,302.85,313.86,1655.3,35.93,103.8,2.13,0,0,0,0,0,0,No Failure,173.3
3577,L13576,L,302.34,311.39,1396.2,52.19,227.4,4.38,1,0,0,1,0,1,TWF,5.1
3578,L13577,L,300.22,309.98,1595.5,33.99,116.9,1.99,0,0,0,0,0,0,No Failure,158.7
3579,M13578,M,297.44,308.04,1574.1,43.31,137.6,3.38,0,0,0,0,0,0,No Failure,125.7
3580,L13579,L,297.55,309.01,1679.5,32.63,39.5,2.87,0,0,0,0,0,0,No Failure,252.6
3581,L13580,L,300.03,308.95,1754.3,21.34,3.9,1.79,0,0,0,0,0,0,No Failure,294.0
3582,H13581,H,300.67,310.23,1434.3,34.68,248.3,4.44,1,0,0,0,0,1,TWF,14.6
3583,L13582,L,299.25,310.63,1791.6,34.36,84.6,1.71,0,0,0,0,0,0,No Failure,197.6
3584,H13583,H,299.04,309.5,1804.3,46.71,69.8,2.5,0,0,0,0,0,0,No Failure,201.8
3585,L13584,L,298.81,309.49,1493.3,36.96,142.8,3.03,0,0,0,0,0,0,No Failure,124.7
3586,L13585,L,299.95,308.9,1536.8,37.86,186.3,2.93,0,0,0,0,0,0,No Failure,69.2
3587,L13586,L,295.23,304.86,1449.5,44.82,62.9,2.45,0,0,0,0,0,0,No Failure,219.8
3588,M13587,M,297.8,307.63,1483.3,36.25,131.0,2.29,0,0,0,0,0,0,No Failure,139.7
3589,L13588,L,298.75,307.89,1322.6,41.98,83.2,1.81,0,0,0,0,0,0,No Failure,195.4
3590,L13589,L,302.42,310.74,1677.2,36.28,120.2,2.61,0,0,0,0,0,0,No Failure,139.4
3591,H13590,H,298.37,307.86,1171.0,48.18,40.3,2.98,0,0,0,0,0,0,No Failure,247.7
3592,L13591,L,300.36,311.72,1413.2,29.98,127.5,3.74,0,0,0,0,0,0,No Failure,148.9
3593,M13592,M,300.45,310.51,1529.7,34.67,11.8,2.23,0,0,0,0,0,0,No Failure,285.6
3594,M13593,M,302.6,313.97,1770.7,38.19,210.0,3.01,0,0,0,0,0,0,No Failure,40.6
3595,L13594,L,302.53,312.7,1440.4,46.18,156.9,2.96,0,0,0,0,0,0,No Failure,98.5
3596,M13595,M,299.88,309.12,1614.6,46.51,235.4,2.21,0,0,0,0,0,0,No Failure,1.0
3597,L13596,L,299.05,310.33,1523.5,48.17,149.9,2.93,0,0,0,0,0,0,No Failure,105.6
3598,M13597,M,298.67,308.88,1707.2,28.84,45.5,2.01,0,0,0,0,0,0,No Failure,246.4
3599,L13598,L,299.52,310.48,1605.2,32.16,121.0,2.65,0,0,0,0,0,0,No Failure,155.0
3600,M13599,M,299.13,308.06,1686.6,30.67,166.2,4.66,0,0,0,0,1,1,RNF,13.6
3601,L13600,L,301.11,312.15,1439.4,40.62,93.6,2.77,0,0,0,0,0,0,No Failure,183.1
3602,M13601,M,300.84,311.91,1356.5,39.87,138.2,2.81,0,0,0,0,0,0,No Failure,127.9
3603,L13602,L,301.18,311.47,1603.7,36.19,40.7,2.18,0,0,0,0,0,0,No Failure,250.3
3604,L13603,L,302.52,311.71,1450.7,35.25,194.3,2.49,0,0,0,0,0,0,No Failure,63.6
3605,L13604,L,303.73,313.68,1543.4,44.37,227.4,5.35,1,0,0,0,0,1,TWF,1.0
3606,L13605,L,300.25,310.86,1594.8,30.99,78.7,1.85,0,0,0,0,0,0,No Failure,206.3
3607,H13606,H,302.2,312.43,1760.3,27.1,198.3,2.28,0,0,0,0,0,0,No Failure,68.6
3608,L13607,L,299.3,309.9,1678.8,39.38,23.0,2.15,0,0,0,0,0,0,No Failure,271.4
3609,H13608,H,302.37,313.38,1416.1,47.43,61.7,1.82,0,0,0,0,0,0,No Failure,220.3
3610,H13609,H,302.12,311.47,1333.0,43.43,115.5,2.02,0,0,0,0,0,0,No Failure,153.7
3611,M13610,M,302.02,310.86,1843.6,38.63,96.6,2.35,0,0,0,0,0,0,No Failure,177.3
3612,L13611,L,300.19,310.15,1254.7,53.4,154.9,2.53,0,0,0,0,0,0,No Failure,94.2
3613,L13612,L,298.66,308.33,1457.0,54.47,140.7,1.75,0,0,0,0,0,0,No Failure,109.0
3614,M13613,M,297.21,308.0,1653.5,41.42,21.8,3.22,0,0,0,0,0,0,No Failure,272.6
3615,L13614,L,299.92,308.85,1831.3,44.71,32.9,2.87,0,0,0,0,0,0,No Failure,250.8
3616,L13615,L,303.07,314.09,1504.1,40.33,12.9,2.45,0,0,0,0,0,0,No Failure,283.9
3617,M13616,M,299.38,310.73,1542.9,48.69,238.2,1.77,0,0,0,0,0,0,No Failure,1.0
3618,H13617,H,301.57,311.57,1381.4,53.38,161.3,2.37,0,0,0,0,0,0,No Failure,85.7
3619,M13618,M,301.69,311.75,1560.7,37.45,213.9,2.34,0,0,0,0,0,0,No Failure,36.8
3620,L13619,L,299.43,308.67,1332.1,40.22,135.3,1.85,0,0,0,0,0,0,No Failure,131.2
3621,M13620,M,302.63,312.09,1403.7,39.16,48.5,1.8,0,0,0,0,0,0,No Failure,239.9
3622,L13621,L,294.18,303.77,1674.7,38.73,156.7,2.96,0,0,0,0,0,0,No Failure,106.0
3623,L13622,L,297.55,309.0,1460.4,33.04,126.3,2.31,0,0,0,0,0,0,No Failure,148.0
3624,H13623,H,298.17,308.1,1702.2,32.07,102.0,3.03,0,0,0,0,0,0,No Failure,177.8
3625,L13624,L,298.36,307.04,1510.5,48.1,93.0,2.49,0,0,0,0,0,0,No Failure,173.1
3626,L13625,L,300.67,310.93,1293.0,51.07,162.5,2.95,0,0,0,0,0,0,No Failure,86.4
3627,L13626,L,300.58,311.41,1747.1,17.87,154.4,4.85,0,0,1,0,0,1,PWF,3.4
3628,H13627,H,300.79,310.76,1302.6,36.73,37.9,2.78,0,0,0,0,0,0,No Failure,253.5
3629,M13628,M,301.19,312.66,1430.3,57.06,204.1,4.74,1,0,0,0,0,1,TWF,12.1
3630,M13629,M,298.1,308.88,1502.3,48.2,159.0,2.56,0,0,0,0,0,0,No Failure,93.8
3631,M13630,M,297.56,306.51,1718.0,30.84,134.0,1.6,0,0,0,0,0,0,No Failure,139.6
3632,L13631,L,300.79,310.24,1443.8,31.14,187.2,1.7,0,0,0,0,0,0,No Failure,76.9
3633,L13632,L,298.74,308.97,1372.1,34.98,38.4,2.11,0,0,0,0,0,0,No Failure,253.3
3634,L13633,L,296.86,305.19,1567.1,41.85,229.9,2.95,0,0,0,0,0,0,No Failure,1.0
3635,L13634,L,301.94,312.28,1499.7,53.85,67.6,2.26,0,0,0,0,0,0,No Failure,205.4
3636,L13635,L,302.79,311.03,1454.3,54.65,65.7,2.62,0,0,0,0,0,0,No Failure,193.8
3637,H13636,H,303.11,314.14,1576.8,27.02,203.7,2.82,0,0,0,0,0,0,No Failure,62.4
3638,L13637,L,300.37,311.28,1322.6,43.3,83.5,2.6,0,0,0,0,0,0,No Failure,194.3
3639,L13638,L,301.25,311.76,1229.8,42.79,207.7,1.13,0,0,0,0,0,0,No Failure,37.6
3640,L13639,L,302.74,312.06,1920.8,32.2,82.0,1.79,0,0,0,0,0,0,No Failure,201.8
3641,L13640,L,298.72,308.89,1556.6,29.23,137.7,3.56,0,0,0,0,0,0,No Failure,137.6
3642,H13641,H,302.22,311.71,1569.2,34.42,57.7,2.7,0,0,0,0,0,0,No Failure,230.1
3643,L13642,L,300.55,309.52,1398.0,36.85,182.9,0.88,0,0,0,0,0,0,No Failure,75.0
3644,L13643,L,301.83,311.49,1698.7,38.99,41.7,2.54,0,0,0,0,0,0,No Failure,248.3
3645,M13644,M,300.37,311.07,1442.5,37.99,224.9,3.58,0,0,0,0,0,0,No Failure,22.6
3646,L13645,L,302.59,312.64,1100.0,51.95,92.9,2.66,0,0,0,0,0,0,No Failure,177.4
3647,L13646,L,300.45,311.9,1436.5,45.34,117.9,2.53,0,0,0,0,0,0,No Failure,149.2
3648,L13647,L,297.03,307.8,1487.6,51.83,6.0,1.4,0,0,0,0,0,0,No Failure,291.3
3649,M13648,M,302.9,313.56,1507.6,54.61,243.9,5.6,1,0,0,1,0,1,TWF,11.5
3650,H13649,H,298.1,306.5,1502.4,43.13,203.3,1.51,0,0,0,0,0,0,No Failure,30.6
3651,M13650,M,302.51,312.22,1422.6,41.56,111.8,1.77,0,0,0,0,0,0,No Failure,159.7
3652,L13651,L,299.82,308.76,1405.3,51.91,230.1,4.46,0,0,0,1,0,1,OSF,11.7
3653,H13652,H,302.35,312.17,1484.7,48.58,232.8,5.78,1,0,0,0,0,1,TWF,7.3
3654,L13653,L,302.27,311.58,1243.5,54.43,133.3,2.94,0,0,0,0,0,0,No Failure,122.1
3655,L13654,L,300.86,310.48,1187.6,39.47,58.5,3.34,0,0,0,0,0,0,No Failure,227.3
3656,L13655,L,301.02,312.08,1555.6,47.03,121.8,1.71,0,0,0,0,0,0,No Failure,143.0
3657,L13656,L,300.85,311.32,1558.5,41.01,81.2,2.61,0,0,0,0,0,0,No Failure,198.3
3658,M13657,M,295.97,306.98,1695.4,29.13,112.0,1.9,0,0,0,0,0,0,No Failure,167.9
3659,M13658,M,300.24,308.64,1492.3,35.5,227.8,1.96,0,0,0,0,0,0,No Failure,10.4
3660,H13659,H,297.77,307.83,1324.3,49.38,70.5,2.78,0,0,0,0,0,0,No Failure,208.1
3661,M13660,M,300.34,311.31,1190.8,32.8,209.7,2.61,0,0,0,0,0,0,No Failure,47.9
3662,M13661,M,297.71,309.22,1378.7,42.64,233.8,2.67,0,0,0,0,0,0,No Failure,4.8
3663,L13662,L,297.63,306.08,1613.6,32.6,201.3,1.75,0,0,0,0,0,0,No Failure,47.4
3664,L13663,L,303.21,312.86,1796.0,28.11,131.8,2.58,0,0,0,0,0,0,No Failure,145.4
3665,M13664,M,302.14,313.17,1547.7,35.57,141.0,2.71,0,0,0,0,0,0,No Failure,128.1
3666,L13665,L,299.99,309.8,1320.8,35.07,204.9,2.09,0,0,0,0,0,0,No Failure,50.9
3667,H13666,H,300.37,309.46,1380.5,50.83,11.1,2.34,0,0,0,0,0,0,No Failure,285.4
3668,L13667,L,299.5,307.95,1386.1,28.39,184.0,1.51,0,0,0,0,0,0,No Failure,72.9
3669,L13668,L,301.14,310.19,1465.3,42.13,132.2,1.21,0,0,0,0,0,0,No Failure,133.5
3670,L13669,L,298.65,306.96,1738.6,28.58,99.3,3.7,0,0,0,0,0,0,No Failure,169.5
3671,L13670,L,301.99,312.05,1752.6,48.12,191.7,2.62,0,0,0,0,0,0,No Failure,43.2
3672,L13671,L,299.49,310.39,1507.2,39.97,66.6,2.28,0,0,0,0,0,0,No Failure,217.1
3673,M13672,M,299.16,307.9,1570.8,23.33,223.9,2.98,0,0,0,0,0,0,No Failure,38.7
3674,L13673,L,300.04,310.3,1395.2,46.83,172.1,1.98,0,0,0,0,0,0,No Failure,78.3
3675,M13674,M,298.82,309.66,1231.9,41.06,152.5,2.57,0,0,0,0,0,0,No Failure,108.9
3676,L13675,L,300.66,310.65,1858.1,39.19,130.8,3.16,0,0,0,0,0,0,No Failure,137.7
3677,L13676,L,298.93,307.31,1122.3,57.79,53.2,4.41,0,1,0,0,0,1,HDF,5.7
3678,L13677,L,300.94,311.32,1209.4,59.92,154.2,2.2,0,0,0,0,0,0,No Failure,88.9
3679,H13678,H,302.43,312.38,1859.6,33.57,181.2,1.67,0,0,0,0,0,0,No Failure,81.3
3680,L13679,L,298.56,308.4,1541.0,44.67,2.9,3.0,0,0,0,0,0,0,No Failure,296.3
3681,M13680,M,299.74,309.19,1336.5,45.19,91.6,2.62,0,0,0,0,0,0,No Failure,182.9
3682,L13681,L,300.92,311.01,1660.2,32.01,208.1,5.43,1,0,0,0,0,1,TWF,14.4
3683,M13682,M,299.13,309.64,1676.4,43.25,158.1,3.01,0,0,0,0,0,0,No Failure,99.9
3684,L13683,L,300.93,313.32,1299.4,37.56,153.8,2.34,0,0,0,0,0,0,No Failure,110.6
3685,M13684,M,301.11,311.22,1442.6,41.34,57.2,2.75,0,0,0,0,0,0,No Failure,228.3
3686,M13685,M,302.17,313.68,1694.8,31.42,158.0,2.75,0,0,0,0,0,0,No Failure,111.4
3687,H13686,H,298.79,309.15,1391.8,49.01,196.5,2.94,0,0,0,0,0,0,No Failure,44.2
3688,L13687,L,298.11,308.01,1588.5,31.14,100.4,3.38,0,0,0,0,0,0,No Failure,180.3
3689,L13688,L,299.38,309.53,1793.0,30.6,45.5,1.85,0,0,0,0,0,0,No Failure,245.9
3690,L13689,L,298.06,306.84,1109.7,54.37,19.3,1.37,0,0,0,0,0,0,No Failure,269.8
3691,H13690,H,301.13,311.43,1476.9,51.04,126.4,1.87,0,0,0,0,0,0,No Failure,133.9
3692,M13691,M,297.68,305.68,1584.8,34.13,171.0,2.78,0,0,0,0,0,0,No Failure,73.3
3693,M13692,M,304.67,313.8,1217.2,46.49,40.7,2.75,0,0,0,0,0,0,No Failure,247.7
3694,L13693,L,302.59,312.7,1443.2,32.14,105.4,2.16,0,0,0,0,0,0,No Failure,173.8
3695,L13694,L,300.03,311.22,1725.0,27.9,142.2,2.34,0,0,0,0,0,0,No Failure,133.4
3696,L13695,L,301.73,313.17,1411.9,45.39,39.0,2.0,0,0,0,0,0,0,No Failure,250.2
3697,H13696,H,296.73,306.49,1272.3,47.38,67.5,2.44,0,0,0,0,0,0,No Failure,212.9
3698,M13697,M,305.05,315.2,1740.4,34.81,152.1,2.08,0,0,0,0,0,0,No Failure,115.3
3699,H13698,H,298.82,309.8,1617.6,49.28,181.3,3.48,0,0,0,0,0,0,No Failure,60.3
3700,L13699,L,299.76,308.43,1525.7,27.62,159.0,3.29,0,0,0,0,0,0,No Failure,107.4
3701,M13700,M,296.29,306.69,1520.4,55.69,178.4,2.93,0,0,0,0,0,0,No Failure,51.8
3702,M13701,M,300.97,310.14,1722.1,43.09,145.4,2.52,0,0,0,0,0,0,No Failure,116.1
3703,L13702,L,297.79,307.62,1590.7,35.44,209.0,3.18,0,0,0,0,0,0,No Failure,45.5
3704,H13703,H,300.2,309.74,1653.6,39.02,206.7,2.56,0,0,0,0,0,0,No Failure,43.7
3705,H13704,H,298.91,309.35,1414.0,37.65,199.1,2.6,0,0,0,0,0,0,No Failure,54.8
3706,H13705,H,297.84,308.39,1194.8,52.45,143.9,1.46,0,0,0,0,0,0,No Failure,109.7
3707,M13706,M,298.39,309.28,1649.3,51.43,248.5,5.08,1,0,0,1,0,1,TWF,2.0
3708,L13707,L,300.45,310.8,1735.1,30.06,9.8,1.73,0,0,0,0,0,0,No Failure,288.4
3709,L13708,L,297.44,307.61,1497.8,38.43,48.9,2.26,0,0,0,0,0,0,No Failure,239.5
3710,H13709,H,298.5,310.36,1696.9,30.06,202.2,2.6,0,0,0,0,0,0,No Failure,60.4
3711,L13710,L,301.33,309.8,1478.0,36.42,206.6,1.96,0,0,0,0,0,0,No Failure,36.6
3712,M13711,M,305.2,316.9,1521.8,36.61,204.7,6.11,1,0,0,0,0,1,TWF,1.0
3713,M13712,M,300.96,310.67,1851.7,24.74,218.2,5.93,1,0,0,0,0,1,TWF,4.6
3714,M13713,M,298.17,308.74,1485.8,38.54,105.7,1.97,0,0,0,0,0,0,No Failure,169.3
3715,H13714,H,299.27,308.94,1475.2,41.05,233.0,2.57,0,0,0,0,0,0,No Failure,8.2
3716,L13715,L,300.06,309.36,1203.3,47.04,52.3,1.75,0,0,0,0,0,0,No Failure,232.6
3717,L13716,L,299.3,309.79,1661.5,20.02,234.2,4.24,0,0,1,0,0,1,PWF,4.3
3718,L13717,L,301.81,312.85,1410.9,41.44,139.2,2.69,0,0,0,0,0,0,No Failure,125.3
3719,L13718,L,300.43,310.91,1564.4,38.02,41.0,2.93,0,0,0,0,0,0,No Failure,249.4
3720,L13719,L,301.82,311.27,1481.6,53.78,184.0,1.59,0,0,0,0,0,0,No Failure,51.6
3721,L13720,L,299.37,312.98,1458.2,41.33,74.0,3.73,0,0,0,0,0,0,No Failure,207.2
3722,H13721,H,302.65,313.85,1516.9,46.1,55.1,2.2,0,0,0,0,0,0,No Failure,229.2
3723,H13722,H,299.67,310.6,1530.7,36.22,43.0,2.62,0,0,0,0,0,0,No Failure,247.4
3724,L13723,L,298.06,307.7,1748.5,43.4,7.4,2.18,0,0,0,0,0,0,No Failure,290.7
3725,L13724,L,304.35,313.73,1810.1,26.54,191.2,2.33,0,0,0,0,0,0,No Failure,77.6
3726,H13725,H,296.35,306.07,1654.5,39.8,121.6,3.41,0,0,0,0,0,0,No Failure,148.6
3727,L13726,L,298.52,309.6,1765.6,39.87,244.7,3.4,0,0,0,0,0,0,No Failure,1.0
3728,L13727,L,298.75,307.76,1690.9,40.34,109.8,1.51,0,0,0,0,0,0,No Failure,162.9
3729,L13728,L,305.02,313.95,1626.5,52.04,210.8,2.16,0,0,0,0,0,0,No Failure,11.6
3730,M13729,M,303.61,314.15,1798.5,29.27,242.0,6.95,1,0,0,0,0,1,TWF,1.0
3731,L13730,L,302.99,313.31,1303.8,55.92,5.6,2.24,0,0,0,0,0,0,No Failure,292.5
3732,H13731,H,299.34,308.57,1415.5,50.48,26.3,2.75,0,0,0,0,0,0,No Failure,265.5
3733,L13732,L,304.85,313.76,1391.1,43.48,87.0,3.18,0,0,0,0,0,0,No Failure,187.9
3734,M13733,M,300.74,312.17,1484.1,53.3,217.5,3.01,0,0,0,0,0,0,No Failure,8.3
3735,L13734,L,301.95,312.31,1660.8,35.1,209.5,0.81,0,0,0,0,0,0,No Failure,45.3
3736,L13735,L,300.36,309.0,1338.4,44.99,91.7,2.7,0,0,0,0,0,0,No Failure,175.7
3737,M13736,M,299.9,308.61,1628.0,36.82,50.0,3.55,0,0,0,0,0,0,No Failure,232.8
3738,M13737,M,299.5,309.13,1432.9,32.96,200.6,2.52,0,0,0,0,0,0,No Failure,58.7
3739,M13738,M,299.58,310.31,1475.9,45.98,149.2,1.88,0,0,0,0,0,0,No Failure,108.5
3740,M13739,M,301.22,311.81,1573.9,42.36,7.9,1.89,0,0,0,0,0,0,No Failure,290.0
3741,H13740,H,300.73,311.87,1838.9,31.89,201.1,2.38,0,0,0,0,0,0,No Failure,59.5
3742,H13741,H,299.94,308.45,1410.5,54.88,239.2,5.64,0,0,0,1,0,1,OSF,12.3
3743,M13742,M,303.02,313.24,1523.7,36.32,10.5,4.23,0,0,0,0,0,0,No Failure,287.1
3744,L13743,L,294.07,305.49,1345.0,32.5,71.5,2.33,0,0,0,0,0,0,No Failure,214.2
3745,L13744,L,301.02,312.35,1408.8,55.91,204.9,5.06,0,0,0,1,0,1,OSF,7.2
3746,L13745,L,301.44,311.79,1343.4,51.74,146.2,1.57,0,0,0,0,0,0,No Failure,107.3
3747,M13746,M,302.29,314.64,1581.8,42.31,247.3,4.26,1,0,0,0,0,1,TWF,7.9
3748,L13747,L,299.87,310.48,1614.1,34.8,228.9,3.86,1,0,0,0,0,1,TWF,7.7
3749,L13748,L,300.42,311.46,1661.0,38.52,44.6,2.77,0,0,0,0,0,0,No Failure,244.9
3750,H13749,H,301.97,312.02,1403.1,33.94,168.5,2.45,0,0,0,0,0,0,No Failure,96.3
3751,H13750,H,302.98,312.2,1628.9,35.26,163.3,2.53,0,0,0,0,0,0,No Failure,101.2
3752,H13751,H,299.4,308.52,1558.2,32.18,27.7,2.34,0,0,0,0,0,0,No Failure,266.8
3753,L13752,L,300.53,310.72,1527.7,41.11,22.4,2.48,0,0,0,0,0,0,No Failure,272.0
3754,M13753,M,303.36,313.15,1315.8,52.06,142.4,2.32,0,0,0,0,0,0,No Failure,112.0
3755,L13754,L,295.75,303.98,1565.4,30.99,100.7,1.69,0,0,0,0,0,0,No Failure,164.7
3756,L13755,L,298.62,307.59,1571.1,43.26,136.4,1.61,0,0,0,0,0,0,No Failure,126.8
3757,L13756,L,302.93,312.61,1556.2,39.95,59.7,3.32,0,0,0,0,0,0,No Failure,225.6
3758,L13757,L,302.19,312.91,1609.6,42.06,139.2,2.01,0,0,0,0,0,0,No Failure,124.8
3759,L13758,L,301.04,311.03,1662.3,34.4,95.8,2.36,0,0,0,0,0,0,No Failure,183.9
3760,H13759,H,299.1,309.03,1341.5,49.66,221.9,6.57,1,0,0,0,0,1,TWF,5.5
3761,L13760,L,298.24,307.25,1499.2,35.15,76.5,2.34,0,0,0,0,0,0,No Failure,206.9
3762,M13761,M,298.82,308.84,1630.3,25.03,217.7,3.03,0,0,0,0,0,0,No Failure,48.8
3763,M13762,M,303.1,314.42,1490.0,30.09,97.5,1.97,0,0,0,0,0,0,No Failure,184.4
3764,L13763,L,298.74,308.9,1709.7,31.57,144.5,3.43,0,0,0,0,0,0,No Failure,127.4
3765,L13764,L,300.2,308.7,1554.1,27.32,71.6,2.64,0,0,0,0,0,0,No Failure,206.2
3766,L13765,L,298.49,307.24,1188.1,61.35,202.3,5.82,0,0,0,1,0,1,OSF,2.6
3767,M13766,M,301.69,312.27,1688.3,34.96,210.9,4.87,1,0,0,0,0,1,TWF,6.8
3768,L13767,L,298.92,308.7,1517.0,45.99,202.3,2.96,0,0,0,0,0,0,No Failure,40.5
3769,L13768,L,299.8,309.73,1221.2,54.64,160.0,2.64,0,0,0,0,0,0,No Failure,86.3
3770,L13769,L,296.63,306.02,1492.8,40.24,76.2,0.58,0,0,0,0,0,0,No Failure,204.9
3771,M13770,M,296.77,307.28,1311.0,70.52,159.1,5.16,0,0,1,0,0,1,PWF,4.2
3772,H13771,H,300.02,309.71,1672.8,56.36,239.9,4.4,1,0,1,1,0,1,TWF,14.2
3773,L13772,L,297.35,307.16,1531.6,48.92,162.1,1.92,0,0,0,0,0,0,No Failure,89.1
3774,M13773,M,304.21,313.36,1372.6,37.37,239.1,4.53,1,0,0,0,0,1,TWF,1.0
3775,M13774,M,295.88,306.8,1683.1,45.68,76.1,2.27,0,0,0,0,0,0,No Failure,201.9
3776,H13775,H,298.4,308.18,1620.1,24.8,211.5,3.46,0,0,0,0,0,0,No Failure,56.2
3777,H13776,H,300.03,310.64,1495.8,49.89,179.6,2.86,0,0,0,0,0,0,No Failure,65.2
3778,M13777,M,299.27,308.08,1315.0,27.73,204.8,2.7,0,0,0,0,0,0,No Failure,56.4
3779,M13778,M,297.79,309.53,1387.2,41.02,177.7,1.8,0,0,0,0,0,0,No Failure,77.5
3780,H13779,H,298.08,309.36,1384.5,51.8,120.1,2.09,0,0,0,0,0,0,No Failure,141.6
3781,L13780,L,298.02,306.11,1671.6,38.59,171.6,3.01,0,0,0,0,0,0,No Failure,69.4
3782,L13781,L,299.43,308.62,1237.1,38.15,233.0,2.9,0,0,0,0,0,0,No Failure,12.3
3783,L13782,L,303.9,314.38,1529.5,40.42,104.4,1.65,0,0,0,0,0,0,No Failure,169.7
3784,H13783,H,300.16,308.84,1493.2,42.88,237.9,6.27,1,0,0,0,0,1,TWF,2.3
3785,H13784,H,302.37,312.23,1723.4,36.25,12.3,1.98,0,0,0,0,0,0,No Failure,284.9
3786,L13785,L,301.01,311.44,1579.7,35.13,3.5,2.71,0,0,0,0,0,0,No Failure,295.7
3787,M13786,M,302.23,312.04,1633.8,42.71,123.5,4.14,0,0,0,0,0,0,No Failure,144.1
3788,L13787,L,294.4,304.94,1444.0,49.57,212.1,5.35,1,0,0,0,0,1,TWF,7.9
3789,L13788,L,299.39,308.7,1317.7,44.46,62.0,2.6,0,0,0,0,0,0,No Failure,221.1
3790,H13789,H,302.61,310.37,1479.7,51.19,173.4,2.16,0,0,0,0,0,0,No Failure,47.2
3791,L13790,L,298.86,309.84,1677.1,34.68,136.7,2.61,0,0,0,0,0,0,No Failure,134.1
3792,L13791,L,303.52,314.5,1676.7,32.36,72.7,3.36,0,0,0,0,0,0,No Failure,212.8
3793,M13792,M,302.97,315.47,1460.9,50.57,71.4,2.38,0,0,0,0,0,0,No Failure,206.3
3794,M13793,M,299.06,306.85,1383.9,52.6,18.3,2.32,0,0,0,0,0,0,No Failure,251.6
3795,L13794,L,298.99,309.74,1348.9,40.14,134.1,3.16,0,0,0,0,0,0,No Failure,132.8
3796,M13795,M,297.97,306.0,1513.5,34.29,112.5,1.74,0,0,0,0,0,0,No Failure,144.3
3797,M13796,M,298.74,310.5,1562.4,50.75,72.4,2.55,0,0,0,0,0,0,No Failure,202.0
3798,L13797,L,297.53,308.02,1801.7,32.58,242.6,2.06,0,0,0,0,0,0,No Failure,8.7
3799,L13798,L,300.86,309.91,1560.1,38.48,204.6,2.36,0,0,0,0,0,0,No Failure,46.9
3800,M13799,M,297.09,307.87,1647.9,34.65,131.2,1.97,0,0,0,0,0,0,No Failure,140.8
3801,L13800,L,301.21,310.65,1398.3,52.16,130.4,1.64,0,0,0,0,0,0,No Failure,127.7
3802,H13801,H,301.26,311.56,1545.5,53.83,48.4,1.17,0,0,0,0,0,0,No Failure,228.4
3803,H13802,H,296.68,306.88,1563.1,38.88,162.3,2.23,0,0,0,0,0,0,No Failure,98.9
3804,H13803,H,303.1,314.84,1512.8,56.58,238.4,5.94,0,0,0,1,0,1,OSF,12.2
3805,L13804,L,301.03,312.84,1534.1,35.23,224.6,6.37,1,0,0,0,0,1,TWF,4.1
3806,H13805,H,301.5,310.9,1560.6,36.47,21.2,1.7,0,0,0,0,0,0,No Failure,274.1
3807,L13806,L,298.48,309.54,1624.1,41.66,13.3,2.59,0,0,0,0,0,0,No Failure,283.3
3808,L13807,L,301.24,311.6,1747.3,28.62,240.3,2.84,0,0,0,0,0,0,No Failure,17.4
3809,L13808,L,302.25,310.84,1132.5,57.6,50.0,5.39,0,1,0,0,0,1,HDF,14.3
3810,L13809,L,299.8,309.11,1737.4,30.91,137.6,2.65,0,0,0,0,0,0,No Failure,136.2
3811,M13810,M,304.0,316.34,1231.8,37.9,18.7,1.2,0,0,0,0,0,0,No Failure,277.0
3812,L13811,L,300.09,310.45,1593.3,25.46,210.8,2.43,0,0,0,0,0,0,No Failure,56.1
3813,L13812,L,302.28,313.28,1959.7,28.35,29.5,2.45,0,0,0,0,0,0,No Failure,265.4
3814,M13813,M,300.59,310.37,1530.4,42.13,160.9,2.83,0,0,0,0,0,0,No Failure,97.3
3815,L13814,L,301.17,310.63,1570.2,28.68,14.2,3.33,0,0,0,0,0,0,No Failure,283.3
3816,M13815,M,296.66,306.68,1482.5,41.72,39.2,2.34,0,0,0,0,0,0,No Failure,250.8
3817,L13816,L,300.74,310.48,1657.4,37.47,128.0,2.29,0,0,0,0,0,0,No Failure,142.4
3818,H13817,H,298.53,307.04,1602.8,36.26,11.4,2.58,0,0,0,0,0,0,No Failure,276.2
3819,H13818,H,298.31,307.3,1417.0,35.86,48.9,2.51,0,0,0,0,0,0,No Failure,240.2
3820,L13819,L,303.49,314.2,1517.5,41.22,34.0,2.76,0,0,0,0,0,0,No Failure,257.3
3821,L13820,L,299.57,309.19,1337.8,43.85,10.1,2.82,0,0,0,0,0,0,No Failure,287.1
3822,L13821,L,297.99,308.02,1516.7,46.43,242.7,5.75,1,0,0,1,0,1,TWF,5.0
3823,H13822,H,299.28,309.52,1462.9,31.96,112.5,2.8,0,0,0,0,0,0,No Failure,165.3
3824,L13823,L,297.4,307.71,1562.4,39.2,214.7,2.37,0,0,0,0,0,0,No Failure,33.5
3825,L13824,L,302.87,314.01,1410.9,33.62,89.6,1.63,0,0,0,0,0,0,No Failure,191.9
3826,L13825,L,298.61,307.51,1499.6,38.35,10.6,1.81,0,0,0,0,0,0,No Failure,284.9
3827,L13826,L,301.06,311.63,1539.6,31.31,173.9,1.1,0,0,0,0,0,0,No Failure,92.6
3828,L13827,L,302.71,313.47,1552.0,32.24,9.7,3.5,0,0,0,0,0,0,No Failure,288.4
3829,H13828,H,299.0,309.99,1587.1,37.78,138.2,3.27,0,0,0,0,0,0,No Failure,129.7
3830,L13829,L,301.06,309.65,1506.8,35.86,34.8,3.12,0,0,0,0,0,0,No Failure,249.3
3831,L13830,L,297.94,308.19,1397.2,53.21,167.7,2.37,0,0,0,0,0,0,No Failure,77.4
3832,H13831,H,304.89,316.61,1552.7,46.9,223.2,3.09,0,0,0,0,0,0,No Failure,12.4
3833,H13832,H,301.87,311.77,1506.0,45.47,238.9,5.55,1,0,0,0,0,1,TWF,6.1
3834,L13833,L,299.61,310.1,1721.4,40.35,131.9,1.63,0,0,0,0,0,0,No Failure,135.3
3835,L13834,L,298.45,309.23,1744.0,35.32,133.2,2.03,0,0,0,0,0,0,No Failure,137.9
3836,L13835,L,299.77,308.75,1292.4,55.56,9.6,2.82,0,0,0,0,0,0,No Failure,286.6
3837,H13836,H,299.32,311.15,1648.5,34.34,192.5,2.21,0,0,0,0,0,0,No Failure,66.9
3838,L13837,L,303.91,314.41,1684.4,50.46,239.1,5.24,1,0,0,1,0,1,TWF,13.1
3839,H13838,H,297.55,308.07,1297.1,39.66,109.6,2.99,0,0,0,0,0,0,No Failure,163.7
3840,M13839,M,300.27,308.61,1641.7,28.65,198.4,2.0,0,0,0,0,0,0,No Failure,53.4
3841,M13840,M,299.96,310.76,1698.4,25.56,199.4,3.99,0,0,0,0,0,0,No Failure,69.3
3842,L13841,L,299.77,310.27,1368.0,35.31,196.4,3.46,0,0,0,0,0,0,No Failure,60.9
3843,L13842,L,299.78,311.41,1495.7,28.71,189.7,2.37,0,0,0,0,0,0,No Failure,76.8
3844,L13843,L,299.77,309.46,1571.4,39.68,53.8,3.25,0,0,0,0,0,0,No Failure,233.1
3845,L13844,L,301.75,310.76,1640.1,42.56,187.9,2.61,0,0,0,0,0,0,No Failure,62.9
3846,M13845,M,301.22,310.54,1361.1,44.32,36.1,2.25,0,0,0,0,0,0,No Failure,254.1
3847,H13846,H,300.84,310.33,1745.1,24.68,178.1,3.69,0,0,0,0,0,0,No Failure,94.8
3848,M13847,M,293.93,302.81,1174.7,47.79,0.9,2.73,0,0,0,0,0,0,No Failure,296.5
3849,M13848,M,300.6,311.89,1775.0,39.69,229.7,1.96,0,0,0,0,0,0,No Failure,14.2
3850,L13849,L,296.69,308.02,1636.5,34.27,206.8,2.78,0,0,0,0,0,0,No Failure,49.5
3851,L13850,L,301.29,311.1,1426.7,36.47,170.7,3.51,0,0,0,0,0,0,No Failure,90.9
3852,L13851,L,302.95,312.56,1692.7,24.85,23.6,2.5,0,0,0,0,0,0,No Failure,272.8
3853,M13852,M,298.15,306.33,1350.4,41.47,206.2,4.42,0,1,0,0,0,1,HDF,12.3
3854,H13853,H,299.48,310.17,1558.6,33.58,218.8,4.59,1,0,0,0,0,1,TWF,11.9
3855,M13854,M,298.8,310.45,1580.7,37.35,172.0,2.71,0,0,0,0,0,0,No Failure,88.5
3856,L13855,L,302.47,311.83,1580.3,41.3,244.0,1.91,0,0,0,0,0,0,No Failure,1.0
3857,L13856,L,300.19,310.07,1387.7,41.26,23.2,2.02,0,0,0,0,0,0,No Failure,270.9
3858,M13857,M,303.46,313.89,1449.2,42.7,177.2,2.29,0,0,0,0,0,0,No Failure,76.3
3859,L13858,L,300.83,312.55,1560.7,41.75,131.2,2.6,0,0,0,0,0,0,No Failure,135.1
3860,H13859,H,300.48,310.68,1407.9,34.01,36.4,3.17,0,0,0,0,0,0,No Failure,256.0
3861,H13860,H,300.14,310.33,1586.6,51.02,164.6,2.41,0,0,0,0,0,0,No Failure,78.9
3862,M13861,M,301.64,311.82,1428.1,36.82,199.9,3.0,0,0,0,0,0,0,No Failure,54.8
3863,L13862,L,296.52,305.1,1717.0,38.56,41.2,2.24,0,0,0,0,0,0,No Failure,240.5
3864,L13863,L,300.17,308.72,1817.7,25.06,198.4,2.85,0,0,0,0,0,0,No Failure,62.1
3865,L13864,L,299.86,309.05,1484.8,41.18,23.2,3.22,0,0,0,0,0,0,No Failure,270.9
3866,L13865,L,301.45,312.46,1702.7,36.26,147.9,2.43,0,0,0,0,0,0,No Failure,119.2
3867,L13866,L,299.62,309.29,1500.0,51.61,199.6,2.71,0,0,0,0,0,0,No Failure,35.9
3868,M13867,M,297.92,307.39,1370.4,42.16,36.5,2.15,0,0,0,0,0,0,No Failure,254.0
3869,M13868,M,300.01,309.47,1461.8,50.14,142.9,2.85,0,0,0,0,0,0,No Failure,113.0
3870,L13869,L,297.83,307.7,1553.3,40.66,106.2,0.82,0,0,0,0,0,0,No Failure,167.2
3871,L13870,L,296.15,307.85,1218.1,62.22,151.8,1.52,0,0,0,0,0,0,No Failure,90.1
3872,L13871,L,301.45,311.3,1650.0,23.9,106.1,2.84,0,0,0,0,0,0,No Failure,178.3
3873,L13872,L,301.16,310.37,1553.4,42.0,62.7,1.52,0,0,0,0,0,0,No Failure,221.1
3874,H13873,H,300.93,310.96,1717.1,16.23,63.5,5.51,0,0,1,0,0,1,PWF,3.6
3875,L13874,L,302.61,314.36,1646.9,36.03,216.2,3.34,0,0,0,0,0,0,No Failure,35.9
3876,L13875,L,298.67,308.17,1559.5,45.62,39.1,3.02,0,0,0,0,0,0,No Failure,249.9
3877,L13876,L,297.14,305.96,1474.3,50.82,30.8,3.94,0,0,0,0,0,0,No Failure,256.0
3878,H13877,H,299.86,309.36,1810.6,38.31,24.3,2.55,0,0,0,0,0,0,No Failure,270.0
3879,M13878,M,299.3,309.43,1926.4,29.11,18.5,2.45,0,0,0,0,0,0,No Failure,278.1
3880,L13879,L,298.32,309.0,1477.3,44.43,3.6,2.51,0,0,0,0,0,0,No Failure,295.4
3881,M13880,M,299.84,310.85,1724.6,52.41,40.1,4.2,0,0,1,0,0,1,PWF,8.8
3882,M13881,M,298.78,307.73,1411.5,43.04,48.2,2.37,0,0,0,0,0,0,No Failure,238.1
3883,H13882,H,296.33,305.38,1432.8,48.6,67.4,1.74,0,0,0,0,0,0,No Failure,212.4
3884,L13883,L,299.12,308.79,1468.9,37.84,31.0,3.2,0,0,0,0,0,0,No Failure,261.8
3885,H13884,H,297.73,308.41,1660.6,43.63,23.5,2.94,0,0,0,0,0,0,No Failure,270.1
3886,H13885,H,300.46,309.2,1345.6,50.93,135.4,1.8,0,0,0,0,0,0,No Failure,117.0
3887,H13886,H,298.69,308.08,1815.4,28.78,179.7,2.1,0,0,0,0,0,0,No Failure,88.5
3888,M13887,M,302.22,311.63,1705.9,40.61,157.5,2.73,0,0,0,0,0,0,No Failure,103.1
3889,M13888,M,303.21,314.15,1656.4,42.0,139.2,2.66,0,0,0,0,0,0,No Failure,124.9
3890,L13889,L,301.36,311.89,1485.4,45.57,110.1,1.87,0,0,0,0,0,0,No Failure,159.0
3891,M13890,M,296.9,307.8,1686.5,35.29,158.5,2.54,0,0,0,0,0,0,No Failure,107.1
3892,M13891,M,303.01,314.35,1100.0,63.15,225.5,4.42,0,0,0,1,0,1,OSF,7.1
3893,M13892,M,303.15,312.85,1616.9,30.56,156.9,2.86,0,0,0,0,0,0,No Failure,113.6
3894,L13893,L,300.04,308.85,1566.7,38.37,15.2,3.51,0,0,0,0,0,0,No Failure,277.4
3895,M13894,M,302.65,311.46,1200.4,50.76,142.6,2.65,0,0,0,0,0,0,No Failure,109.2
3896,H13895,H,298.9,307.06,1610.7,45.45,131.1,1.76,0,0,0,0,0,0,No Failure,115.5
3897,L13896,L,296.27,305.81,1643.8,29.74,113.0,1.86,0,0,0,0,0,0,No Failure,166.3
3898,H13897,H,298.48,308.1,1206.2,51.43,142.2,3.25,0,0,0,0,0,0,No Failure,112.8
3899,M13898,M,303.46,314.25,1325.6,41.82,168.2,3.47,0,0,0,0,0,0,No Failure,88.6
3900,H13899,H,297.02,307.03,1907.5,32.22,9.3,2.48,0,0,0,0,0,0,No Failure,288.8
3901,L13900,L,300.0,309.51,1504.6,42.62,120.1,2.73,0,0,0,0,0,0,No Failure,148.5
3902,L13901,L,300.07,309.95,1712.6,26.08,204.3,2.56,0,0,0,0,0,0,No Failure,62.9
3903,H13902,H,298.97,307.94,1739.7,43.34,132.7,2.32,0,0,0,0,0,0,No Failure,131.1
3904,L13903,L,299.11,310.14,1608.5,40.3,17.0,1.61,0,0,0,0,0,0,No Failure,278.8
3905,H13904,H,300.14,309.36,1720.1,28.87,193.8,2.79,0,0,0,0,0,0,No Failure,71.8
3906,L13905,L,298.88,307.74,1159.8,49.35,235.3,6.19,0,0,0,1,0,1,OSF,10.3
3907,M13906,M,297.16,307.97,1496.7,50.55,213.0,2.6,0,0,0,0,0,0,No Failure,20.8
3908,L13907,L,300.43,311.0,1100.0,57.46,90.6,2.32,0,0,0,0,0,0,No Failure,177.3
3909,M13908,M,302.15,310.42,1225.4,42.21,133.7,4.43,0,1,0,0,0,1,HDF,10.5
3910,L13909,L,301.74,312.59,1440.3,36.17,147.8,2.8,0,0,0,0,0,0,No Failure,119.3
3911,L13910,L,298.38,307.64,1418.9,46.66,178.9,3.19,0,0,0,0,0,0,No Failure,69.7
3912,L13911,L,297.5,307.12,1545.4,44.04,166.5,2.82,0,0,0,0,0,0,No Failure,88.4
3913,L13912,L,299.43,309.62,1534.3,41.65,49.8,1.38,0,0,0,0,0,0,No Failure,237.5
3914,H13913,H,303.14,313.72,1561.9,36.37,210.8,3.55,0,0,0,0,0,0,No Failure,42.1
3915,H13914,H,301.29,311.74,1569.3,43.9,212.3,3.0,0,0,0,0,0,0,No Failure,30.3
3916,L13915,L,301.41,311.36,1597.6,35.37,101.1,2.39,0,0,0,0,0,0,No Failure,176.9
3917,M13916,M,301.78,311.36,1366.3,37.93,32.7,2.18,0,0,0,0,0,0,No Failure,259.6
3918,L13917,L,300.84,311.25,1408.3,53.71,152.1,2.23,0,0,0,0,0,0,No Failure,97.6
3919,M13918,M,300.24,310.12,1531.4,42.6,89.3,3.02,0,0,0,0,0,0,No Failure,187.3
3920,H13919,H,301.32,313.13,1534.2,33.62,185.3,1.31,0,0,0,0,0,0,No Failure,76.3
3921,H13920,H,298.91,309.49,1344.3,45.57,78.9,2.81,0,0,0,0,0,0,No Failure,199.0
3922,L13921,L,297.17,306.25,1731.6,34.84,65.7,2.67,0,0,0,0,0,0,No Failure,220.2
3923,M13922,M,301.45,310.97,1667.7,33.53,216.9,2.66,0,0,0,0,0,0,No Failure,38.3
3924,L13923,L,302.48,312.52,1384.1,44.98,154.0,1.8,0,0,0,0,0,0,No Failure,103.4
3925,H13924,H,297.76,309.06,1500.7,33.48,21.5,1.48,0,0,0,0,0,0,No Failure,274.1
3926,L13925,L,301.64,313.05,1897.7,37.73,172.3,3.85,0,0,0,0,0,0,No Failure,87.6
3927,M13926,M,303.36,312.97,1566.7,38.25,188.2,2.58,0,0,0,0,0,0,No Failure,67.5
3928,M13927,M,300.0,309.06,1608.8,26.03,58.8,3.66,0,0,0,0,0,0,No Failure,231.8
3929,M13928,M,298.36,307.3,1429.0,40.39,241.9,4.99,1,0,0,0,0,1,TWF,14.7
3930,L13929,L,300.25,310.5,1482.0,36.18,93.2,2.57,0,0,0,0,0,0,No Failure,186.0
3931,H13930,H,298.9,311.2,1808.5,12.24,235.1,4.37,1,0,1,0,0,1,TWF,6.3
3932,L13931,L,298.77,309.31,1558.3,37.41,73.4,3.15,0,0,0,0,0,0,No Failure,209.7
3933,M13932,M,300.87,309.27,1525.3,46.59,152.3,3.22,0,0,0,0,0,0,No Failure,92.2
3934,L13933,L,296.79,306.07,1539.4,38.22,129.4,2.79,0,0,0,0,0,0,No Failure,140.2
3935,L13934,L,297.11,306.49,1993.6,35.05,248.0,5.14,1,0,0,0,0,1,TWF,8.9
3936,M13935,M,300.04,309.22,1545.1,38.89,102.1,3.18,0,0,0,0,0,0,No Failure,173.5
3937,L13936,L,299.96,309.57,1389.4,39.99,44.8,2.7,0,0,0,0,0,0,No Failure,244.1
3938,L13937,L,300.69,311.06,1420.7,37.11,208.3,2.14,0,0,0,0,0,0,No Failure,44.1
3939,L13938,L,303.75,314.43,1677.8,26.78,10.5,2.8,0,0,0,0,0,0,No Failure,287.8
3940,L13939,L,300.21,311.3,1282.3,53.27,221.2,3.95,0,0,0,1,0,1,OSF,4.8
3941,M13940,M,301.2,311.72,1618.7,42.18,27.6,2.27,0,0,0,0,0,0,No Failure,265.2
3942,H13941,H,298.05,306.09,1408.4,40.65,143.0,2.74,0,0,0,0,0,0,No Failure,102.1
3943,L13942,L,301.54,310.48,1205.3,35.61,178.4,2.45,0,0,0,0,0,0,No Failure,81.4
3944,L13943,L,298.95,308.79,1362.6,47.34,84.1,3.29,0,0,0,0,0,0,No Failure,191.4
3945,L13944,L,300.14,310.29,1542.9,32.55,211.2,2.1,0,0,0,0,0,0,No Failure,46.5
3946,L13945,L,299.78,310.64,1787.7,34.57,148.4,1.22,0,0,0,0,0,0,No Failure,120.0
3947,M13946,M,302.07,312.11,1701.5,24.47,98.8,3.29,0,0,0,0,0,0,No Failure,186.3
3948,M13947,M,297.38,307.43,1485.4,41.04,81.3,2.53,0,0,0,0,0,0,No Failure,198.1
3949,L13948,L,295.43,305.67,1712.0,34.13,28.0,2.56,0,0,0,0,0,0,No Failure,266.1
3950,L13949,L,299.57,309.32,1474.1,23.83,160.1,2.03,0,0,0,0,0,0,No Failure,116.4
3951,L13950,L,300.94,311.02,1275.5,58.37,91.0,1.37,0,0,0,0,0,0,No Failure,176.3
3952,H13951,H,300.3,311.43,1541.8,36.64,80.1,2.01,0,0,0,0,0,0,No Failure,201.8
3953,H13952,H,302.46,312.38,1268.4,45.49,237.5,2.84,0,0,0,0,0,0,No Failure,1.0
3954,L13953,L,300.87,310.84,1679.7,39.46,68.2,2.38,0,0,0,0,0,0,No Failure,215.2
3955,L13954,L,298.87,308.84,1682.3,35.31,219.1,4.51,1,0,0,0,0,1,TWF,7.8
3956,H13955,H,295.35,306.65,1380.5,46.01,243.7,1.48,0,0,0,0,0,0,No Failure,1.0
3957,H13956,H,299.53,308.42,1564.1,30.35,205.7,3.59,0,0,0,0,0,0,No Failure,53.7
3958,L13957,L,302.06,313.83,1562.4,37.41,4.9,2.46,0,0,0,0,0,0,No Failure,294.0
3959,L13958,L,299.22,308.04,1694.1,22.05,217.2,3.91,0,0,0,0,0,0,No Failure,49.8
3960,L13959,L,300.06,309.4,1315.1,43.96,53.4,2.72,0,0,0,0,0,0,No Failure,232.2
3961,M13960,M,300.84,311.59,1645.3,46.58,88.3,3.43,0,0,0,0,0,0,No Failure,186.1
3962,L13961,L,297.97,309.0,1302.3,35.53,247.9,5.18,1,0,0,0,0,1,TWF,13.9
3963,L13962,L,301.25,309.84,1677.1,33.32,101.2,1.59,0,0,0,0,0,0,No Failure,169.9
3964,M13963,M,303.27,312.18,1728.2,19.85,163.7,2.39,0,0,0,0,0,0,No Failure,114.4
3965,L13964,L,299.65,309.93,1418.1,42.36,77.7,2.84,0,0,0,0,0,0,No Failure,202.1
3966,M13965,M,297.74,310.09,1756.2,37.43,92.4,2.9,0,0,0,0,0,0,No Failure,186.4
3967,L13966,L,299.87,311.11,1256.2,50.45,149.4,2.74,0,0,0,0,0,0,No Failure,104.2
3968,L13967,L,295.55,305.3,1734.8,30.37,237.1,7.06,1,0,0,0,0,1,TWF,4.3
3969,M13968,M,300.67,308.25,1795.5,18.41,70.6,4.45,0,0,1,0,0,1,PWF,12.0
3970,L13969,L,300.9,310.99,1599.9,28.81,61.8,2.31,0,0,0,0,0,0,No Failure,227.2
3971,H13970,H,303.35,313.71,1503.0,48.72,6.6,2.36,0,0,0,0,0,0,No Failure,291.5
3972,M13971,M,299.61,309.23,1593.9,43.8,50.5,2.02,0,0,0,0,0,0,No Failure,235.9
3973,L13972,L,300.82,309.97,1429.9,41.32,65.6,2.68,0,0,0,0,0,0,No Failure,217.7
3974,M13973,M,298.28,308.44,2007.8,31.02,15.7,3.15,0,0,0,0,0,0,No Failure,281.3
3975,L13974,L,299.29,308.34,1433.0,34.68,140.9,3.35,0,0,0,0,0,0,No Failure,129.0
3976,H13975,H,296.95,308.82,1773.8,42.86,31.7,2.32,0,0,0,0,0,0,No Failure,260.0
3977,L13976,L,299.61,311.13,1405.3,37.66,127.8,2.47,0,0,0,0,0,0,No Failure,142.6
3978,M13977,M,299.39,310.05,1823.8,35.96,47.2,2.12,0,0,0,0,0,0,No Failure,242.3
3979,L13978,L,300.6,310.69,1898.2,22.31,233.9,5.47,1,0,0,0,0,1,TWF,14.1
3980,L13979,L,298.75,308.09,1607.1,36.09,76.8,1.76,0,0,0,0,0,0,No Failure,206.2
3981,H13980,H,300.17,310.15,1589.3,46.49,23.2,2.07,0,0,0,0,0,0,No Failure,270.1
3982,H13981,H,299.33,310.97,1366.8,37.27,209.0,0.5,0,0,0,0,0,0,No Failure,43.0
3983,L13982,L,299.34,310.21,1345.5,49.84,100.5,1.79,0,0,0,0,0,0,No Failure,168.7
3984,L13983,L,300.16,310.36,1591.3,30.14,205.0,2.15,0,0,0,0,0,0,No Failure,56.9
3985,H13984,H,300.08,311.01,1799.0,27.04,78.1,2.19,0,0,0,0,0,0,No Failure,208.9
3986,H13985,H,301.52,312.07,1439.9,41.61,125.0,1.72,0,0,0,0,0,0,No Failure,143.0
3987,L13986,L,299.76,310.15,1933.2,37.84,111.3,1.82,0,0,0,0,0,0,No Failure,162.7
3988,L13987,L,299.3,310.28,1428.8,39.91,139.5,3.26,0,0,0,0,0,0,No Failure,126.3
3989,L13988,L,299.64,310.16,1579.1,42.33,100.4,2.03,0,0,0,0,0,0,No Failure,173.4
3990,H13989,H,298.57,309.43,1579.5,45.99,124.2,1.41,0,0,0,0,0,0,No Failure,140.6
3991,L13990,L,299.28,309.44,1519.8,34.08,169.8,1.87,0,0,0,0,0,0,No Failure,94.6
3992,L13991,L,304.06,313.81,1172.2,40.51,103.7,1.88,0,0,0,0,0,0,No Failure,170.5
3993,M13992,M,298.17,307.63,1427.2,39.55,171.1,2.46,0,0,0,0,0,0,No Failure,87.3
3994,L13993,L,299.44,308.78,1573.7,47.04,178.6,2.72,0,0,0,0,0,0,No Failure,69.7
3995,L13994,L,299.23,307.62,1520.8,33.76,187.2,1.69,0,0,0,0,0,0,No Failure,61.8
3996,L13995,L,299.51,308.59,1651.9,43.43,117.7,2.68,0,0,0,0,0,0,No Failure,150.8
3997,L13996,L,299.34,308.4,1673.5,34.02,0.9,3.34,0,0,0,0,0,0,No Failure,298.9
3998,L13997,L,300.56,310.05,1495.0,52.43,188.4,3.11,0,0,0,0,0,0,No Failure,48.8
3999,M13998,M,296.58,308.14,1365.7,59.65,227.3,5.53,0,0,0,1,0,1,OSF,11.6
4000,L13999,L,302.07,311.92,1815.1,40.28,163.2,2.74,0,0,0,0,0,0,No Failure,96.4
4001,M14000,M,301.27,311.51,1295.4,34.79,131.1,2.31,0,0,0,0,0,0,No Failure,140.8
4002,H14001,H,297.51,307.79,1431.4,25.09,139.9,3.35,0,0,0,0,0,0,No Failure,138.5
4003,M14002,M,295.46,307.05,1385.9,43.72,160.2,2.76,0,0,0,0,0,0,No Failure,96.7
4004,L14003,L,298.05,307.47,1671.6,42.24,249.6,5.17,1,0,0,0,0,1,TWF,1.2
4005,L14004,L,299.51,309.29,1773.7,37.33,15.5,2.41,0,0,0,0,0,0,No Failure,280.9
4006,L14005,L,305.16,315.05,1506.9,34.75,5.3,2.09,0,0,0,0,0,0,No Failure,293.6
4007,L14006,L,301.09,312.22,1579.1,27.59,241.0,5.66,1,0,0,0,0,1,TWF,9.4
4008,L14007,L,296.38,307.73,1614.8,43.67,110.1,3.23,0,0,0,0,0,0,No Failure,160.3
4009,M14008,M,298.62,309.1,1860.9,45.25,153.1,2.39,0,0,0,0,0,0,No Failure,96.1
4010,L14009,L,299.89,311.13,1220.5,44.47,188.4,2.02,0,0,0,0,0,0,No Failure,60.1
4011,L14010,L,300.51,310.69,1671.2,41.68,185.5,3.12,0,0,0,0,0,0,No Failure,66.9
4012,L14011,L,297.37,307.2,1605.4,55.59,161.8,6.2,0,0,1,0,0,1,PWF,1.5
4013,M14012,M,299.73,310.91,1471.6,39.44,118.0,2.03,0,0,0,0,0,0,No Failure,153.4
4014,L14013,L,298.56,309.05,1596.4,36.4,144.0,3.39,0,0,0,0,0,0,No Failure,123.7
4015,M14014,M,297.79,307.06,1670.6,39.83,182.4,3.08,0,0,0,0,0,0,No Failure,72.9
4016,L14015,L,300.52,311.52,1642.4,34.54,212.7,5.0,1,0,0,0,0,1,TWF,2.1
4017,H14016,H,301.55,311.34,1924.4,40.55,31.8,3.23,0,0,0,0,0,0,No Failure,258.5
4018,H14017,H,301.68,311.35,1560.8,35.61,69.5,1.76,0,0,0,0,0,0,No Failure,215.3
4019,L14018,L,301.15,312.04,1542.8,38.67,99.4,2.21,0,0,0,0,0,0,No Failure,176.9
4020,L14019,L,299.01,308.92,1505.5,29.76,166.4,1.84,0,0,0,0,0,0,No Failure,103.2
4021,L14020,L,301.43,311.82,1637.0,35.0,98.9,1.91,0,0,0,0,0,0,No Failure,179.8
4022,L14021,L,300.62,311.28,1532.3,32.1,59.7,3.01,0,0,0,0,0,0,No Failure,228.5
4023,M14022,M,300.27,309.48,1540.4,41.37,8.3,2.49,0,0,0,0,0,0,No Failure,289.6
4024,H14023,H,298.78,309.16,1541.2,27.28,210.6,3.74,1,0,0,0,0,1,TWF,11.3
4025,M14024,M,299.01,310.36,1513.9,46.49,104.7,2.15,0,0,0,0,0,0,No Failure,165.3
4026,H14025,H,300.15,309.19,1429.0,35.89,82.3,2.1,0,0,0,0,0,0,No Failure,199.5
4027,L14026,L,304.88,315.33,1612.8,49.69,132.7,2.65,0,0,0,0,0,0,No Failure,122.8
4028,L14027,L,300.6,309.77,1487.0,49.95,30.7,3.86,0,0,0,0,0,0,No Failure,259.8
4029,M14028,M,298.78,309.8,1647.8,40.16,99.3,2.62,0,0,0,0,0,0,No Failure,176.1
4030,L14029,L,298.34,309.35,1557.8,27.75,187.9,4.32,0,0,0,0,1,1,RNF,10.0
4031,M14030,M,299.02,308.66,1468.8,36.45,184.0,3.42,0,0,0,0,0,0,No Failure,74.7
4032,L14031,L,304.35,316.56,1818.1,26.73,193.0,2.17,0,0,0,0,0,0,No Failure,75.3
4033,L14032,L,299.2,310.31,1519.7,34.08,116.9,3.3,0,0,0,0,0,0,No Failure,158.6
4034,H14033,H,301.81,312.52,1649.5,47.41,92.2,2.25,0,0,0,0,0,0,No Failure,179.0
4035,L14034,L,299.25,309.9,1412.7,41.4,207.9,4.36,1,0,0,0,0,1,TWF,11.3
4036,H14035,H,300.52,311.51,1175.4,46.44,43.3,2.3,0,0,0,0,0,0,No Failure,244.3
4037,H14036,H,301.58,310.59,1436.5,36.53,181.3,2.44,0,0,0,0,0,0,No Failure,78.0
4038,M14037,M,298.86,309.05,1155.4,48.21,222.0,2.4,0,0,0,0,0,0,No Failure,12.2
4039,M14038,M,298.72,309.1,1495.6,43.85,71.5,2.71,0,0,0,0,0,0,No Failure,209.2
4040,M14039,M,303.32,312.92,1800.9,21.93,49.4,2.25,0,0,0,0,0,0,No Failure,243.9
4041,H14040,H,301.97,312.43,1376.0,44.29,128.1,2.56,0,0,0,0,0,0,No Failure,136.9
4042,L14041,L,301.58,312.81,1161.0,54.64,54.1,1.53,0,0,0,0,0,0,No Failure,227.7
4043,L14042,L,301.57,311.15,1806.5,21.06,217.7,4.61,1,0,0,0,0,1,TWF,2.9
4044,M14043,M,300.92,310.86,1452.9,31.37,61.1,3.18,0,0,0,0,0,0,No Failure,227.1
4045,L14044,L,304.04,313.21,1535.2,38.75,78.5,2.63,0,0,0,0,0,0,No Failure,202.8
4046,L14045,L,300.09,308.3,1679.1,45.82,222.1,2.95,0,0,0,0,0,0,No Failure,1.0
4047,L14046,L,301.15,311.93,1631.6,45.19,51.4,2.0,0,0,0,0,0,0,No Failure,234.3
4048,M14047,M,297.1,307.07,1672.3,31.62,221.2,3.41,0,0,0,0,0,0,No Failure,35.8
4049,H14048,H,298.35,308.4,1699.2,45.18,52.5,2.61,0,0,0,0,0,0,No Failure,232.6
4050,L14049,L,297.6,306.61,1225.4,46.72,228.0,4.2,1,0,0,0,0,1,TWF,7.8
4051,H14050,H,302.55,312.36,1284.8,44.4,79.4,3.23,0,0,0,0,0,0,No Failure,198.9
4052,M14051,M,294.89,305.99,1747.6,34.99,61.6,2.93,0,0,0,0,0,0,No Failure,225.2
4053,H14052,H,299.2,309.2,1398.1,48.79,119.3,3.62,0,0,0,0,0,0,No Failure,144.9
4054,M14053,M,294.01,304.04,1417.6,38.06,92.3,3.5,0,0,0,0,0,0,No Failure,186.1
4055,M14054,M,298.34,308.54,1312.0,42.95,50.4,3.31,0,0,0,0,0,0,No Failure,236.2
4056,L14055,L,299.02,307.78,1465.5,32.2,84.6,2.78,0,0,0,0,0,0,No Failure,193.9
4057,H14056,H,302.77,313.39,1475.5,43.12,178.3,2.93,0,0,0,0,0,0,No Failure,74.4
4058,L14057,L,300.79,309.54,1370.2,50.32,208.0,1.85,0,0,0,0,0,0,No Failure,22.5
4059,H14058,H,298.33,307.39,1349.5,51.42,205.2,2.33,0,0,0,0,0,0,No Failure,29.9
4060,H14059,H,302.13,311.08,1595.0,28.05,189.2,4.29,0,0,0,0,0,0,No Failure,77.2
4061,L14060,L,300.04,309.86,1393.4,40.38,1.4,1.46,0,0,0,0,0,0,No Failure,298.3
4062,L14061,L,300.08,309.72,1429.5,50.69,106.7,2.69,0,0,0,0,0,0,No Failure,160.1
4063,M14062,M,297.59,307.59,1146.7,53.95,42.2,2.48,0,0,0,0,0,0,No Failure,243.7
4064,L14063,L,298.02,307.11,1884.9,32.07,18.4,3.01,0,0,0,0,0,0,No Failure,278.0
4065,H14064,H,298.35,309.36,1706.6,35.23,184.0,2.62,0,0,0,0,0,0,No Failure,76.1
4066,L14065,L,300.09,310.93,1449.4,45.19,198.4,3.23,0,0,0,0,0,0,No Failure,46.5
4067,L14066,L,300.16,309.98,1377.1,45.57,203.7,2.51,0,0,0,0,0,0,No Failure,39.2
4068,H14067,H,303.09,312.61,1539.9,34.93,222.6,2.96,0,0,0,0,0,0,No Failure,29.6
4069,M14068,M,300.77,310.19,1535.0,45.25,147.5,2.72,0,0,0,0,0,0,No Failure,111.4
4070,H14069,H,294.58,304.27,1309.6,37.4,249.5,5.17,1,0,0,0,0,1,TWF,6.6
4071,L14070,L,300.53,309.13,1100.0,63.8,120.9,5.67,0,1,0,0,0,1,HDF,9.7
4072,M14071,M,297.1,306.14,1443.8,35.28,220.9,5.47,1,0,0,0,0,1,TWF,4.8
4073,M14072,M,298.07,308.93,1258.2,51.52,28.2,2.87,0,0,0,0,0,0,No Failure,262.8
4074,M14073,M,298.38,308.68,1568.7,37.1,37.2,3.1,0,0,0,0,0,0,No Failure,254.3
4075,M14074,M,298.67,310.31,1569.9,34.88,147.6,3.25,0,0,0,0,0,0,No Failure,120.7
4076,M14075,M,297.25,306.95,1363.8,53.5,31.0,2.19,0,0,0,0,0,0,No Failure,258.7
4077,L14076,L,300.41,310.05,1442.3,46.8,18.8,2.34,0,0,0,0,0,0,No Failure,275.8
4078,L14077,L,297.18,306.77,1853.6,31.96,49.0,2.3,0,0,0,0,0,0,No Failure,241.3
4079,M14078,M,300.71,310.39,1676.7,48.0,196.9,3.12,0,0,0,0,0,0,No Failure,40.7
4080,L14079,L,304.47,313.81,1457.0,48.04,231.9,4.5,1,0,0,1,0,1,TWF,13.1
4081,M14080,M,297.34,307.61,1948.3,25.16,83.4,2.61,0,0,0,0,0,0,No Failure,203.7
4082,L14081,L,299.43,309.46,1323.7,29.5,243.7,3.55,1,0,0,0,0,1,TWF,6.4
4083,M14082,M,294.95,304.44,1392.5,43.84,202.4,2.99,0,0,0,0,0,0,No Failure,43.0
4084,M14083,M,299.4,310.65,1518.2,49.2,56.5,3.01,0,0,0,0,0,0,No Failure,226.4
4085,L14084,L,301.29,313.18,1263.9,51.74,146.5,2.84,0,0,0,0,0,0,No Failure,106.8
4086,L14085,L,301.44,312.61,1858.5,43.3,245.4,2.6,0,0,0,0,0,0,No Failure,1.0
4087,L14086,L,300.15,310.71,1570.8,34.01,212.2,5.17,1,0,0,0,0,1,TWF,8.2
4088,M14087,M,301.78,312.54,1396.6,42.14,90.8,2.47,0,0,0,0,0,0,No Failure,185.6
4089,H14088,H,305.09,316.95,1618.2,36.43,76.6,3.35,0,0,0,0,0,0,No Failure,206.3
4090,L14089,L,303.42,314.18,1564.1,40.05,204.8,6.17,1,0,0,0,0,1,TWF,10.7
4091,M14090,M,298.95,308.37,1483.5,45.82,137.3,1.74,0,0,0,0,0,0,No Failure,124.0
4092,L14091,L,297.1,307.49,1321.7,56.82,40.9,2.42,0,0,0,0,0,0,No Failure,244.9
4093,L14092,L,299.19,309.81,1280.9,59.74,82.0,2.69,0,0,0,0,0,0,No Failure,187.8
4094,H14093,H,298.11,307.11,1929.4,42.76,165.5,2.08,0,0,0,0,0,0,No Failure,84.6
4095,L14094,L,300.9,310.62,1295.9,50.98,38.3,3.15,0,0,0,0,0,0,No Failure,249.7
4096,L14095,L,297.64,308.74,1841.9,30.18,174.7,1.31,0,0,0,0,0,0,No Failure,92.9
4097,L14096,L,299.85,308.03,1386.8,44.85,177.5,2.98,0,0,0,0,0,0,No Failure,57.1
4098,L14097,L,301.68,310.43,1679.4,40.31,67.7,2.91,0,0,0,0,0,0,No Failure,210.5
4099,L14098,L,299.8,309.62,1621.3,37.95,99.5,1.31,0,0,0,0,0,0,No Failure,177.3
4100,L14099,L,298.11,308.46,1657.1,29.81,233.9,2.56,0,0,0,0,0,0,No Failure,23.2
4101,M14100,M,302.35,310.99,1669.0,32.71,187.3,2.24,0,0,0,0,0,0,No Failure,67.8
4102,L14101,L,296.24,306.12,1249.5,54.09,197.0,3.35,0,0,0,0,0,0,No Failure,37.5
4103,M14102,M,299.34,310.5,1416.9,40.62,129.1,2.0,0,0,0,0,0,0,No Failure,138.7
4104,L14103,L,299.92,309.99,1293.1,46.57,53.3,2.98,0,0,0,0,0,0,No Failure,231.4
4105,L14104,L,300.03,310.97,1571.9,37.62,147.8,3.1,0,0,0,0,0,0,No Failure,118.0
4106,M14105,M,300.36,309.77,1301.1,39.87,193.0,2.26,0,0,0,0,0,0,No Failure,59.6
4107,H14106,H,301.22,310.41,1183.4,49.5,1.0,3.28,0,0,0,0,0,0,No Failure,298.7
4108,L14107,L,299.93,310.78,1495.5,36.92,28.4,2.25,0,0,0,0,0,0,No Failure,265.1
4109,H14108,H,299.26,309.63,1142.6,47.67,118.6,3.3,0,0,0,0,0,0,No Failure,146.6
4110,M14109,M,299.18,308.0,1584.3,30.46,109.3,4.06,0,0,0,0,0,0,No Failure,166.5
4111,M14110,M,298.78,307.98,1312.9,45.0,245.6,5.7,1,0,0,0,0,1,TWF,5.9
4112,M14111,M,301.58,313.14,1387.5,47.57,23.0,2.87,0,0,0,0,0,0,No Failure,270.2
4113,L14112,L,298.71,307.78,1129.8,60.95,80.9,2.22,0,0,0,0,0,0,No Failure,188.7
4114,L14113,L,301.69,312.63,1833.4,22.97,203.8,3.61,0,0,0,0,0,0,No Failure,67.4
4115,M14114,M,300.04,309.56,1276.1,58.26,153.1,3.03,0,0,0,0,0,0,No Failure,92.0
4116,L14115,L,298.96,308.95,1472.8,42.79,140.4,2.22,0,0,0,0,0,0,No Failure,122.6
4117,H14116,H,301.24,311.53,1217.3,41.4,185.3,3.4,0,0,0,0,0,0,No Failure,67.5
4118,L14117,L,298.55,306.44,1388.4,40.39,10.0,2.57,0,0,0,0,0,0,No Failure,265.5
4119,L14118,L,301.28,309.81,1851.6,19.26,236.9,2.91,0,0,0,0,0,0,No Failure,25.8
4120,M14119,M,300.43,310.51,1591.2,26.35,47.8,2.25,0,0,0,0,0,0,No Failure,244.4
4121,L14120,L,298.81,308.08,1408.5,54.65,20.5,1.94,0,0,0,0,0,0,No Failure,272.1
4122,M14121,M,301.06,312.05,1531.9,34.27,84.7,1.97,0,0,0,0,0,0,No Failure,197.4
4123,M14122,M,301.09,309.49,1437.7,45.49,175.6,2.27,0,0,0,0,0,0,No Failure,63.1
4124,H14123,H,302.32,312.88,1521.5,38.66,57.9,2.81,0,0,0,0,0,0,No Failure,228.4
4125,M14124,M,301.93,310.56,1671.2,36.03,12.5,2.32,0,0,0,0,0,0,No Failure,277.2
4126,M14125,M,300.98,310.63,1478.7,43.15,14.4,2.03,0,0,0,0,0,0,No Failure,281.8
4127,M14126,M,297.74,306.68,1577.4,23.45,64.1,1.93,0,0,0,0,0,0,No Failure,225.3
4128,H14127,H,304.9,316.8,1580.3,47.2,33.8,3.26,0,0,0,0,0,0,No Failure,256.4
4129,L14128,L,297.19,305.85,1479.6,39.86,93.1,2.43,0,0,0,0,0,0,No Failure,177.3
4130,L14129,L,301.9,311.78,1406.3,39.14,43.3,1.33,0,0,0,0,0,0,No Failure,246.3
4131,L14130,L,300.86,309.14,1444.0,44.83,86.1,2.5,0,0,0,0,0,0,No Failure,175.6
4132,L14131,L,297.65,309.25,1663.2,31.03,111.1,2.25,0,0,0,0,0,0,No Failure,167.7
4133,M14132,M,299.75,310.15,1678.1,37.21,185.6,2.62,0,0,0,0,0,0,No Failure,71.9
4134,M14133,M,299.84,309.98,1334.3,43.81,56.8,2.16,0,0,0,0,0,0,No Failure,227.8
4135,M14134,M,302.61,314.09,1491.3,45.21,118.8,3.27,0,0,0,0,0,0,No Failure,148.2
4136,L14135,L,298.57,308.72,1403.2,41.26,203.8,2.41,0,0,0,0,0,0,No Failure,44.4
4137,M14136,M,299.48,309.7,1681.2,28.48,246.6,3.96,1,0,0,0,0,1,TWF,1.5
4138,L14137,L,295.33,305.46,1453.7,43.81,139.3,2.31,0,0,0,0,0,0,No Failure,123.1
4139,M14138,M,303.47,314.03,1932.0,29.16,108.1,2.78,0,0,0,0,0,0,No Failure,172.5
4140,M14139,M,297.86,307.37,1577.0,25.3,157.9,2.74,0,0,0,0,0,0,No Failure,117.5
4141,L14140,L,300.65,310.44,1749.6,35.68,121.6,2.27,0,0,0,0,0,0,No Failure,151.7
4142,L14141,L,299.8,310.61,1356.4,40.47,41.2,2.51,0,0,0,0,0,0,No Failure,248.6
4143,L14142,L,299.8,310.08,1540.1,41.38,114.9,2.35,0,0,0,0,0,0,No Failure,155.9
4144,H14143,H,301.62,311.51,1648.3,30.42,244.8,4.87,1,0,0,0,0,1,TWF,4.7
4145,H14144,H,303.34,311.94,1353.0,35.9,160.1,3.96,0,1,0,0,0,1,HDF,13.0
4146,M14145,M,300.5,312.0,1541.6,47.18,70.9,2.3,0,0,0,0,0,0,No Failure,208.6
4147,L14146,L,301.31,310.65,1726.3,40.66,236.8,4.98,1,0,0,0,0,1,TWF,7.4
4148,L14147,L,300.66,311.65,1479.4,40.51,97.1,3.34,0,0,0,0,0,0,No Failure,178.6
4149,M14148,M,302.04,312.21,1385.5,46.37,97.5,3.21,0,0,0,0,0,0,No Failure,174.6
4150,M14149,M,299.07,307.78,1860.7,37.92,154.1,2.74,0,0,0,0,0,0,No Failure,104.0
4151,L14150,L,302.15,313.4,1328.3,45.1,142.2,1.9,0,0,0,0,0,0,No Failure,118.3
4152,L14151,L,302.22,312.48,1565.9,29.86,72.6,2.53,0,0,0,0,0,0,No Failure,214.1
4153,M14152,M,302.17,313.5,1411.2,44.61,116.8,3.63,0,0,0,0,0,0,No Failure,151.2
4154,L14153,L,298.68,308.5,1370.3,50.8,83.1,2.41,0,0,0,0,0,0,No Failure,190.9
4155,L14154,L,299.66,310.37,1670.8,40.06,184.4,2.58,0,0,0,0,0,0,No Failure,70.1
4156,L14155,L,300.48,308.72,1501.2,40.38,30.6,2.61,0,0,0,0,0,0,No Failure,246.5
4157,M14156,M,297.26,306.76,1610.7,41.21,187.6,1.99,0,0,0,0,0,0,No Failure,64.9
4158,H14157,H,303.19,311.92,1134.3,51.33,40.3,2.01,0,0,0,0,0,0,No Failure,241.5
4159,H14158,H,299.98,309.6,1628.1,44.16,76.5,2.01,0,0,0,0,0,0,No Failure,202.7
4160,M14159,M,300.57,311.04,1409.0,52.01,83.3,2.32,0,0,0,0,0,0,No Failure,190.0
4161,M14160,M,298.85,308.24,1201.7,40.86,247.6,2.77,0,0,0,0,0,0,No Failure,1.0
4162,L14161,L,297.35,308.21,1875.4,39.81,147.5,2.6,0,0,0,0,0,0,No Failure,116.4
4163,M14162,M,298.79,307.94,1645.6,52.12,194.4,2.8,0,0,0,0,0,0,No Failure,33.4
4164,L14163,L,300.44,311.32,1578.7,41.69,138.8,3.8,0,0,0,0,0,0,No Failure,125.5
4165,M14164,M,301.35,312.66,1761.6,40.95,245.8,6.02,1,0,0,0,0,1,TWF,1.0
4166,L14165,L,300.32,311.34,1582.3,33.39,44.3,2.56,0,0,0,0,0,0,No Failure,246.5
4167,L14166,L,300.69,310.35,1395.0,39.48,151.2,3.05,0,0,0,0,0,0,No Failure,112.0
4168,L14167,L,299.33,307.2,1506.7,38.36,199.3,2.9,0,0,0,0,0,0,No Failure,31.1
4169,L14168,L,300.99,311.57,1416.6,39.54,157.1,3.15,0,0,0,0,0,0,No Failure,104.6
4170,L14169,L,302.97,312.84,1448.4,32.24,224.2,3.13,0,0,0,0,0,0,No Failure,31.3
4171,L14170,L,301.41,310.43,1312.9,44.49,150.2,2.18,0,0,0,0,0,0,No Failure,108.7
4172,H14171,H,301.62,311.06,1364.4,49.83,206.6,3.69,0,0,0,0,0,0,No Failure,30.0
4173,L14172,L,300.59,312.02,1698.1,26.24,43.9,3.42,0,0,0,0,0,0,No Failure,249.0
4174,M14173,M,296.99,305.86,1597.4,38.81,65.5,3.08,0,0,0,0,0,0,No Failure,216.1
4175,H14174,H,297.91,308.38,1448.0,42.48,111.0,2.91,0,0,0,0,0,0,No Failure,160.0
4176,H14175,H,300.91,311.13,1354.0,42.2,212.9,2.74,0,0,0,0,0,0,No Failure,31.8
4177,M14176,M,299.98,309.62,1465.4,44.42,106.6,2.62,0,0,0,0,0,0,No Failure,164.2
4178,H14177,H,300.88,311.52,1236.6,51.34,156.9,2.97,0,0,0,0,0,0,No Failure,93.6
4179,L14178,L,303.35,314.99,1560.7,35.84,99.0,2.65,0,0,0,0,0,0,No Failure,179.2
4180,L14179,L,301.45,311.16,1707.2,42.57,201.4,2.73,0,0,0,0,0,0,No Failure,45.8
4181,L14180,L,302.52,312.27,1961.7,34.51,50.1,2.51,0,0,0,0,0,0,No Failure,239.3
4182,M14181,M,300.19,310.81,1340.5,55.77,148.4,2.42,0,0,0,0,0,0,No Failure,100.6
4183,M14182,M,298.39,309.3,1699.8,34.83,144.5,3.65,0,0,0,0,0,0,No Failure,124.6
4184,L14183,L,299.88,309.76,1411.4,40.26,100.8,2.63,0,0,0,0,0,0,No Failure,174.2
4185,L14184,L,298.39,308.09,1336.0,43.45,176.3,2.33,0,0,0,0,0,0,No Failure,76.6
4186,M14185,M,303.12,310.9,1335.9,53.16,7.1,4.68,0,1,0,0,0,1,HDF,9.8
4187,L14186,L,301.58,310.8,1563.2,37.34,210.4,1.85,0,0,0,0,0,0,No Failure,41.3
4188,M14187,M,301.04,309.9,1371.4,43.14,87.0,3.14,0,0,0,0,0,0,No Failure,187.1
4189,M14188,M,302.47,313.16,1429.4,55.7,198.3,2.58,0,0,0,0,0,0,No Failure,30.4
4190,M14189,M,295.96,305.72,1459.2,31.71,76.3,2.38,0,0,0,0,0,0,No Failure,208.9
4191,M14190,M,301.18,310.89,1405.5,45.19,47.0,2.32,0,0,0,0,0,0,No Failure,240.0
4192,H14191,H,297.38,307.37,1392.5,42.66,97.4,1.63,0,0,0,0,0,0,No Failure,177.1
4193,L14192,L,299.99,309.12,1103.2,52.63,199.3,3.67,0,0,0,0,0,0,No Failure,36.1
4194,M14193,M,299.38,310.93,1553.6,31.95,175.9,2.69,0,0,0,0,0,0,No Failure,89.5
4195,M14194,M,301.32,312.62,1550.1,34.06,100.3,3.66,0,0,0,0,0,0,No Failure,178.7
4196,L14195,L,300.46,312.07,1395.3,40.15,234.5,5.53,1,0,0,0,0,1,TWF,13.0
4197,L14196,L,302.69,313.37,1602.5,40.91,102.2,2.85,0,0,0,0,0,0,No Failure,172.1
4198,L14197,L,298.8,308.77,1788.0,39.52,87.7,3.02,0,0,0,0,0,0,No Failure,191.0
4199,L14198,L,301.42,313.03,1542.2,26.45,36.2,2.87,0,0,0,0,0,0,No Failure,257.9
4200,M14199,M,300.32,309.64,1776.1,25.37,17.6,2.31,0,0,0,0,0,0,No Failure,279.7
4201,H14200,H,296.73,305.86,1938.6,34.78,87.5,1.52,0,0,0,0,0,0,No Failure,193.8
4202,L14201,L,298.16,307.56,1991.0,34.56,23.0,3.93,0,0,0,0,0,0,No Failure,272.1
4203,L14202,L,299.7,310.22,1325.3,35.03,115.7,2.14,0,0,0,0,0,0,No Failure,159.4
4204,H14203,H,302.22,311.46,1326.2,51.36,215.0,7.53,1,0,0,0,0,1,TWF,9.6
4205,L14204,L,300.93,310.77,1458.4,41.04,119.0,2.22,0,0,0,0,0,0,No Failure,150.9
4206,L14205,L,297.66,306.06,1561.0,43.67,120.1,3.41,0,0,0,0,0,0,No Failure,135.5
4207,M14206,M,299.72,310.2,1822.0,26.97,63.4,2.93,0,0,0,0,0,0,No Failure,226.1
4208,M14207,M,304.04,312.52,1650.3,26.63,41.6,2.96,0,0,0,0,0,0,No Failure,241.3
4209,L14208,L,300.22,309.29,1322.6,43.2,55.6,2.2,0,0,0,0,0,0,No Failure,229.6
4210,L14209,L,299.35,310.56,1428.5,40.15,142.0,2.34,0,0,0,0,0,0,No Failure,122.9
4211,L14210,L,300.98,312.16,1530.5,36.96,147.9,2.34,0,0,0,0,0,0,No Failure,118.4
4212,M14211,M,301.53,311.9,1271.4,44.46,55.0,2.66,0,0,0,0,0,0,No Failure,229.9
4213,M14212,M,299.09,309.36,1540.4,50.8,99.7,2.45,0,0,0,0,0,0,No Failure,167.1
4214,L14213,L,301.01,310.47,1325.3,33.38,142.2,2.26,0,0,0,0,0,0,No Failure,128.6
4215,M14214,M,299.34,308.57,1242.5,42.37,190.1,2.01,0,0,0,0,0,0,No Failure,60.3
4216,H14215,H,301.44,311.08,1368.5,40.91,79.9,2.07,0,0,0,0,0,0,No Failure,199.9
4217,L14216,L,300.34,308.83,1611.6,37.4,67.8,2.82,0,0,0,0,0,0,No Failure,206.3
4218,L14217,L,300.96,311.22,1610.3,42.24,182.6,2.08,0,0,0,0,0,0,No Failure,69.9
4219,M14218,M,298.48,308.53,1555.3,44.64,128.5,1.84,0,0,0,0,0,0,No Failure,136.3
4220,L14219,L,298.36,307.42,1715.5,42.51,214.2,2.58,0,0,0,0,0,0,No Failure,29.8
4221,L14220,L,301.89,313.46,1696.5,38.74,52.8,1.19,0,0,0,0,0,0,No Failure,234.7
4222,M14221,M,299.84,310.45,1574.6,26.0,192.7,2.5,0,0,0,0,0,0,No Failure,76.4
4223,H14222,H,300.57,311.26,1549.9,27.06,40.5,2.55,0,0,0,0,0,0,No Failure,252.7
4224,H14223,H,299.39,308.9,1561.2,46.46,146.2,2.84,0,0,0,0,0,0,No Failure,112.0
4225,M14224,M,301.8,311.8,1511.6,47.27,70.9,2.7,0,0,0,0,0,0,No Failure,208.5
4226,M14225,M,298.78,309.41,1148.8,56.68,25.3,1.73,0,0,0,0,0,0,No Failure,265.9
4227,L14226,L,299.73,309.88,1741.3,28.72,154.2,2.39,0,0,0,0,0,0,No Failure,118.6
4228,M14227,M,301.57,313.17,1609.2,35.03,126.7,2.89,0,0,0,0,0,0,No Failure,146.0
4229,L14228,L,302.35,312.14,1320.3,42.65,121.5,2.75,0,0,0,0,0,0,No Failure,146.6
4230,L14229,L,298.95,308.45,1793.6,26.28,148.1,2.03,0,0,0,0,0,0,No Failure,127.9
4231,M14230,M,303.92,314.55,1432.4,43.7,93.1,2.75,0,0,0,0,0,0,No Failure,181.9
4232,M14231,M,300.63,309.36,1518.7,54.6,167.5,3.05,0,0,0,0,0,0,No Failure,64.0
4233,L14232,L,297.91,308.84,1721.2,31.39,32.7,1.91,0,0,0,0,0,0,No Failure,261.0
4234,H14233,H,300.74,309.44,1577.4,47.11,178.7,1.32,0,0,0,0,0,0,No Failure,63.4
4235,L14234,L,299.23,309.87,1777.0,27.57,145.0,3.56,0,0,0,0,0,0,No Failure,130.5
4236,L14235,L,300.87,310.22,1475.0,29.92,121.6,2.69,0,0,0,0,0,0,No Failure,156.0
4237,L14236,L,299.91,310.39,1840.7,39.51,31.9,2.23,0,0,0,0,0,0,No Failure,260.3
4238,M14237,M,300.15,311.06,1398.8,41.36,69.6,2.21,0,0,0,0,0,0,No Failure,212.7
4239,M14238,M,298.18,308.33,1773.9,42.72,73.8,2.59,0,0,0,0,0,0,No Failure,206.8
4240,L14239,L,301.98,310.78,1132.5,63.27,58.5,3.12,0,0,0,0,0,0,No Failure,214.8
4241,M14240,M,297.69,306.79,1341.1,42.79,238.5,1.59,0,0,0,0,0,0,No Failure,1.0
4242,L14241,L,297.78,307.05,1591.3,47.11,228.9,5.73,1,0,0,0,0,1,TWF,13.3
4243,M14242,M,300.73,308.84,1466.3,34.79,136.5,3.49,0,0,0,0,0,0,No Failure,116.3
4244,L14243,L,303.21,314.33,1524.6,33.11,51.4,2.99,0,0,0,0,0,0,No Failure,238.1
4245,L14244,L,299.29,309.4,1545.5,46.33,227.8,5.09,1,0,0,0,0,1,TWF,1.0
4246,H14245,H,301.4,310.27,1324.8,34.45,187.4,2.74,0,0,0,0,0,0,No Failure,70.2
4247,L14246,L,302.15,313.6,1338.2,44.82,9.7,2.69,0,0,0,0,0,0,No Failure,287.6
4248,L14247,L,301.63,310.93,1579.5,46.73,122.7,2.22,0,0,0,0,0,0,No Failure,142.0
4249,M14248,M,299.38,309.63,1418.7,51.51,151.2,2.17,0,0,0,0,0,0,No Failure,100.8
4250,H14249,H,297.82,306.99,1778.0,30.72,16.6,2.98,0,0,0,0,0,0,No Failure,280.2
4251,L14250,L,295.58,303.57,1503.6,46.97,12.5,2.18,0,0,0,0,0,0,No Failure,263.6
4252,L14251,L,299.47,308.11,1666.7,28.14,115.9,2.67,0,0,0,0,0,0,No Failure,156.8
4253,L14252,L,302.36,311.91,1617.3,32.43,0.5,2.59,0,0,0,0,0,0,No Failure,299.4
4254,M14253,M,297.75,308.65,1430.4,43.56,11.7,3.82,0,0,0,0,0,0,No Failure,285.2
4255,L14254,L,301.4,311.75,1183.5,53.34,41.3,2.4,0,0,0,0,0,0,No Failure,245.2
4256,M14255,M,298.1,308.24,1750.1,26.95,227.5,3.2,0,0,0,0,0,0,No Failure,34.8
4257,H14256,H,300.21,308.2,1362.8,57.06,191.6,4.89,0,1,0,0,0,1,HDF,4.7
4258,L14257,L,301.42,312.69,1465.7,27.79,112.6,2.43,0,0,0,0,0,0,No Failure,168.1
4259,L14258,L,298.68,308.9,1511.0,40.09,119.8,1.75,0,0,0,0,0,0,No Failure,150.6
4260,L14259,L,300.34,310.22,1528.9,40.62,171.5,2.47,0,0,0,0,0,0,No Failure,85.6
4261,L14260,L,299.17,310.3,1710.2,22.86,118.6,3.04,0,0,0,0,0,0,No Failure,164.7
4262,H14261,H,301.41,312.66,1539.0,48.25,16.0,1.77,0,0,0,0,0,0,No Failure,279.3
4263,L14262,L,300.47,311.63,1515.2,34.42,184.7,3.0,0,0,0,0,0,0,No Failure,76.2
4264,L14263,L,300.11,309.87,1720.3,35.57,14.4,3.31,0,0,0,0,0,0,No Failure,282.4
4265,M14264,M,303.12,312.11,1645.5,38.76,121.5,2.56,0,0,0,0,0,0,No Failure,149.4
4266,L14265,L,301.32,312.31,1406.3,32.48,215.4,5.98,1,0,0,0,0,1,TWF,1.5
4267,M14266,M,298.62,307.25,1332.7,37.52,29.3,2.58,0,0,0,0,0,0,No Failure,256.6
4268,L14267,L,299.83,311.78,1390.6,54.09,176.7,2.84,0,0,0,0,0,0,No Failure,64.5
4269,H14268,H,299.85,309.88,1529.2,38.78,11.6,3.4,0,0,0,0,0,0,No Failure,285.7
4270,H14269,H,300.16,309.1,1315.0,26.75,248.3,3.35,1,0,0,0,0,1,TWF,3.7
4271,M14270,M,305.05,313.82,1554.2,36.49,170.5,2.04,0,0,0,0,0,0,No Failure,86.5
4272,H14271,H,300.74,309.46,1514.9,39.38,242.2,6.5,1,0,0,0,0,1,TWF,1.0
4273,L14272,L,295.93,306.07,1100.0,56.08,167.1,3.36,0,0,0,0,0,0,No Failure,75.3
4274,L14273,L,298.91,308.91,1286.3,32.65,60.6,1.66,0,0,0,0,0,0,No Failure,227.3
4275,M14274,M,296.14,304.9,1100.0,54.34,231.6,5.39,1,0,0,1,0,1,TWF,14.6
4276,M14275,M,299.34,308.98,1476.4,34.81,156.7,0.96,0,0,0,0,0,0,No Failure,109.8
4277,L14276,L,296.03,304.66,1730.2,36.22,144.0,2.88,0,0,0,0,0,0,No Failure,116.6
4278,L14277,L,298.26,308.85,1199.6,53.56,107.3,2.63,0,0,0,0,0,0,No Failure,157.4
4279,L14278,L,296.96,306.9,1301.3,48.91,71.1,2.06,0,0,0,0,0,0,No Failure,207.4
4280,L14279,L,300.77,310.39,1508.7,49.6,132.5,2.1,0,0,0,0,0,0,No Failure,127.0
4281,L14280,L,300.0,308.71,1347.6,59.86,91.5,2.12,0,0,0,0,0,0,No Failure,164.5
4282,M14281,M,300.61,310.31,1346.7,36.62,213.5,5.61,1,0,0,0,0,1,TWF,2.8
4283,L14282,L,299.79,309.38,1634.9,34.02,7.2,3.69,0,0,0,0,0,0,No Failure,291.3
4284,L14283,L,297.21,307.53,1449.4,46.6,132.5,2.99,0,0,0,0,0,0,No Failure,129.5
4285,M14284,M,301.03,311.19,1271.9,46.29,209.1,3.36,0,0,0,0,0,0,No Failure,31.3
4286,M14285,M,303.84,314.64,1164.3,32.47,6.9,2.31,0,0,0,0,0,0,No Failure,291.7
4287,H14286,H,300.82,310.33,1933.3,29.69,70.6,2.64,0,0,0,0,0,0,No Failure,216.5
4288,M14287,M,299.15,307.29,1740.0,43.12,12.9,1.86,0,0,0,0,0,0,No Failure,266.5
4289,L14288,L,297.14,308.13,1457.2,31.41,148.8,2.33,0,0,0,0,0,0,No Failure,122.5
4290,H14289,H,298.18,307.25,1553.7,40.16,79.2,2.17,0,0,0,0,0,0,No Failure,201.2
4291,M14290,M,300.91,309.8,1450.6,28.01,239.9,6.27,1,0,0,0,0,1,TWF,12.9
4292,L14291,L,302.15,312.1,1629.4,42.91,154.1,2.08,0,0,0,0,0,0,No Failure,105.2
4293,M14292,M,300.52,310.82,1385.1,45.01,140.5,2.0,0,0,0,0,0,0,No Failure,120.6
4294,H14293,H,301.6,311.07,1440.8,37.67,229.3,6.24,1,0,0,0,0,1,TWF,7.4
4295,L14294,L,301.42,310.88,1619.5,34.12,55.9,2.47,0,0,0,0,0,0,No Failure,232.4
4296,L14295,L,301.01,310.62,1798.2,22.87,140.6,2.08,0,0,0,0,0,0,No Failure,139.7
4297,L14296,L,298.68,310.1,1670.7,42.97,135.7,1.99,0,0,0,0,0,0,No Failure,128.4
4298,L14297,L,300.35,310.35,1758.9,28.52,20.5,2.08,0,0,0,0,0,0,No Failure,275.9
4299,L14298,L,298.3,307.34,1482.1,43.99,233.0,5.75,1,0,0,0,0,1,TWF,10.8
4300,M14299,M,300.03,309.08,1426.5,35.33,175.1,2.75,0,0,0,0,0,0,No Failure,86.9
4301,L14300,L,300.66,310.41,1191.0,65.77,222.0,4.5,0,0,0,1,0,1,OSF,4.5
4302,H14301,H,303.36,313.6,1550.9,49.6,245.6,4.48,1,0,0,0,0,1,TWF,8.4
4303,M14302,M,297.38,307.86,1605.8,51.88,119.9,1.81,0,0,0,0,0,0,No Failure,134.6
4304,M14303,M,300.96,311.09,1484.3,55.76,200.9,2.26,0,0,0,0,0,0,No Failure,23.5
4305,H14304,H,302.96,312.12,1399.0,38.45,144.4,2.57,0,0,0,0,0,0,No Failure,121.4
4306,L14305,L,301.52,311.09,1760.6,27.89,244.3,1.97,0,0,0,0,0,0,No Failure,13.8
4307,L14306,L,301.67,312.4,1651.1,50.52,61.8,3.81,0,0,0,0,0,0,No Failure,211.6
4308,M14307,M,301.18,310.03,1773.0,32.85,3.5,2.87,0,0,0,0,0,0,No Failure,292.9
4309,H14308,H,302.6,312.13,1367.3,49.71,46.5,2.48,0,0,0,0,0,0,No Failure,239.3
4310,M14309,M,297.83,308.42,1411.2,38.17,32.0,2.55,0,0,0,0,0,0,No Failure,260.5
4311,L14310,L,297.23,308.1,1753.4,29.99,109.2,1.67,0,0,0,0,0,0,No Failure,170.6
4312,H14311,H,299.99,309.79,1529.5,45.04,19.4,1.78,0,0,0,0,0,0,No Failure,275.3
4313,L14312,L,295.68,305.27,1436.1,27.99,55.0,3.29,0,0,0,0,0,0,No Failure,235.5
4314,H14313,H,302.46,311.14,1448.6,46.9,24.1,3.48,0,0,0,0,0,0,No Failure,262.5
4315,H14314,H,302.44,312.97,1536.0,42.73,121.7,1.17,0,0,0,0,0,0,No Failure,146.3
4316,L14315,L,299.13,310.45,1717.5,31.22,66.7,2.78,0,0,0,0,0,0,No Failure,220.5
4317,M14316,M,299.26,311.82,1509.3,39.92,117.8,3.33,0,0,0,0,0,0,No Failure,153.3
4318,L14317,L,299.86,310.24,1679.5,36.99,22.2,2.29,0,0,0,0,0,0,No Failure,272.7
4319,L14318,L,300.1,310.05,1621.7,38.66,129.2,3.41,0,0,0,0,0,0,No Failure,140.0
4320,M14319,M,300.25,309.33,1380.8,48.28,32.5,2.96,0,0,0,0,0,0,No Failure,257.8
4321,M14320,M,301.12,309.24,1380.6,37.75,24.8,2.77,0,0,0,0,0,0,No Failure,251.8
4322,H14321,H,299.65,309.83,1457.4,60.05,77.5,3.9,0,0,1,0,0,1,PWF,7.1
4323,M14322,M,301.89,314.24,1298.7,44.76,218.6,5.49,1,0,0,0,0,1,TWF,11.3
4324,L14323,L,300.89,312.16,1446.0,40.58,197.1,2.23,0,0,0,0,0,0,No Failure,53.6
4325,H14324,H,298.79,309.9,1808.9,46.78,239.8,4.45,1,0,0,0,0,1,TWF,11.1
4326,H14325,H,302.67,312.92,1532.4,26.35,115.0,2.65,0,0,0,0,0,0,No Failure,166.3
4327,L14326,L,297.28,307.64,1400.8,56.37,78.1,2.24,0,0,0,0,0,0,No Failure,192.1
4328,H14327,H,299.82,307.39,1880.9,32.55,242.7,3.85,1,0,0,0,0,1,TWF,14.4
4329,L14328,L,301.93,312.7,1371.4,40.04,95.4,2.38,0,0,0,0,0,0,No Failure,181.0
4330,H14329,H,298.55,307.97,1365.8,36.09,2.3,1.89,0,0,0,0,0,0,No Failure,297.2
4331,L14330,L,300.62,309.92,1758.1,25.24,205.0,4.0,1,0,0,0,0,1,TWF,15.0
4332,L14331,L,301.09,310.76,1656.4,33.83,42.3,2.09,0,0,0,0,0,0,No Failure,248.9
4333,L14332,L,298.28,307.92,1514.7,41.56,179.5,3.0,0,0,0,0,0,0,No Failure,74.6
4334,M14333,M,299.86,309.14,1686.9,39.93,3.8,1.83,0,0,0,0,0,0,No Failure,295.3
4335,L14334,L,299.69,309.7,1591.8,39.56,27.7,1.97,0,0,0,0,0,0,No Failure,265.5
4336,L14335,L,298.9,308.34,1325.7,41.69,120.9,2.92,0,0,0,0,0,0,No Failure,148.1
4337,M14336,M,304.6,314.7,1108.8,63.49,17.0,2.04,0,0,0,0,0,0,No Failure,276.4
4338,H14337,H,298.47,306.99,1436.4,60.49,222.2,4.9,0,0,1,1,0,1,PWF,1.0
4339,L14338,L,302.01,311.8,1732.2,45.1,187.5,2.99,0,0,0,0,0,0,No Failure,58.7
4340,L14339,L,299.21,308.12,1461.3,38.54,82.0,2.42,0,0,0,0,0,0,No Failure,196.6
4341,L14340,L,297.83,307.19,1620.4,40.54,149.4,2.54,0,0,0,0,0,0,No Failure,113.3
4342,L14341,L,300.21,310.35,1571.0,42.15,178.9,2.37,0,0,0,0,0,0,No Failure,74.7
4343,H14342,H,301.3,309.69,1234.9,59.81,188.8,4.84,0,1,0,0,0,1,HDF,14.7
4344,H14343,H,301.84,311.02,1465.3,38.58,98.9,2.91,0,0,0,0,0,0,No Failure,177.6
4345,M14344,M,303.12,313.69,1602.2,30.69,224.7,2.43,0,0,0,0,0,0,No Failure,32.9
4346,L14345,L,305.89,314.48,1397.1,50.88,235.4,3.75,1,0,0,1,0,1,TWF,5.1
4347,M14346,M,300.5,312.28,1473.1,43.57,48.9,2.68,0,0,0,0,0,0,No Failure,238.0
4348,M14347,M,298.67,309.88,1608.1,29.55,227.8,4.96,1,0,0,0,0,1,TWF,3.5
4349,H14348,H,300.91,310.41,1551.0,43.62,178.2,3.01,0,0,0,0,0,0,No Failure,74.0
4350,M14349,M,299.47,308.68,1725.4,47.64,222.0,1.96,0,0,0,0,0,0,No Failure,6.8
4351,M14350,M,301.85,312.05,1606.7,32.49,106.2,2.31,0,0,0,0,0,0,No Failure,172.6
4352,M14351,M,297.41,305.96,1366.9,37.66,165.3,3.59,0,1,0,0,0,1,HDF,7.3
4353,L14352,L,304.74,312.73,1452.5,41.52,58.8,2.97,0,0,0,0,0,0,No Failure,206.1
4354,H14353,H,301.71,311.25,1541.6,43.68,187.8,3.24,0,0,0,0,0,0,No Failure,61.7
4355,M14354,M,296.63,306.5,1777.6,33.23,145.4,2.21,0,0,0,0,0,0,No Failure,124.8
4356,M14355,M,298.58,308.68,1453.2,49.23,120.2,2.38,0,0,0,0,0,0,No Failure,143.3
4357,L14356,L,301.63,311.02,1227.9,50.69,173.2,2.01,0,0,0,0,0,0,No Failure,72.8
4358,M14357,M,302.35,313.63,1616.9,44.19,138.1,2.07,0,0,0,0,0,0,No Failure,124.4
4359,M14358,M,297.46,305.96,1402.7,37.73,191.3,2.92,0,0,0,0,0,0,No Failure,54.3
4360,L14359,L,301.43,310.29,1307.9,37.28,214.6,5.31,1,0,0,0,0,1,TWF,10.1
4361,L14360,L,296.11,306.59,1541.4,36.55,200.2,2.79,0,0,0,0,0,0,No Failure,54.8
4362,M14361,M,299.82,308.66,1712.1,25.62,76.9,2.49,0,0,0,0,0,0,No Failure,207.8
4363,M14362,M,302.22,311.02,1435.3,44.67,244.0,6.0,1,0,0,0,0,1,TWF,4.5
4364,M14363,M,298.9,309.02,1626.9,22.76,162.4,2.26,0,0,0,0,0,0,No Failure,114.8
4365,L14364,L,296.99,305.93,1660.1,32.97,80.9,3.15,0,0,0,0,0,0,No Failure,201.7
4366,M14365,M,300.29,310.16,1679.7,33.72,10.6,3.63,0,0,0,0,0,0,No Failure,287.1
4367,L14366,L,298.79,308.09,1406.9,35.32,247.0,4.89,1,0,0,0,0,1,TWF,6.5
4368,L14367,L,301.26,310.4,1337.3,42.72,149.8,2.44,0,0,0,0,0,0,No Failure,110.9
4369,L14368,L,298.23,306.13,1361.7,44.09,56.9,5.35,0,1,0,0,0,1,HDF,1.0
4370,L14369,L,298.45,308.59,1679.6,44.61,122.8,2.07,0,0,0,0,0,0,No Failure,143.5
4371,L14370,L,295.96,304.71,1657.5,28.91,99.4,2.74,0,0,0,0,0,0,No Failure,178.0
4372,L14371,L,300.34,310.17,1366.7,46.4,237.8,5.2,1,0,0,1,0,1,TWF,5.4
4373,L14372,L,299.68,309.17,1919.7,35.14,123.2,1.32,0,0,0,0,0,0,No Failure,150.2
4374,L14373,L,297.62,307.42,1345.3,44.45,121.2,1.27,0,0,0,0,0,0,No Failure,145.7
4375,M14374,M,300.39,310.24,1716.9,31.46,198.6,3.49,0,0,0,0,0,0,No Failure,62.9
4376,L14375,L,302.05,312.25,1810.0,25.18,97.7,2.36,0,0,0,0,0,0,No Failure,187.1
4377,L14376,L,299.57,308.84,1557.6,51.81,49.1,2.55,0,0,0,0,0,0,No Failure,230.7
4378,H14377,H,300.54,311.78,1400.2,43.36,192.1,1.86,0,0,0,0,0,0,No Failure,56.6
4379,L14378,L,300.55,308.7,1404.1,40.52,227.5,5.05,1,0,0,0,0,1,TWF,1.2
4380,M14379,M,297.59,307.36,1491.1,55.09,11.4,3.32,0,0,0,0,0,0,No Failure,278.7
4381,L14380,L,304.11,314.95,1731.5,36.21,215.0,2.8,0,0,0,0,0,0,No Failure,37.1
4382,L14381,L,299.06,309.54,1323.2,63.15,109.5,2.62,0,0,0,0,0,0,No Failure,140.5
4383,M14382,M,301.31,310.34,1208.9,39.72,72.3,1.44,0,0,0,0,0,0,No Failure,210.0
4384,M14383,M,301.54,310.73,1602.8,35.77,9.8,2.95,0,0,0,0,0,0,No Failure,288.0
4385,H14384,H,299.72,308.71,1642.1,26.95,51.4,2.51,0,0,0,0,0,0,No Failure,240.0
4386,M14385,M,301.21,311.81,1890.3,30.89,83.2,2.14,0,0,0,0,0,0,No Failure,201.0
4387,H14386,H,300.49,309.75,1290.6,45.6,17.7,2.89,0,0,0,0,0,0,No Failure,277.4
4388,L14387,L,297.16,307.42,1513.9,36.43,47.2,1.99,0,0,0,0,0,0,No Failure,242.2
4389,L14388,L,299.34,309.6,1746.0,34.74,184.2,2.84,0,0,0,0,0,0,No Failure,76.4
4390,L14389,L,298.77,311.14,1559.6,35.61,171.7,3.23,0,0,0,0,0,0,No Failure,90.7
4391,L14390,L,299.08,309.39,1503.0,39.15,192.5,2.59,0,0,0,0,0,0,No Failure,61.2
4392,M14391,M,297.39,306.58,1679.4,30.44,41.3,2.25,0,0,0,0,0,0,No Failure,250.9
4393,M14392,M,302.25,310.79,1430.7,52.04,10.8,2.16,0,0,0,0,0,0,No Failure,276.6
4394,L14393,L,303.2,312.93,1690.4,27.73,117.1,2.73,0,0,0,0,0,0,No Failure,162.9
4395,H14394,H,301.96,311.84,1313.6,47.16,85.7,2.24,0,0,0,0,0,0,No Failure,189.4
4396,H14395,H,302.54,310.33,1266.0,39.04,194.2,5.64,0,1,0,0,0,1,HDF,6.5
4397,L14396,L,299.31,308.6,1489.0,34.45,134.7,1.65,0,0,0,0,0,0,No Failure,136.7
4398,L14397,L,298.73,309.02,1100.0,49.45,232.8,4.33,0,0,0,1,0,1,OSF,12.0
4399,L14398,L,298.44,307.91,1553.2,37.71,15.3,2.66,0,0,0,0,0,0,No Failure,281.1
4400,L14399,L,301.29,312.26,1227.9,50.09,90.9,2.59,0,0,0,0,0,0,No Failure,181.1
4401,L14400,L,300.45,308.9,1588.6,30.02,101.3,2.16,0,0,0,0,0,0,No Failure,168.8
4402,M14401,M,299.85,310.52,1571.2,35.29,31.5,3.24,0,0,0,0,0,0,No Failure,261.7
4403,L14402,L,302.59,313.5,1525.8,32.38,145.8,2.9,0,0,0,0,0,0,No Failure,125.2
4404,L14403,L,300.81,311.77,1616.1,29.88,10.1,2.94,0,0,0,0,0,0,No Failure,288.1
4405,H14404,H,298.32,306.76,1574.6,46.04,178.2,2.1,0,0,0,0,0,0,No Failure,60.0
4406,M14405,M,298.64,308.95,1485.6,30.65,9.4,2.26,0,0,0,0,0,0,No Failure,288.9
4407,H14406,H,301.36,310.7,1865.8,32.68,218.4,2.79,0,0,0,0,0,0,No Failure,37.7
4408,L14407,L,302.08,310.68,1608.4,49.19,16.3,1.84,0,0,0,0,0,0,No Failure,267.8
4409,L14408,L,301.1,310.69,1676.2,44.24,114.1,2.9,0,0,0,0,0,0,No Failure,154.9
4410,M14409,M,303.79,312.89,1730.1,37.66,38.8,2.44,0,0,0,0,0,0,No Failure,252.2
4411,L14410,L,303.27,314.19,1657.6,36.08,33.3,3.14,0,0,0,0,0,0,No Failure,259.3
4412,L14411,L,300.88,311.4,1907.2,36.62,180.3,2.24,0,0,0,0,0,0,No Failure,79.1
4413,M14412,M,298.32,307.17,1567.7,40.86,193.6,3.59,0,0,0,0,0,0,No Failure,54.7
4414,M14413,M,297.38,306.66,1536.8,49.0,184.8,2.75,0,0,0,0,0,0,No Failure,59.5
4415,L14414,L,299.23,308.84,1421.7,41.27,101.0,2.81,0,0,0,0,0,0,No Failure,173.4
4416,L14415,L,301.51,311.43,1492.1,47.22,247.7,4.81,1,0,0,1,0,1,TWF,1.1
4417,L14416,L,303.65,314.66,1407.1,40.36,85.0,2.65,0,0,0,0,0,0,No Failure,193.9
4418,L14417,L,300.83,311.53,1659.2,49.42,61.3,2.17,0,0,0,0,0,0,No Failure,214.2
4419,L14418,L,302.34,312.39,1374.7,42.51,249.1,4.09,1,0,0,0,0,1,TWF,1.0
4420,L14419,L,299.51,309.25,1551.2,27.35,244.3,4.2,1,0,0,0,0,1,TWF,5.8
4421,L14420,L,301.25,309.47,1638.2,37.17,148.0,3.2,0,0,0,0,0,0,No Failure,102.7
4422,H14421,H,301.65,312.94,1564.9,43.69,52.3,2.46,0,0,0,0,0,0,No Failure,233.7
4423,M14422,M,296.04,305.59,1377.6,54.95,59.6,2.32,0,0,0,0,0,0,No Failure,220.2
4424,M14423,M,299.17,310.73,1663.1,29.1,130.2,2.32,0,0,0,0,0,0,No Failure,146.5
4425,L14424,L,301.9,312.1,1522.7,27.19,194.0,3.84,0,0,0,0,0,0,No Failure,73.5
4426,L14425,L,300.55,312.57,1100.0,58.02,19.4,2.87,0,0,0,0,0,0,No Failure,273.7
4427,L14426,L,297.61,308.21,1362.0,47.31,171.9,1.55,0,0,0,0,0,0,No Failure,78.0
4428,L14427,L,295.14,303.71,1788.8,23.66,25.8,2.17,0,0,0,0,0,0,No Failure,261.8
4429,L14428,L,299.27,308.65,1803.7,30.96,211.0,2.26,0,0,0,0,0,0,No Failure,48.8
4430,M14429,M,299.86,309.69,1632.2,34.77,133.0,2.07,0,0,0,0,0,0,No Failure,138.5
4431,M14430,M,298.23,307.36,1678.3,41.51,247.4,4.9,1,0,0,0,0,1,TWF,6.7
4432,M14431,M,300.29,309.91,1398.7,40.0,188.2,2.16,0,0,0,0,0,0,No Failure,65.4
4433,L14432,L,301.01,309.65,1491.4,37.18,124.3,2.19,0,0,0,0,0,0,No Failure,139.9
4434,H14433,H,301.34,311.35,1759.1,34.91,35.3,2.59,0,0,0,0,0,0,No Failure,257.1
4435,L14434,L,295.29,305.53,1614.2,27.52,135.6,1.58,0,0,0,0,0,0,No Failure,141.4
4436,L14435,L,297.37,306.37,1549.6,52.02,28.6,1.21,0,0,0,0,0,0,No Failure,257.7
4437,L14436,L,299.39,311.33,1504.6,46.42,226.3,5.15,1,0,0,0,0,1,TWF,13.0
4438,M14437,M,301.14,311.21,1748.2,29.41,57.5,3.0,0,0,0,0,0,0,No Failure,232.1
4439,H14438,H,300.98,310.16,1738.8,26.68,216.3,2.72,0,0,0,0,0,0,No Failure,48.1
4440,L14439,L,300.94,309.31,1654.3,28.99,76.0,2.68,0,0,0,0,0,0,No Failure,197.9
4441,H14440,H,299.23,309.29,1549.9,42.82,55.5,2.39,0,0,0,0,0,0,No Failure,229.9
4442,H14441,H,299.34,309.08,1474.1,33.63,76.1,4.31,0,0,0,0,0,0,No Failure,208.2
4443,L14442,L,298.54,309.33,1662.0,34.35,176.9,2.62,0,0,0,0,0,0,No Failure,85.7
4444,L14443,L,301.54,311.39,1340.8,32.92,131.3,4.06,0,0,0,0,0,0,No Failure,142.1
4445,L14444,L,298.16,306.97,1377.9,47.33,26.9,3.74,0,0,0,0,0,0,No Failure,261.4
4446,H14445,H,301.7,313.37,1278.3,50.99,34.3,2.78,0,0,0,0,0,0,No Failure,255.0
4447,L14446,L,300.42,310.85,1759.1,32.82,94.6,2.37,0,0,0,0,0,0,No Failure,186.3
4448,M14447,M,299.91,309.66,1409.0,43.94,84.6,2.51,0,0,0,0,0,0,No Failure,192.5
4449,L14448,L,298.69,308.85,1610.3,42.83,212.9,4.34,1,0,0,0,0,1,TWF,11.3
4450,M14449,M,297.29,307.76,1515.5,40.76,143.1,2.78,0,0,0,0,0,0,No Failure,121.1
4451,L14450,L,298.7,307.28,2056.7,34.64,46.7,2.9,0,0,0,0,0,0,No Failure,234.8
4452,M14451,M,299.34,309.5,1617.1,28.93,7.1,1.77,0,0,0,0,0,0,No Failure,291.7
4453,H14452,H,295.26,304.81,1204.7,52.46,25.6,4.07,0,0,0,0,0,0,No Failure,266.1
4454,H14453,H,299.61,310.11,1748.4,35.67,175.1,2.03,0,0,0,0,0,0,No Failure,86.5
4455,H14454,H,301.85,311.11,1468.7,49.27,211.8,0.89,0,0,0,0,0,0,No Failure,24.0
4456,L14455,L,301.13,310.53,1502.0,40.16,195.6,2.45,0,0,0,0,0,0,No Failure,56.0
4457,M14456,M,299.01,310.67,1417.6,41.64,197.5,1.81,0,0,0,0,0,0,No Failure,51.9
4458,L14457,L,300.09,311.32,1573.0,34.24,65.2,2.47,0,0,0,0,0,0,No Failure,221.0
4459,L14458,L,298.89,305.59,1570.7,48.64,247.3,5.62,0,0,0,1,0,1,OSF,1.0
4460,M14459,M,300.3,311.45,1422.5,25.69,21.6,2.77,0,0,0,0,0,0,No Failure,275.0
4461,L14460,L,303.08,313.01,1447.0,45.04,205.3,3.1,0,0,0,0,0,0,No Failure,37.8
4462,M14461,M,301.94,311.23,1556.1,38.41,24.2,1.9,0,0,0,0,0,0,No Failure,270.1
4463,H14462,H,301.04,310.03,1118.7,52.35,66.9,2.28,0,0,0,0,0,0,No Failure,211.4
4464,L14463,L,299.01,308.07,1280.0,44.57,123.9,2.91,0,0,0,0,0,0,No Failure,142.2
4465,M14464,M,301.5,310.82,1836.9,32.27,13.3,2.11,0,0,0,0,0,0,No Failure,284.0
4466,L14465,L,296.63,305.5,1596.7,40.93,98.5,1.37,0,0,0,0,0,0,No Failure,174.1
4467,L14466,L,299.5,308.14,1444.0,35.98,87.5,2.87,0,0,0,0,0,0,No Failure,186.0
4468,L14467,L,301.17,310.13,1234.4,49.55,161.8,2.16,0,0,0,0,0,0,No Failure,88.1
4469,H14468,H,301.48,311.8,1527.9,41.72,179.5,2.12,0,0,0,0,0,0,No Failure,74.4
4470,H14469,H,301.34,311.39,1714.3,28.32,22.6,2.57,0,0,0,0,0,0,No Failure,273.4
4471,H14470,H,300.59,311.15,2010.4,33.37,9.5,2.5,0,0,0,0,0,0,No Failure,288.5
4472,H14471,H,299.61,309.54,1876.7,34.48,194.0,3.1,0,0,0,0,0,0,No Failure,64.9
4473,L14472,L,301.08,309.77,1379.2,37.91,132.0,1.75,0,0,0,0,0,0,No Failure,131.1
4474,L14473,L,298.09,308.59,1449.3,33.08,133.7,3.86,0,0,0,0,0,0,No Failure,139.1
4475,M14474,M,298.31,307.31,1274.6,41.39,245.2,1.65,0,0,0,0,0,0,No Failure,1.0
4476,L14475,L,300.12,310.77,1387.3,44.2,109.4,2.27,0,0,0,0,0,0,No Failure,160.8
4477,L14476,L,300.35,309.18,1499.9,39.47,49.0,1.98,0,0,0,0,0,0,No Failure,235.7
4478,L14477,L,296.35,305.66,1472.3,50.51,170.2,2.53,0,0,0,0,0,0,No Failure,76.9
4479,M14478,M,300.91,310.55,1905.8,28.91,203.9,2.51,0,0,0,0,0,0,No Failure,59.8
4480,M14479,M,301.55,312.22,1302.6,39.84,125.6,2.6,0,0,0,0,0,0,No Failure,143.6
4481,L14480,L,299.85,310.02,1529.9,43.82,173.0,2.66,0,0,0,0,0,0,No Failure,80.4
4482,L14481,L,304.75,314.77,1168.6,44.48,128.5,3.28,0,0,0,0,0,0,No Failure,136.3
4483,M14482,M,298.63,310.52,1597.2,32.03,101.8,2.59,0,0,0,0,0,0,No Failure,178.1
4484,M14483,M,299.28,307.44,1297.8,40.79,8.6,5.79,0,1,0,0,0,1,HDF,2.8
4485,L14484,L,299.21,308.17,1735.4,13.59,43.4,4.19,0,0,1,0,0,1,PWF,7.1
4486,M14485,M,299.85,308.77,1485.9,44.35,119.9,1.19,0,0,0,0,0,0,No Failure,145.7
4487,L14486,L,299.34,307.57,1287.0,53.2,99.1,5.56,0,1,0,0,0,1,HDF,6.2
4488,L14487,L,297.19,306.47,1161.6,58.07,210.7,4.67,0,0,0,1,0,1,OSF,6.7
4489,M14488,M,298.91,309.59,1362.8,57.22,27.1,2.18,0,0,0,0,0,0,No Failure,261.7
4490,M14489,M,299.8,309.21,1580.8,48.5,12.5,2.49,0,0,0,0,0,0,No Failure,283.4
4491,L14490,L,302.46,312.12,1613.5,34.85,21.8,3.15,0,0,0,0,0,0,No Failure,273.5
4492,M14491,M,304.4,312.68,1448.8,49.18,169.5,2.9,0,0,0,0,0,0,No Failure,64.7
4493,M14492,M,302.67,311.87,1703.7,34.53,148.6,2.3,0,0,0,0,0,0,No Failure,119.8
4494,M14493,M,298.45,307.99,1334.7,41.97,158.1,2.62,0,0,0,0,0,0,No Failure,101.1
4495,M14494,M,298.61,309.25,1100.0,49.26,39.2,2.96,0,0,0,0,0,0,No Failure,248.9
4496,M14495,M,299.68,308.01,1588.6,35.9,129.1,1.76,0,0,0,0,0,0,No Failure,128.9
4497,L14496,L,303.57,313.11,1768.9,36.22,191.9,2.02,0,0,0,0,0,0,No Failure,65.3
4498,L14497,L,299.67,310.76,1770.6,44.96,171.0,3.05,0,0,0,0,0,0,No Failure,78.4
4499,L14498,L,297.34,306.9,1305.3,51.07,109.7,1.46,0,0,0,0,0,0,No Failure,155.9
4500,L14499,L,299.0,306.88,1440.5,36.25,25.9,1.85,0,0,0,0,0,0,No Failure,246.0
4501,M14500,M,301.51,312.79,1667.6,28.67,217.7,1.77,0,0,0,0,0,0,No Failure,43.9
4502,M14501,M,301.38,312.11,1425.7,46.06,131.6,3.05,0,0,0,0,0,0,No Failure,131.2
4503,L14502,L,299.6,310.47,1556.9,44.86,222.4,1.85,0,0,0,0,0,0,No Failure,16.2
4504,L14503,L,301.37,309.62,1409.8,51.15,109.7,2.98,0,0,0,0,0,0,No Failure,140.9
4505,L14504,L,295.45,306.97,1343.0,42.79,59.3,2.29,0,0,0,0,0,0,No Failure,225.1
4506,L14505,L,300.21,309.43,1377.5,46.84,76.9,3.57,0,0,0,0,0,0,No Failure,201.0
4507,M14506,M,301.72,311.21,1709.1,41.1,104.5,2.58,0,0,0,0,0,0,No Failure,169.0
4508,L14507,L,298.33,307.63,1540.5,29.49,153.6,3.14,0,0,0,0,0,0,No Failure,118.6
4509,M14508,M,298.33,309.27,1765.7,35.93,192.2,2.78,0,0,0,0,0,0,No Failure,65.3
4510,H14509,H,296.27,306.09,1631.2,43.11,60.7,2.23,0,0,0,0,0,0,No Failure,223.2
4511,L14510,L,303.18,313.66,1825.6,36.44,46.9,2.49,0,0,0,0,0,0,No Failure,242.5
4512,L14511,L,298.56,308.64,1684.4,35.06,50.7,2.51,0,0,0,0,0,0,No Failure,238.4
4513,L14512,L,300.48,310.39,1673.9,54.11,233.6,4.13,1,0,1,1,0,1,TWF,2.7
4514,M14513,M,301.21,310.26,1516.4,53.08,41.0,3.03,0,0,0,0,0,0,No Failure,241.3
4515,M14514,M,303.02,314.84,2076.6,28.96,86.4,4.01,0,0,0,0,0,0,No Failure,198.2
4516,L14515,L,299.69,308.23,1558.2,37.18,121.5,2.57,0,0,0,0,0,0,No Failure,141.5
4517,M14516,M,298.92,309.33,1184.8,55.55,139.1,2.93,0,0,0,0,0,0,No Failure,113.4
4518,H14517,H,300.35,310.72,1586.0,37.43,214.5,2.82,0,0,0,0,0,0,No Failure,36.1
4519,L14518,L,302.57,313.72,1362.2,52.95,28.2,0.93,0,0,0,0,0,0,No Failure,262.6
4520,L14519,L,299.66,311.05,1720.0,26.01,27.0,2.79,0,0,0,0,0,0,No Failure,268.7
4521,H14520,H,298.09,307.95,1667.9,34.29,79.1,2.76,0,0,0,0,0,0,No Failure,204.2
4522,M14521,M,296.92,307.45,1503.7,44.7,103.3,1.75,0,0,0,0,0,0,No Failure,168.3
4523,H14522,H,297.56,309.32,1379.1,50.53,93.4,1.43,0,0,0,0,0,0,No Failure,177.5
4524,M14523,M,301.73,311.66,1564.2,27.99,98.0,2.76,0,0,0,0,0,0,No Failure,185.1
4525,H14524,H,299.36,308.29,1423.2,35.48,212.9,5.63,1,0,0,0,0,1,TWF,10.8
4526,L14525,L,298.78,308.4,1679.0,24.0,209.2,2.28,0,0,0,0,0,0,No Failure,59.9
4527,M14526,M,298.57,307.26,1637.5,30.53,201.4,2.3,0,0,0,0,0,0,No Failure,54.7
4528,H14527,H,300.17,310.54,2063.5,20.14,188.8,3.88,0,0,0,0,0,0,No Failure,87.8
4529,M14528,M,299.52,310.59,1458.3,44.92,10.1,3.04,0,0,0,0,0,0,No Failure,287.1
4530,L14529,L,299.45,309.33,1483.7,42.04,37.3,1.77,0,0,0,0,0,0,No Failure,253.0
4531,L14530,L,302.7,311.08,1510.3,38.65,183.0,2.07,0,0,0,0,0,0,No Failure,61.0
4532,L14531,L,303.08,314.1,1518.1,39.7,148.7,3.81,0,0,0,0,0,0,No Failure,115.0
4533,L14532,L,296.78,305.0,1721.8,43.21,168.5,2.1,0,0,0,0,0,0,No Failure,71.2
4534,L14533,L,300.66,309.11,1488.5,33.01,179.2,2.18,0,0,0,0,0,0,No Failure,73.4
4535,M14534,M,298.45,308.27,1891.1,18.22,227.8,2.9,0,0,0,0,0,0,No Failure,46.6
4536,M14535,M,299.5,309.76,1642.2,41.51,158.8,2.34,0,0,0,0,0,0,No Failure,100.7
4537,L14536,L,300.62,311.04,1451.1,38.61,68.9,2.77,0,0,0,0,0,0,No Failure,214.7
4538,M14537,M,299.57,309.51,1405.3,35.57,20.8,2.67,0,0,0,0,0,0,No Failure,274.7
4539,L14538,L,300.46,312.22,1724.3,38.67,108.0,2.41,0,0,0,0,0,0,No Failure,166.3
4540,L14539,L,301.35,311.41,1543.1,25.11,177.5,3.23,0,0,0,0,0,0,No Failure,95.1
4541,L14540,L,300.59,311.62,1539.6,32.97,70.5,1.73,0,0,0,0,0,0,No Failure,215.2
4542,M14541,M,298.71,309.49,1430.9,25.21,30.0,2.57,0,0,0,0,0,0,No Failure,265.3
4543,L14542,L,298.74,307.45,1527.0,41.11,249.7,5.33,1,0,0,0,0,1,TWF,9.3
4544,L14543,L,297.12,306.95,1423.6,53.16,104.7,3.49,0,0,0,0,0,0,No Failure,161.0
4545,L14544,L,298.29,310.42,1781.7,29.66,54.1,2.4,0,0,0,0,0,0,No Failure,236.0
4546,H14545,H,303.92,313.42,1666.4,30.47,41.1,3.65,0,0,0,0,0,0,No Failure,251.1
4547,L14546,L,298.42,307.74,1506.7,52.31,215.7,5.28,0,0,0,1,0,1,OSF,1.0
4548,M14547,M,297.61,307.78,1504.1,44.28,204.9,2.57,0,0,0,0,0,0,No Failure,39.3
4549,M14548,M,300.64,310.17,1554.5,55.26,153.3,3.15,0,0,0,0,0,0,No Failure,84.6
4550,M14549,M,299.78,308.99,1537.0,40.16,136.8,1.93,0,0,0,0,0,0,No Failure,129.4
4551,H14550,H,299.61,309.13,1366.7,45.49,237.9,3.41,0,0,0,0,0,0,No Failure,1.0
4552,L14551,L,302.82,314.25,1197.8,60.21,57.1,2.52,0,0,0,0,0,0,No Failure,221.8
4553,L14552,L,301.1,310.96,1395.2,41.96,103.8,2.75,0,0,0,0,0,0,No Failure,169.3
4554,H14553,H,298.94,307.61,1515.0,41.33,6.2,2.83,0,0,0,0,0,0,No Failure,285.7
4555,L14554,L,299.15,307.64,1405.9,25.73,104.6,2.45,0,0,0,0,0,0,No Failure,168.5
4556,M14555,M,298.99,311.2,1684.7,47.78,96.1,2.01,0,0,0,0,0,0,No Failure,171.4
4557,M14556,M,301.75,311.53,1497.0,42.82,237.4,4.23,1,0,0,0,0,1,TWF,11.2
4558,M14557,M,299.38,309.82,1873.4,31.28,89.6,1.29,0,0,0,0,0,0,No Failure,193.2
4559,H14558,H,296.41,305.64,1437.5,48.09,208.7,5.07,1,0,0,0,0,1,TWF,2.9
4560,H14559,H,299.9,310.22,1563.2,30.11,191.6,2.42,0,0,0,0,0,0,No Failure,72.8
4561,M14560,M,296.93,308.39,1486.3,36.51,36.8,3.43,0,0,0,0,0,0,No Failure,254.9
4562,L14561,L,304.37,313.72,1616.7,40.99,240.7,5.19,1,0,0,0,0,1,TWF,10.5
4563,H14562,H,298.07,308.53,1728.8,35.01,157.7,3.09,0,0,0,0,0,0,No Failure,108.3
4564,L14563,L,299.68,308.27,1646.9,39.56,149.1,1.58,0,0,0,0,0,0,No Failure,106.4
4565,L14564,L,300.52,312.54,1174.5,52.83,2.9,2.68,0,0,0,0,0,0,No Failure,296.1
4566,H14565,H,299.42,309.69,1627.5,41.28,174.8,1.98,0,0,0,0,0,0,No Failure,80.8
4567,L14566,L,299.42,309.01,1357.1,34.97,13.9,2.46,0,0,0,0,0,0,No Failure,283.1
4568,L14567,L,300.84,310.55,1482.6,49.42,46.3,3.07,0,0,0,0,0,0,No Failure,239.6
4569,L14568,L,303.05,312.54,1661.4,32.73,24.7,2.89,0,0,0,0,0,0,No Failure,270.4
4570,H14569,H,301.54,311.08,1337.6,45.26,94.6,3.27,0,0,0,0,0,0,No Failure,179.1
4571,M14570,M,302.96,310.51,1744.9,30.18,198.9,1.65,0,0,0,0,0,0,No Failure,35.2
4572,M14571,M,297.91,307.81,1474.7,38.67,176.8,1.89,0,0,0,0,0,0,No Failure,81.1
4573,L14572,L,300.63,310.49,1926.6,32.75,26.7,3.4,0,0,0,0,0,0,No Failure,268.0
4574,M14573,M,300.31,310.8,1550.3,43.85,199.6,3.41,0,0,0,0,0,0,No Failure,46.5
4575,M14574,M,300.7,310.18,1843.3,38.86,115.2,2.49,0,0,0,0,0,0,No Failure,157.2
4576,L14575,L,302.75,311.98,1752.4,37.27,8.2,2.49,0,0,0,0,0,0,No Failure,290.0
4577,L14576,L,299.56,309.55,1428.6,37.83,56.0,3.2,0,0,0,0,0,0,No Failure,231.0
4578,L14577,L,299.19,307.58,1305.0,48.56,196.3,5.07,0,1,0,0,0,1,HDF,6.3
4579,H14578,H,301.07,311.21,1558.3,40.18,183.3,2.86,0,0,0,0,0,0,No Failure,71.3
4580,M14579,M,296.44,304.58,1433.7,42.26,47.1,1.95,0,0,0,0,0,0,No Failure,223.4
4581,H14580,H,299.53,310.65,1820.8,36.69,9.5,3.19,0,0,0,0,0,0,No Failure,288.4
4582,L14581,L,299.73,310.42,1493.8,31.24,73.8,2.38,0,0,0,0,0,0,No Failure,212.0
4583,M14582,M,298.16,307.23,1484.2,26.24,198.7,1.66,0,0,0,0,0,0,No Failure,69.2
4584,M14583,M,302.11,312.78,1288.1,54.91,234.6,3.55,0,0,0,1,0,1,OSF,3.2
4585,M14584,M,297.88,307.99,1613.0,36.28,143.2,2.14,0,0,0,0,0,0,No Failure,124.8
4586,H14585,H,299.73,308.72,1327.8,48.1,22.8,3.39,0,0,0,0,0,0,No Failure,270.3
4587,L14586,L,300.59,308.56,1617.2,31.03,125.5,2.08,0,0,0,0,0,0,No Failure,130.1
4588,L14587,L,302.71,313.02,1641.8,45.38,249.7,4.82,1,0,0,1,0,1,TWF,14.5
4589,M14588,M,299.98,309.18,1403.8,45.19,234.7,1.23,0,0,0,0,0,0,No Failure,1.0
4590,M14589,M,301.87,312.97,1709.2,33.85,248.3,4.96,1,0,0,0,0,1,TWF,14.2
4591,M14590,M,301.4,311.42,1488.8,42.3,174.9,2.03,0,0,0,0,0,0,No Failure,79.6
4592,L14591,L,300.25,309.55,1274.6,34.88,106.5,2.73,0,0,0,0,0,0,No Failure,170.6
4593,M14592,M,297.82,309.62,1814.6,35.68,223.3,2.73,0,0,0,0,0,0,No Failure,27.7
4594,L14593,L,297.13,307.71,1372.7,54.12,223.8,4.78,1,0,0,1,0,1,TWF,8.2
4595,L14594,L,300.21,306.56,1628.8,39.04,36.1,2.7,0,0,0,0,0,0,No Failure,202.1
4596,M14595,M,298.91,308.43,1614.2,38.47,193.8,3.65,0,0,0,0,0,0,No Failure,60.3
4597,M14596,M,301.84,310.45,1607.7,35.1,229.8,2.63,0,0,0,0,0,0,No Failure,12.8
4598,L14597,L,301.49,310.69,1604.6,44.97,224.6,6.67,1,0,0,0,0,1,TWF,1.0
4599,L14598,L,299.63,309.49,1364.3,52.59,176.7,2.88,0,0,0,0,0,0,No Failure,66.1
4600,L14599,L,297.68,308.04,1840.8,29.57,134.3,2.66,0,0,0,0,0,0,No Failure,141.2
4601,L14600,L,301.02,311.28,1709.2,37.62,194.2,3.03,0,0,0,0,0,0,No Failure,60.9
4602,M14601,M,297.96,309.04,1623.0,38.59,129.0,2.62,0,0,0,0,0,0,No Failure,140.3
4603,H14602,H,298.48,309.12,1299.4,48.99,80.3,2.77,0,0,0,0,0,0,No Failure,195.5
4604,L14603,L,298.04,308.62,1362.9,38.62,64.7,2.71,0,0,0,0,0,0,No Failure,219.9
4605,M14604,M,299.72,309.92,1655.7,44.24,135.2,2.65,0,0,0,0,0,0,No Failure,128.0
4606,H14605,H,302.34,313.63,1179.3,54.83,114.0,3.77,0,0,0,0,0,0,No Failure,147.5
4607,H14606,H,299.99,309.67,1598.6,45.95,131.1,3.86,0,0,0,0,0,0,No Failure,131.8
4608,L14607,L,299.11,308.82,1299.7,38.36,65.2,2.7,0,0,0,0,0,0,No Failure,219.4
4609,H14608,H,296.95,305.04,1382.6,36.0,147.6,3.26,0,0,0,0,0,0,No Failure,101.5
4610,L14609,L,301.1,312.16,1285.4,61.09,165.5,3.22,0,0,0,0,0,0,No Failure,70.0
4611,L14610,L,298.44,308.36,1582.1,45.96,201.7,3.16,0,0,0,0,0,0,No Failure,41.2
4612,L14611,L,300.24,313.17,1737.8,28.82,147.5,2.83,0,0,0,0,0,0,No Failure,126.3
4613,L14612,L,299.29,308.89,1600.3,43.57,189.0,2.9,0,0,0,0,0,0,No Failure,60.3
4614,L14613,L,301.68,311.76,1620.0,33.78,42.3,2.84,0,0,0,0,0,0,No Failure,248.9
4615,L14614,L,299.69,310.23,1568.1,26.37,30.3,2.07,0,0,0,0,0,0,No Failure,264.8
4616,L14615,L,299.88,308.78,1660.2,21.44,44.9,2.46,0,0,0,0,0,0,No Failure,247.1
4617,H14616,H,300.97,311.33,1621.6,36.85,211.6,1.78,0,0,0,0,0,0,No Failure,40.5
4618,H14617,H,304.21,314.25,1100.0,65.47,139.0,2.85,0,0,0,0,0,0,No Failure,104.9
4619,L14618,L,301.78,311.47,1700.2,45.94,113.8,2.76,0,0,0,0,0,0,No Failure,152.2
4620,H14619,H,299.82,311.0,1681.4,44.51,190.5,2.92,0,0,0,0,0,0,No Failure,57.3
4621,H14620,H,300.01,309.1,1473.1,46.54,31.0,2.04,0,0,0,0,0,0,No Failure,260.1
4622,M14621,M,298.95,309.23,1184.6,52.87,1.6,3.08,0,0,0,0,0,0,No Failure,297.9
4623,L14622,L,298.1,309.55,1581.4,46.0,77.7,2.78,0,0,0,0,0,0,No Failure,200.2
4624,M14623,M,298.89,308.19,1596.5,23.51,62.2,3.84,0,0,0,0,0,0,No Failure,228.8
4625,H14624,H,298.46,308.16,1459.2,48.05,76.8,2.98,0,0,0,0,0,0,No Failure,200.4
4626,M14625,M,301.31,313.65,1571.4,30.34,243.4,5.21,1,0,0,0,0,1,TWF,8.7
4627,L14626,L,297.86,308.33,1729.9,28.3,141.9,1.69,0,0,0,0,0,0,No Failure,133.3
4628,M14627,M,302.67,312.16,1967.2,35.37,147.3,2.63,0,0,0,0,0,0,No Failure,120.7
4629,M14628,M,301.5,312.31,1564.3,44.86,163.9,1.88,0,0,0,0,0,0,No Failure,90.8
4630,M14629,M,300.04,309.47,1597.8,33.28,99.4,2.06,0,0,0,0,0,0,No Failure,180.2
4631,L14630,L,300.0,308.44,1390.5,47.67,244.7,5.18,1,0,0,1,0,1,TWF,8.1
4632,L14631,L,298.89,310.26,1448.3,45.37,243.3,4.16,1,0,0,1,0,1,TWF,13.6
4633,H14632,H,300.54,309.44,1513.6,37.46,192.3,3.37,0,0,0,0,0,0,No Failure,61.3
4634,H14633,H,302.18,314.63,1748.8,35.39,52.9,1.92,0,0,0,0,0,0,No Failure,235.6
4635,L14634,L,298.59,308.1,1684.6,50.18,220.0,4.83,0,0,0,1,0,1,OSF,3.8
4636,H14635,H,296.93,309.07,1883.4,29.89,25.2,1.64,0,0,0,0,0,0,No Failure,270.1
4637,L14636,L,301.41,310.04,1271.2,45.47,157.5,1.48,0,0,0,0,0,0,No Failure,91.1
4638,M14637,M,300.65,311.67,1301.1,47.17,114.3,2.33,0,0,0,0,0,0,No Failure,152.5
4639,M14638,M,297.76,308.26,1735.3,33.3,9.8,2.62,0,0,0,0,0,0,No Failure,288.2
4640,H14639,H,298.53,309.37,1797.3,38.92,226.0,1.81,0,0,0,0,0,0,No Failure,19.9
4641,H14640,H,298.28,309.25,1543.9,49.15,240.3,3.35,1,0,0,0,0,1,TWF,4.4
4642,L14641,L,298.55,308.05,1100.0,52.82,226.8,3.37,1,0,0,1,0,1,TWF,4.8
4643,H14642,H,299.35,308.04,1404.9,36.71,48.1,2.59,0,0,0,0,0,0,No Failure,234.8
4644,L14643,L,299.47,309.42,1598.1,51.37,83.2,3.06,0,0,0,0,0,0,No Failure,184.5
4645,M14644,M,298.7,308.92,1377.0,44.41,238.9,4.55,1,0,0,0,0,1,TWF,13.6
4646,M14645,M,298.48,308.01,1571.1,26.26,26.6,2.11,0,0,0,0,0,0,No Failure,269.1
4647,M14646,M,299.54,309.82,1877.8,44.99,145.8,3.15,0,0,0,0,0,0,No Failure,105.3
4648,L14647,L,300.34,310.67,1793.3,41.34,121.4,2.37,0,0,0,0,0,0,No Failure,147.7
4649,H14648,H,299.37,308.46,1682.8,46.86,38.0,2.44,0,0,0,0,0,0,No Failure,248.5
4650,L14649,L,302.32,312.71,1526.5,49.35,221.6,6.05,1,0,0,0,0,1,TWF,1.8
4651,L14650,L,301.02,310.75,1449.5,59.91,33.5,5.02,0,0,1,0,0,1,PWF,10.0
4652,M14651,M,296.82,306.12,1673.6,28.59,148.2,2.03,0,0,0,0,0,0,No Failure,125.8
4653,L14652,L,301.05,311.83,1542.5,33.33,79.5,2.68,0,0,0,0,0,0,No Failure,204.1
4654,H14653,H,301.21,310.43,1548.7,35.3,104.5,1.67,0,0,0,0,0,0,No Failure,172.8
4655,L14654,L,299.13,308.67,1260.3,43.96,52.8,1.53,0,0,0,0,0,0,No Failure,232.9
4656,L14655,L,297.01,307.08,1410.1,43.41,156.2,2.08,0,0,0,0,0,0,No Failure,102.1
4657,H14656,H,300.02,311.39,1672.6,32.44,247.2,5.85,1,0,0,0,0,1,TWF,11.7
4658,M14657,M,299.98,310.18,1340.9,36.42,208.4,3.2,0,0,0,0,0,0,No Failure,44.9
4659,L14658,L,297.76,308.28,1585.6,31.72,170.8,2.22,0,0,0,0,0,0,No Failure,95.9
4660,M14659,M,297.1,306.8,1611.8,35.17,189.1,3.0,0,0,0,0,0,0,No Failure,70.0
4661,M14660,M,299.82,309.75,1622.3,44.99,209.8,3.33,0,0,0,0,0,0,No Failure,32.1
4662,M14661,M,299.53,309.48,1638.3,32.6,118.1,2.52,0,0,0,0,0,0,No Failure,158.2
4663,L14662,L,299.17,309.46,1650.4,42.03,141.8,2.88,0,0,0,0,0,0,No Failure,121.6
4664,H14663,H,299.83,309.54,1426.3,32.82,223.9,3.62,0,0,0,0,0,0,No Failure,30.9
4665,H14664,H,297.79,309.13,1275.3,24.66,174.0,5.5,0,0,1,0,0,1,PWF,13.4
4666,M14665,M,299.13,308.76,1381.6,42.49,34.0,2.36,0,0,0,0,0,0,No Failure,257.1
4667,L14666,L,301.07,309.36,1668.7,31.69,194.9,3.46,0,0,0,0,0,0,No Failure,53.0
4668,H14667,H,299.3,312.04,1323.0,39.18,5.7,1.94,0,0,0,0,0,0,No Failure,293.0
4669,M14668,M,296.66,306.33,1351.7,37.4,211.9,2.59,0,0,0,0,0,0,No Failure,39.4
4670,M14669,M,299.05,310.37,1350.7,39.47,197.1,2.12,0,0,0,0,0,0,No Failure,55.1
4671,L14670,L,297.86,309.26,1207.6,42.78,207.7,3.32,0,0,0,0,0,0,No Failure,37.6
4672,H14671,H,300.53,311.48,1332.7,38.74,5.9,1.79,0,0,0,0,0,0,No Failure,292.7
4673,M14672,M,300.64,310.44,1717.1,25.43,243.1,5.34,1,0,0,0,0,1,TWF,1.0
4674,L14673,L,296.68,306.97,1409.7,27.66,153.5,1.87,0,0,0,0,0,0,No Failure,120.3
4675,L14674,L,301.52,310.24,1224.9,33.52,200.0,1.62,0,0,0,0,0,0,No Failure,53.2
4676,H14675,H,297.78,309.77,1446.4,58.71,141.6,1.36,0,0,0,0,0,0,No Failure,98.3
4677,L14676,L,303.12,312.27,1629.4,36.38,84.9,2.4,0,0,0,0,0,0,No Failure,196.0
4678,H14677,H,299.9,309.65,1210.3,60.25,74.0,2.79,0,0,0,0,0,0,No Failure,198.5
4679,M14678,M,297.51,307.61,1708.6,33.87,17.5,2.51,0,0,0,0,0,0,No Failure,278.9
4680,M14679,M,297.72,307.61,1280.1,45.86,135.6,2.64,0,0,0,0,0,0,No Failure,126.1
4681,L14680,L,300.7,310.04,1467.2,43.04,35.9,2.24,0,0,0,0,0,0,No Failure,254.6
4682,L14681,L,299.22,310.61,1464.9,45.44,141.9,3.09,0,0,0,0,0,0,No Failure,118.4
4683,H14682,H,299.81,310.76,1437.5,33.01,156.2,2.94,0,0,0,0,0,0,No Failure,112.0
4684,L14683,L,303.23,313.55,1526.4,36.65,110.5,2.58,0,0,0,0,0,0,No Failure,164.6
4685,M14684,M,298.6,308.2,1677.4,37.9,39.1,2.62,0,0,0,0,0,0,No Failure,251.8
4686,L14685,L,300.12,311.18,1530.7,25.66,108.2,2.22,0,0,0,0,0,0,No Failure,174.7
4687,L14686,L,302.84,312.38,1429.6,51.05,219.7,5.24,0,0,0,1,0,1,OSF,5.8
4688,L14687,L,300.54,312.11,1619.9,44.48,114.5,2.98,0,0,0,0,0,0,No Failure,154.1
4689,M14688,M,296.79,306.9,1575.1,23.38,85.7,2.44,0,0,0,0,0,0,No Failure,202.0
4690,H14689,H,301.01,312.24,1418.2,36.16,157.4,2.4,0,0,0,0,0,0,No Failure,107.5
4691,L14690,L,297.67,307.56,1545.6,39.55,154.7,2.27,0,0,0,0,0,0,No Failure,107.6
4692,L14691,L,302.81,312.89,1403.3,48.65,22.7,2.32,0,0,0,0,0,0,No Failure,270.6
4693,L14692,L,298.35,309.58,1383.0,54.07,59.1,2.65,0,0,0,0,0,0,No Failure,221.2
4694,M14693,M,305.94,318.13,1682.2,31.21,123.6,1.48,0,0,0,0,0,0,No Failure,152.7
4695,L14694,L,302.93,314.5,1618.0,53.45,91.6,5.8,0,0,1,0,0,1,PWF,5.9
4696,H14695,H,298.41,309.28,1675.9,35.46,80.0,2.42,0,0,0,0,0,0,No Failure,202.6
4697,M14696,M,300.04,310.63,1651.7,34.76,111.4,2.5,0,0,0,0,0,0,No Failure,164.7
4698,M14697,M,301.51,311.0,1379.2,47.44,72.6,2.6,0,0,0,0,0,0,No Failure,206.2
4699,L14698,L,301.57,311.86,1717.2,37.12,86.9,2.52,0,0,0,0,0,0,No Failure,193.3
4700,H14699,H,300.88,309.97,1484.7,42.2,193.4,2.74,0,0,0,0,0,0,No Failure,56.4
4701,L14700,L,302.5,312.88,1704.3,49.18,127.6,2.42,0,0,0,0,0,0,No Failure,126.1
4702,L14701,L,299.75,310.19,1515.6,41.32,218.2,4.88,1,0,0,0,0,1,TWF,10.0
4703,M14702,M,299.27,307.31,1594.1,30.75,237.1,2.89,0,0,0,0,0,0,No Failure,1.0
4704,M14703,M,299.31,309.35,1599.4,31.63,230.5,5.54,1,0,0,0,0,1,TWF,10.9
4705,L14704,L,301.72,312.13,1683.6,45.95,63.4,2.92,0,0,0,0,0,0,No Failure,217.6
4706,L14705,L,300.73,310.65,1245.4,52.96,118.2,2.05,0,0,0,0,0,0,No Failure,143.2
4707,M14706,M,300.58,310.94,1255.8,36.88,133.8,2.41,0,0,0,0,0,0,No Failure,135.9
4708,L14707,L,301.59,310.25,1658.2,24.94,213.0,2.2,0,0,0,0,0,0,No Failure,47.4
4709,H14708,H,295.9,305.12,1601.8,37.63,139.8,2.5,0,0,0,0,0,0,No Failure,127.9
4710,M14709,M,300.62,311.66,1399.2,47.2,63.2,3.16,0,0,0,0,0,0,No Failure,218.5
4711,L14710,L,300.44,310.44,1603.2,32.68,136.9,2.31,0,0,0,0,0,0,No Failure,135.6
4712,L14711,L,303.34,313.68,1286.0,34.9,11.1,2.16,0,0,0,0,0,0,No Failure,286.6
4713,L14712,L,296.94,306.4,2122.3,20.39,208.5,2.81,0,0,0,0,0,0,No Failure,65.3
4714,M14713,M,303.11,313.13,1772.8,45.37,141.5,2.01,0,0,0,0,0,0,No Failure,114.8
4715,M14714,M,300.15,307.85,1649.4,39.86,162.9,1.98,0,0,0,0,0,0,No Failure,71.1
4716,L14715,L,300.98,311.82,1551.5,45.67,50.2,2.73,0,0,0,0,0,0,No Failure,235.6
4717,M14716,M,303.35,315.16,1427.2,50.19,139.5,1.43,0,0,0,0,0,0,No Failure,117.4
4718,H14717,H,301.12,310.06,1303.5,41.65,132.7,2.21,0,0,0,0,0,0,No Failure,132.0
4719,L14718,L,300.8,309.86,1517.6,36.92,154.9,3.01,0,0,0,0,0,0,No Failure,109.9
4720,H14719,H,300.48,310.93,1384.1,42.17,211.9,1.4,0,0,0,0,0,0,No Failure,33.2
4721,L14720,L,299.03,310.51,1394.5,45.94,191.1,1.44,0,0,0,0,0,0,No Failure,54.8
4722,L14721,L,299.94,309.94,1284.4,54.34,136.7,1.64,0,0,0,0,0,0,No Failure,117.6
4723,L14722,L,298.57,307.34,1582.7,51.0,223.4,4.2,0,0,0,1,0,1,OSF,12.4
4724,L14723,L,299.91,309.7,1470.5,46.5,89.6,3.64,0,0,0,0,0,0,No Failure,184.8
4725,L14724,L,295.33,304.3,1633.8,42.48,123.1,2.57,0,0,0,0,0,0,No Failure,144.1
4726,L14725,L,300.86,310.19,1619.8,50.53,162.4,2.1,0,0,0,0,0,0,No Failure,81.4
4727,H14726,H,299.76,309.45,1579.1,36.56,110.2,1.73,0,0,0,0,0,0,No Failure,165.0
4728,H14727,H,299.33,308.4,2014.0,38.11,90.4,3.82,0,0,0,0,0,0,No Failure,188.1
4729,M14728,M,300.44,309.66,1685.4,39.65,28.1,2.89,0,0,0,0,0,0,No Failure,265.0
4730,L14729,L,297.13,307.21,1312.4,50.02,159.0,2.42,0,0,0,0,0,0,No Failure,92.1
4731,L14730,L,303.86,314.07,1620.1,35.53,48.2,3.23,0,0,0,0,0,0,No Failure,241.3
4732,L14731,L,299.79,308.37,1528.3,29.5,34.6,2.73,0,0,0,0,0,0,No Failure,250.7
4733,M14732,M,299.71,310.1,1297.9,48.64,45.5,2.2,0,0,0,0,0,0,No Failure,240.8
4734,H14733,H,298.07,307.69,1283.5,49.19,172.1,2.14,0,0,0,0,0,0,No Failure,75.8
4735,L14734,L,300.05,310.77,1619.1,33.03,34.6,2.15,0,0,0,0,0,0,No Failure,258.4
4736,L14735,L,302.77,313.55,1662.9,35.41,244.1,4.22,1,0,0,0,0,1,TWF,8.7
4737,M14736,M,302.07,311.53,1350.7,38.25,189.6,3.17,0,0,0,0,0,0,No Failure,65.7
4738,L14737,L,301.71,312.32,1711.7,28.94,98.2,2.19,0,0,0,0,0,0,No Failure,184.3
4739,L14738,L,301.09,310.26,1589.0,34.39,148.3,3.31,0,0,0,0,0,0,No Failure,120.3
4740,M14739,M,299.28,310.61,1752.1,24.95,1.9,2.0,0,0,0,0,0,0,No Failure,297.8
4741,M14740,M,297.1,306.3,1733.0,30.54,211.1,2.14,0,0,0,0,0,0,No Failure,49.2
4742,L14741,L,299.6,309.95,1509.6,44.74,67.8,2.23,0,0,0,0,0,0,No Failure,213.5
4743,L14742,L,299.53,309.34,1830.8,42.97,18.0,1.96,0,0,0,0,0,0,No Failure,274.9
4744,H14743,H,302.1,311.08,1336.8,59.41,189.5,2.15,0,0,0,0,0,0,No Failure,37.7
4745,L14744,L,300.62,311.52,1965.9,27.72,82.4,2.83,0,0,0,0,0,0,No Failure,203.5
4746,L14745,L,303.22,312.61,1380.7,51.86,141.9,3.22,0,0,0,0,0,0,No Failure,112.8
4747,L14746,L,302.39,310.69,1529.4,41.58,211.0,2.68,0,0,0,0,0,0,No Failure,21.0
4748,L14747,L,299.09,306.2,1436.5,40.11,194.0,1.79,0,0,0,0,0,0,No Failure,20.5
4749,L14748,L,296.41,305.53,1470.6,43.62,84.2,2.14,0,0,0,0,0,0,No Failure,193.2
4750,H14749,H,302.77,314.15,2061.3,36.82,217.2,2.15,0,0,0,0,0,0,No Failure,33.6
4751,L14750,L,302.72,313.98,1455.2,37.74,97.2,3.52,0,0,0,0,0,0,No Failure,180.2
4752,L14751,L,297.27,306.55,1690.3,31.85,125.0,3.09,0,0,0,0,0,0,No Failure,150.5
4753,M14752,M,303.02,312.64,1495.9,37.24,153.1,3.23,0,0,0,0,0,0,No Failure,111.8
4754,M14753,M,300.76,310.3,1705.6,30.79,17.7,2.07,0,0,0,0,0,0,No Failure,278.9
4755,H14754,H,300.32,308.99,1440.6,50.04,149.3,1.74,0,0,0,0,0,0,No Failure,98.1
4756,H14755,H,303.23,312.28,1583.8,32.54,144.4,2.84,0,0,0,0,0,0,No Failure,126.7
4757,L14756,L,302.69,313.67,1650.5,32.24,218.4,4.53,1,0,0,0,0,1,TWF,5.9
4758,M14757,M,301.3,311.81,1408.8,44.77,88.4,2.67,0,0,0,0,0,0,No Failure,187.2
4759,L14758,L,300.95,311.22,2031.6,31.15,60.5,2.75,0,0,0,0,0,0,No Failure,227.8
4760,H14759,H,301.23,309.9,1659.9,33.28,119.1,2.26,0,0,0,0,0,0,No Failure,149.8
4761,L14760,L,299.2,309.3,1497.6,51.85,171.8,3.1,0,0,0,0,0,0,No Failure,72.0
4762,H14761,H,299.89,307.59,1413.2,38.04,140.5,1.62,0,0,0,0,0,0,No Failure,100.6
4763,M14762,M,298.2,309.04,1554.4,37.4,34.6,2.57,0,0,0,0,0,0,No Failure,257.5
4764,L14763,L,299.33,309.59,1320.3,31.96,87.0,2.91,0,0,0,0,0,0,No Failure,195.9
4765,M14764,M,299.27,307.92,1857.0,30.17,15.9,3.52,0,0,0,0,0,0,No Failure,274.2
4766,H14765,H,298.73,310.35,1615.2,27.89,184.8,2.58,0,0,0,0,0,0,No Failure,83.4
4767,H14766,H,300.27,308.48,1522.3,33.0,220.7,3.25,0,0,0,0,0,0,No Failure,18.5
4768,L14767,L,299.35,309.88,1725.2,21.09,11.4,3.22,0,0,0,0,0,0,No Failure,287.1
4769,M14768,M,301.0,311.56,1408.8,36.34,131.4,3.9,0,0,0,0,0,0,No Failure,139.3
4770,L14769,L,296.76,305.52,1331.1,44.55,141.5,2.69,0,0,0,0,0,0,No Failure,114.9
4771,L14770,L,299.77,309.74,1514.7,37.9,109.7,3.73,0,0,0,0,0,0,No Failure,164.7
4772,L14771,L,300.26,308.63,1560.8,35.54,125.7,2.99,0,0,0,0,0,0,No Failure,134.1
4773,L14772,L,299.38,306.53,1633.0,34.47,177.6,1.58,0,0,0,0,0,0,No Failure,47.8
4774,H14773,H,299.66,308.59,1273.7,43.57,120.9,2.52,0,0,0,0,0,0,No Failure,145.3
4775,L14774,L,296.83,306.21,1456.3,40.96,229.9,1.95,0,0,0,0,0,0,No Failure,12.1
4776,H14775,H,300.71,311.36,1100.0,53.77,135.2,3.42,0,0,0,0,0,0,No Failure,120.0
4777,L14776,L,301.3,311.36,1326.4,47.16,17.9,2.6,0,0,0,0,0,0,No Failure,276.8
4778,L14777,L,300.99,311.08,1666.0,34.61,238.3,4.42,1,0,0,0,0,1,TWF,8.8
4779,L14778,L,302.08,311.06,1710.0,32.05,36.7,3.03,0,0,0,0,0,0,No Failure,255.8
4780,L14779,L,300.4,309.87,1333.6,50.44,196.1,3.29,0,0,0,0,0,0,No Failure,43.0
4781,L14780,L,300.96,310.03,1479.9,44.76,131.7,2.26,0,0,0,0,0,0,No Failure,132.0
4782,L14781,L,300.31,309.09,1542.6,38.67,185.2,2.23,0,0,0,0,0,0,No Failure,66.2
4783,M14782,M,301.38,310.78,1731.0,43.03,128.4,2.62,0,0,0,0,0,0,No Failure,137.7
4784,L14783,L,296.85,306.92,1811.7,33.7,14.7,1.41,0,0,0,0,0,0,No Failure,282.2
4785,L14784,L,298.21,307.64,1565.4,37.2,93.7,2.93,0,0,0,0,0,0,No Failure,184.8
4786,L14785,L,303.17,312.85,1491.3,39.75,155.2,3.51,0,0,0,0,0,0,No Failure,106.9
4787,H14786,H,295.08,305.77,1279.6,48.05,157.2,3.92,0,0,0,0,1,1,RNF,2.5
4788,H14787,H,299.72,309.22,1557.3,32.11,243.3,6.27,1,0,0,0,0,1,TWF,10.3
4789,L14788,L,302.34,311.01,1909.4,18.31,151.6,3.1,0,0,0,0,0,0,No Failure,124.7
4790,L14789,L,299.81,310.38,1768.9,35.89,71.6,2.45,0,0,0,0,0,0,No Failure,212.6
4791,L14790,L,299.19,309.46,1569.3,44.07,10.9,2.88,0,0,0,0,0,0,No Failure,286.2
4792,H14791,H,300.26,310.59,1592.3,30.67,197.1,3.46,0,0,0,0,0,0,No Failure,65.7
4793,L14792,L,299.29,309.92,1414.8,49.92,222.3,4.47,0,0,0,1,0,1,OSF,10.4
4794,L14793,L,300.06,310.52,1474.1,29.18,153.4,2.74,0,0,0,0,0,0,No Failure,119.0
4795,L14794,L,298.63,308.66,1564.4,34.44,120.6,2.18,0,0,0,0,0,0,No Failure,153.8
4796,L14795,L,302.22,314.61,1565.0,50.28,215.2,4.0,1,0,0,0,0,1,TWF,7.0
4797,L14796,L,302.85,311.56,1718.9,37.4,60.1,2.92,0,0,0,0,0,0,No Failure,220.4
4798,M14797,M,299.73,309.15,1710.2,32.97,99.7,2.39,0,0,0,0,0,0,No Failure,180.1
4799,L14798,L,297.23,308.19,1631.2,38.55,126.9,2.2,0,0,0,0,0,0,No Failure,143.0
4800,M14799,M,298.95,309.09,1359.2,52.52,12.3,3.19,0,0,0,0,0,0,No Failure,283.7
4801,L14800,L,299.63,310.39,1365.9,33.81,172.1,2.79,0,0,0,0,0,0,No Failure,92.0
4802,L14801,L,301.01,311.18,1379.1,52.73,47.1,2.21,0,0,0,0,0,0,No Failure,237.6
4803,H14802,H,297.98,309.36,1580.2,34.54,83.3,3.55,0,0,0,0,0,0,No Failure,199.0
4804,L14803,L,298.46,307.45,1175.3,56.01,103.6,3.77,0,0,0,0,0,0,No Failure,160.5
4805,H14804,H,301.02,312.36,1536.9,34.74,159.6,3.11,0,0,0,0,0,0,No Failure,106.2
4806,M14805,M,301.88,313.05,1790.1,45.3,16.4,1.78,0,0,0,0,0,0,No Failure,274.1
4807,L14806,L,298.76,307.55,1657.4,35.98,85.2,2.74,0,0,0,0,0,0,No Failure,191.7
4808,H14807,H,297.33,307.96,1475.2,31.37,68.6,2.85,0,0,0,0,0,0,No Failure,218.2
4809,L14808,L,306.57,316.53,1413.0,45.75,0.4,1.55,0,0,0,0,0,0,No Failure,299.5
4810,H14809,H,301.57,310.96,1682.2,44.78,172.9,3.22,0,0,0,0,0,0,No Failure,79.4
4811,L14810,L,299.47,307.58,1592.8,45.99,59.0,2.63,0,0,0,0,0,0,No Failure,206.6
4812,H14811,H,301.74,310.73,1493.9,40.82,41.6,3.17,0,0,0,0,0,0,No Failure,247.7
4813,L14812,L,299.75,310.46,1432.6,47.57,199.5,2.32,0,0,0,0,0,0,No Failure,42.1
4814,M14813,M,301.73,312.55,1551.7,35.72,9.8,2.79,0,0,0,0,0,0,No Failure,288.0
4815,M14814,M,300.32,310.11,1483.8,44.58,225.1,2.82,0,0,0,0,0,0,No Failure,13.2
4816,H14815,H,300.18,311.0,1678.4,38.29,171.7,2.61,0,0,0,0,0,0,No Failure,87.8
4817,H14816,H,299.77,310.72,1760.2,13.82,42.9,6.2,0,0,1,0,0,1,PWF,1.9
4818,H14817,H,297.11,307.26,1293.3,39.39,87.5,2.42,0,0,0,0,0,0,No Failure,191.3
4819,H14818,H,303.88,313.15,1318.6,46.96,237.5,1.79,0,0,0,0,0,0,No Failure,1.0
4820,L14819,L,298.12,308.56,1779.3,34.88,154.7,1.27,0,0,0,0,0,0,No Failure,112.1
4821,L14820,L,297.28,307.77,1567.7,38.07,152.2,2.13,0,0,0,0,0,0,No Failure,112.2
4822,L14821,L,299.57,310.25,1335.4,45.55,163.3,2.97,0,0,0,0,0,0,No Failure,91.0
4823,L14822,L,298.08,308.94,1714.0,43.46,115.7,1.88,0,0,0,0,0,0,No Failure,153.4
4824,L14823,L,299.9,308.53,1599.2,40.0,41.8,3.14,0,0,0,0,0,0,No Failure,240.6
4825,M14824,M,301.38,310.87,1932.4,14.72,37.7,5.82,0,0,1,0,0,1,PWF,4.7
4826,L14825,L,301.99,310.09,1495.9,53.74,171.8,2.78,0,0,0,0,0,0,No Failure,49.2
4827,M14826,M,301.63,312.38,1736.5,21.21,221.0,5.05,1,0,0,0,0,1,TWF,8.9
4828,L14827,L,299.39,309.18,1278.7,53.63,75.1,3.11,0,0,0,0,0,0,No Failure,200.2
4829,L14828,L,300.1,310.53,1787.9,22.61,125.9,3.19,0,0,0,0,0,0,No Failure,156.6
4830,M14829,M,300.82,309.34,1707.0,45.11,248.1,4.78,1,0,0,0,0,1,TWF,9.3
4831,M14830,M,296.48,307.89,1825.2,30.93,64.3,2.55,0,0,0,0,0,0,No Failure,223.5
4832,M14831,M,301.14,309.95,1736.8,37.24,97.6,2.01,0,0,0,0,0,0,No Failure,176.2
4833,M14832,M,297.09,307.86,1520.3,25.56,90.9,2.67,0,0,0,0,0,0,No Failure,194.8
4834,L14833,L,304.08,314.2,1328.4,50.28,8.1,1.26,0,0,0,0,0,0,No Failure,289.3
4835,M14834,M,299.19,309.0,1430.2,44.87,127.4,2.32,0,0,0,0,0,0,No Failure,137.5
4836,L14835,L,299.63,309.36,1222.8,53.39,52.2,1.99,0,0,0,0,0,0,No Failure,230.7
4837,L14836,L,298.46,307.82,1373.2,50.34,32.1,2.45,0,0,0,0,0,0,No Failure,257.9
4838,L14837,L,298.74,310.04,1614.2,38.42,177.6,2.02,0,0,0,0,0,0,No Failure,80.4
4839,L14838,L,304.55,314.56,1529.5,37.75,191.4,1.35,0,0,0,0,0,0,No Failure,64.1
4840,L14839,L,301.88,310.61,1498.0,34.38,222.2,5.09,1,0,0,0,0,1,TWF,1.6
4841,H14840,H,296.9,306.52,1396.0,39.88,233.5,4.72,1,0,0,0,0,1,TWF,3.0
4842,H14841,H,303.01,313.14,1220.7,57.6,217.3,3.14,0,0,0,0,0,0,No Failure,5.7
4843,L14842,L,302.39,313.28,1570.6,32.34,30.6,2.12,0,0,0,0,0,0,No Failure,263.3
4844,L14843,L,299.44,308.83,1605.9,24.46,55.9,1.99,0,0,0,0,0,0,No Failure,235.7
4845,L14844,L,300.61,310.08,1360.5,37.19,30.6,1.78,0,0,0,0,0,0,No Failure,262.4
4846,L14845,L,299.97,309.99,1442.5,45.84,88.4,3.19,0,0,0,0,0,0,No Failure,186.7
4847,H14846,H,303.95,314.82,1814.0,30.96,31.0,2.37,0,0,0,0,0,0,No Failure,263.1
4848,L14847,L,298.41,307.04,1745.6,38.6,163.3,2.66,0,0,0,0,0,0,No Failure,90.5
4849,M14848,M,300.29,310.8,1272.3,33.16,179.2,1.57,0,0,0,0,0,0,No Failure,84.3
4850,L14849,L,299.14,308.68,1522.9,18.52,39.9,3.24,0,0,1,0,0,1,PWF,4.6
4851,H14850,H,297.13,306.81,1798.4,35.21,155.4,1.96,0,0,0,0,0,0,No Failure,110.9
4852,L14851,L,304.38,316.38,1499.3,47.05,5.7,3.47,0,0,0,0,0,0,No Failure,292.6
4853,M14852,M,297.64,307.44,1489.9,28.3,108.6,1.85,0,0,0,0,0,0,No Failure,172.5
4854,L14853,L,300.44,311.19,1733.6,38.29,71.3,2.12,0,0,0,0,0,0,No Failure,211.9
4855,M14854,M,296.52,307.24,1714.7,43.32,249.6,5.63,1,0,0,0,0,1,TWF,13.9
4856,L14855,L,299.2,308.02,1705.4,35.15,230.7,2.12,0,0,0,0,0,0,No Failure,15.8
4857,L14856,L,300.84,309.0,1491.1,46.55,36.9,2.79,0,0,0,0,0,0,No Failure,235.6
4858,H14857,H,298.35,309.17,1656.7,37.55,229.3,4.41,1,0,0,0,0,1,TWF,1.8
4859,H14858,H,301.17,310.09,1805.6,31.39,104.7,1.84,0,0,0,0,0,0,No Failure,173.4
4860,H14859,H,299.46,307.8,1529.1,44.99,144.2,4.13,0,0,0,0,0,0,No Failure,102.6
4861,M14860,M,302.32,313.35,1465.8,54.32,133.4,1.94,0,0,0,0,0,0,No Failure,118.6
4862,H14861,H,302.72,311.7,1758.2,30.22,181.5,2.98,0,0,0,0,0,0,No Failure,84.3
4863,L14862,L,298.83,308.05,1904.1,30.9,83.7,1.93,0,0,0,0,0,0,No Failure,200.3
4864,L14863,L,300.15,312.13,1916.6,24.37,17.4,1.58,0,0,0,0,0,0,No Failure,280.0
4865,L14864,L,300.37,308.71,1471.0,41.88,104.4,2.45,0,0,0,0,0,0,No Failure,155.5
4866,M14865,M,301.24,309.98,1488.9,39.2,136.1,1.7,0,0,0,0,0,0,No Failure,125.9
4867,L14866,L,300.03,309.57,1353.8,52.43,138.7,2.26,0,0,0,0,0,0,No Failure,116.5
4868,L14867,L,300.38,310.14,1559.1,48.42,198.1,2.02,0,0,0,0,0,0,No Failure,42.8
4869,M14868,M,299.51,308.62,1345.7,50.1,11.1,3.25,0,0,0,0,0,0,No Failure,285.5
4870,H14869,H,300.23,309.07,1443.7,48.89,247.0,3.16,1,0,0,0,0,1,TWF,3.1
4871,L14870,L,302.6,314.11,1663.5,31.13,247.6,5.86,1,0,0,0,0,1,TWF,4.4
4872,L14871,L,301.29,311.56,1607.8,30.63,24.8,2.67,0,0,0,0,0,0,No Failure,270.6
4873,L14872,L,301.4,311.99,1213.9,52.49,86.0,2.36,0,0,0,0,0,0,No Failure,186.2
4874,L14873,L,301.45,311.31,1819.1,33.12,147.6,2.05,0,0,0,0,0,0,No Failure,122.3
4875,L14874,L,299.69,309.98,1343.4,58.66,93.3,2.6,0,0,0,0,0,0,No Failure,170.5
4876,M14875,M,300.64,311.57,1366.0,30.47,121.9,2.64,0,0,0,0,0,0,No Failure,155.2
4877,M14876,M,297.83,306.83,1316.2,49.92,81.5,2.74,0,0,0,0,0,0,No Failure,193.5
4878,M14877,M,302.54,312.8,1419.6,46.49,178.0,2.34,0,0,0,0,0,0,No Failure,71.0
4879,L14878,L,294.43,305.13,1377.5,38.22,91.0,1.81,0,0,0,0,0,0,No Failure,187.6
4880,H14879,H,299.83,311.37,1381.8,36.65,107.5,3.03,0,0,0,0,0,0,No Failure,168.3
4881,L14880,L,302.28,314.23,1100.0,52.17,144.0,2.5,0,0,0,0,0,0,No Failure,109.8
4882,L14881,L,297.27,307.34,1561.3,26.94,242.3,3.96,1,0,0,0,0,1,TWF,1.0
4883,H14882,H,300.8,311.94,1579.5,48.19,160.5,1.9,0,0,0,0,0,0,No Failure,92.0
4884,L14883,L,298.64,305.97,1939.7,49.84,24.2,5.58,0,0,1,0,0,1,PWF,3.2
4885,L14884,L,299.26,310.81,1625.1,34.53,79.7,3.33,0,0,0,0,0,0,No Failure,203.3
4886,H14885,H,301.89,311.17,1449.1,36.93,104.9,2.85,0,0,0,0,0,0,No Failure,171.2
4887,L14886,L,300.4,310.16,1323.1,36.17,185.0,2.89,0,0,0,0,0,0,No Failure,73.8
4888,M14887,M,295.93,306.37,1520.8,31.78,111.7,3.2,0,0,0,0,0,0,No Failure,166.4
4889,L14888,L,298.05,307.89,1618.3,32.95,164.8,2.28,0,0,0,0,0,0,No Failure,101.8
4890,M14889,M,301.95,312.15,1447.9,49.9,209.9,3.78,0,0,0,0,0,0,No Failure,25.7
4891,L14890,L,300.9,312.49,1548.9,61.09,26.1,3.75,0,0,1,0,0,1,PWF,9.1
4892,L14891,L,303.5,313.11,1877.6,26.9,191.4,2.35,0,0,0,0,0,0,No Failure,76.9
4893,M14892,M,303.37,312.28,1469.2,34.52,186.4,2.04,0,0,0,0,0,0,No Failure,72.3
4894,L14893,L,299.32,311.13,1200.3,41.81,204.9,2.54,0,0,0,0,0,0,No Failure,42.3
4895,L14894,L,305.01,315.53,1694.4,38.57,239.0,6.24,1,0,0,0,0,1,TWF,2.3
4896,L14895,L,300.05,311.97,1594.3,40.04,77.4,2.36,0,0,0,0,0,0,No Failure,203.5
4897,L14896,L,298.07,308.94,1232.1,49.4,107.3,2.75,0,0,0,0,0,0,No Failure,160.1
4898,L14897,L,298.73,307.41,1614.5,34.05,65.7,0.76,0,0,0,0,0,0,No Failure,214.1
4899,L14898,L,295.49,306.13,1359.4,53.65,81.8,2.76,0,0,0,0,0,0,No Failure,191.2
4900,H14899,H,303.21,312.23,1617.0,42.46,82.5,3.1,0,0,0,0,0,0,No Failure,196.0
4901,L14900,L,303.19,313.2,1879.4,36.97,217.4,2.57,0,0,0,0,0,0,No Failure,33.1
4902,L14901,L,297.97,307.89,1506.3,42.42,15.7,1.86,0,0,0,0,0,0,No Failure,280.2
4903,L14902,L,299.54,307.93,1731.9,33.32,50.7,1.78,0,0,0,0,0,0,No Failure,226.6
4904,L14903,L,300.19,309.38,1318.1,40.51,152.6,2.17,0,0,0,0,0,0,No Failure,109.3
4905,H14904,H,298.08,310.28,1266.0,51.03,191.3,1.77,0,0,0,0,0,0,No Failure,48.6
4906,L14905,L,296.49,306.73,1899.1,34.56,174.3,3.45,0,0,0,0,0,0,No Failure,88.6
4907,H14906,H,299.58,309.4,1593.1,41.63,11.6,2.78,0,0,0,0,0,0,No Failure,285.4
4908,L14907,L,299.36,311.17,1652.0,25.37,113.4,3.37,0,0,0,0,0,0,No Failure,168.8
4909,M14908,M,299.22,308.83,1744.2,36.77,46.1,2.33,0,0,0,0,0,0,No Failure,243.4
4910,M14909,M,300.45,310.35,1443.5,39.4,247.0,4.42,1,0,0,0,0,1,TWF,7.5
4911,H14910,H,302.86,313.85,1685.7,29.44,249.7,4.38,1,0,0,0,0,1,TWF,4.4
4912,M14911,M,299.39,308.99,1658.6,41.27,12.7,2.22,0,0,0,0,0,0,No Failure,284.0
4913,M14912,M,300.34,309.59,1306.2,47.17,166.9,2.2,0,0,0,0,0,0,No Failure,84.6
4914,L14913,L,301.45,309.2,1808.8,49.65,203.3,6.42,0,0,1,0,0,1,PWF,3.6
4915,L14914,L,301.11,310.17,1771.9,37.25,81.2,3.05,0,0,0,0,0,0,No Failure,200.2
4916,H14915,H,298.77,307.83,1308.2,43.78,173.4,2.66,0,0,0,0,0,0,No Failure,79.9
4917,L14916,L,300.19,310.35,1573.9,37.37,46.9,1.5,0,0,0,0,0,0,No Failure,242.3
4918,L14917,L,301.1,310.48,1496.6,31.89,32.0,2.68,0,0,0,0,0,0,No Failure,261.7
4919,M14918,M,297.74,309.9,1791.9,42.1,231.3,3.99,1,0,0,0,0,1,TWF,14.9
4920,L14919,L,302.53,311.47,1285.5,48.88,160.6,3.34,0,0,0,0,0,0,No Failure,89.9
4921,H14920,H,302.86,314.26,2182.8,29.81,204.2,3.04,0,0,0,0,0,0,No Failure,58.3
4922,M14921,M,298.55,308.77,1506.8,32.37,133.2,2.59,0,0,0,0,0,0,No Failure,140.3
4923,M14922,M,300.39,311.19,1670.2,41.38,38.7,1.24,0,0,0,0,0,0,No Failure,251.5
4924,H14923,H,301.28,312.03,1786.4,27.04,94.2,2.42,0,0,0,0,0,0,No Failure,190.2
4925,L14924,L,298.91,306.69,1502.9,36.05,220.4,4.27,1,0,0,0,0,1,TWF,1.6
4926,L14925,L,300.96,310.95,1517.4,40.42,3.9,2.74,0,0,0,0,0,0,No Failure,295.1
4927,L14926,L,300.33,310.06,1448.0,37.37,51.8,1.81,0,0,0,0,0,0,No Failure,236.3
4928,L14927,L,297.06,305.93,1379.5,37.95,63.3,2.66,0,0,0,0,0,0,No Failure,219.2
4929,M14928,M,300.92,311.38,1586.7,37.46,65.7,1.17,0,0,0,0,0,0,No Failure,219.1
4930,H14929,H,297.8,309.52,1513.8,46.71,24.6,1.67,0,0,0,0,0,0,No Failure,268.3
4931,L14930,L,301.88,309.21,1446.8,47.74,212.1,1.97,0,0,0,0,0,0,No Failure,1.0
4932,L14931,L,298.66,308.12,1457.3,46.12,39.9,2.17,0,0,0,0,0,0,No Failure,248.8
4933,H14932,H,299.68,308.43,1641.1,39.96,207.4,2.73,0,0,0,0,0,0,No Failure,36.7
4934,L14933,L,302.74,312.82,1395.2,39.67,88.8,1.51,0,0,0,0,0,0,No Failure,189.6
4935,L14934,L,300.99,310.67,1493.8,48.01,114.3,2.12,0,0,0,0,0,0,No Failure,151.9
4936,L14935,L,297.84,307.24,1698.9,23.17,115.7,2.13,0,0,0,0,0,0,No Failure,167.8
4937,H14936,H,297.97,308.66,1582.3,40.96,178.3,2.91,0,0,0,0,0,0,No Failure,76.8
4938,M14937,M,298.8,310.44,1350.1,50.33,182.8,2.38,0,0,0,0,0,0,No Failure,60.6
4939,M14938,M,300.79,313.45,1533.7,38.49,160.2,1.92,0,0,0,0,0,0,No Failure,101.9
4940,H14939,H,300.72,309.98,1616.2,32.07,193.4,1.85,0,0,0,0,0,0,No Failure,68.4
4941,L14940,L,298.31,306.49,1715.1,34.72,2.1,2.17,0,0,0,0,0,0,No Failure,281.1
4942,L14941,L,297.67,308.22,1402.8,37.47,126.2,1.51,0,0,0,0,0,0,No Failure,144.7
4943,H14942,H,300.56,312.17,1438.0,45.32,131.0,3.48,0,0,0,0,0,0,No Failure,132.5
4944,L14943,L,299.64,310.45,1413.6,49.07,59.8,2.5,0,0,0,0,0,0,No Failure,222.1
4945,M14944,M,304.31,315.92,1422.5,45.31,139.1,1.95,0,0,0,0,0,0,No Failure,122.1
4946,H14945,H,300.07,309.85,1610.5,39.97,116.8,1.87,0,0,0,0,0,0,No Failure,154.5
4947,M14946,M,303.63,313.02,1644.4,41.81,118.0,1.78,0,0,0,0,0,0,No Failure,151.6
4948,M14947,M,297.66,307.77,1726.1,40.89,29.6,2.72,0,0,0,0,0,0,No Failure,262.9
4949,H14948,H,296.85,306.52,1521.7,33.98,108.8,1.51,0,0,0,0,0,0,No Failure,168.4
4950,H14949,H,297.76,308.42,1286.4,35.87,191.6,2.39,0,0,0,0,0,0,No Failure,66.1
4951,L14950,L,302.38,313.35,1657.8,38.14,102.5,2.84,0,0,0,0,0,0,No Failure,173.4
4952,L14951,L,303.51,314.56,1566.5,44.77,121.9,2.15,0,0,0,0,0,0,No Failure,144.5
4953,L14952,L,298.44,308.95,1548.7,27.68,241.9,4.59,1,0,0,0,0,1,TWF,7.3
4954,M14953,M,299.08,309.32,1308.3,46.34,217.9,3.0,0,0,0,0,0,0,No Failure,19.9
4955,L14954,L,297.66,308.46,1502.9,47.82,232.2,4.01,0,0,0,1,0,1,OSF,6.5
4956,M14955,M,296.38,304.41,1324.3,44.49,19.4,4.13,0,1,0,0,0,1,HDF,1.9
4957,L14956,L,301.44,311.65,1624.3,47.59,154.6,2.57,0,0,0,0,0,0,No Failure,99.1
4958,M14957,M,300.45,310.5,1461.0,50.4,55.9,2.14,0,0,0,0,0,0,No Failure,226.8
4959,L14958,L,300.02,310.23,1445.0,40.24,101.1,1.78,0,0,0,0,0,0,No Failure,173.9
4960,M14959,M,297.2,307.11,1262.8,44.94,169.9,2.16,0,0,0,0,0,0,No Failure,83.1
4961,M14960,M,303.28,313.71,1721.9,32.4,144.7,2.7,0,0,0,0,0,0,No Failure,126.4
4962,L14961,L,298.99,308.42,1491.7,41.17,126.4,2.06,0,0,0,0,0,0,No Failure,141.5
4963,L14962,L,301.07,312.2,1553.6,30.41,203.6,2.77,0,0,0,0,0,0,No Failure,58.3
4964,M14963,M,297.09,307.56,1406.3,33.16,170.6,2.35,0,0,0,0,0,0,No Failure,94.5
4965,L14964,L,299.62,309.77,1242.5,32.39,205.3,2.14,0,0,0,0,0,0,No Failure,53.8
4966,L14965,L,300.58,309.89,1442.8,41.44,233.0,3.8,1,0,0,0,0,1,TWF,10.6
4967,H14966,H,300.65,311.47,1471.5,55.05,178.0,2.64,0,0,0,0,0,0,No Failure,56.9
4968,M14967,M,300.31,310.52,1590.4,23.79,98.8,3.18,0,0,0,0,0,0,No Failure,186.7
4969,H14968,H,300.99,310.23,1474.4,39.4,53.2,2.57,0,0,0,0,0,0,No Failure,233.9
4970,L14969,L,297.74,307.68,1409.4,41.07,67.7,1.92,0,0,0,0,0,0,No Failure,215.2
4971,L14970,L,300.39,311.02,1268.9,46.22,99.2,3.16,0,0,0,0,0,0,No Failure,172.6
4972,H14971,H,300.23,310.78,1546.7,47.59,185.0,1.97,0,0,0,0,0,0,No Failure,60.8
4973,M14972,M,300.46,310.95,1395.4,36.78,10.0,3.54,0,0,0,0,0,0,No Failure,287.7
4974,M14973,M,300.14,310.24,1774.4,20.19,203.6,2.4,0,0,0,0,0,0,No Failure,71.1
4975,L14974,L,297.45,308.48,1564.9,34.6,189.5,1.97,0,0,0,0,0,0,No Failure,70.1
4976,L14975,L,297.36,308.6,1638.6,31.94,124.9,2.84,0,0,0,0,0,0,No Failure,150.6
4977,L14976,L,295.57,306.31,1493.5,24.56,99.9,2.31,0,0,0,0,0,0,No Failure,185.0
4978,L14977,L,301.64,311.05,1574.0,39.84,28.2,2.77,0,0,0,0,0,0,No Failure,264.9
4979,L14978,L,301.66,310.6,1378.6,35.22,72.4,2.56,0,0,0,0,0,0,No Failure,210.7
4980,L14979,L,301.69,311.14,1327.1,44.63,27.4,1.67,0,0,0,0,0,0,No Failure,265.1
4981,H14980,H,300.61,312.57,1540.7,36.4,204.7,2.46,0,0,0,0,0,0,No Failure,49.4
4982,L14981,L,295.73,306.02,1640.1,29.07,127.3,2.8,0,0,0,0,0,0,No Failure,149.9
4983,M14982,M,297.95,310.07,1189.7,56.67,61.7,2.57,0,0,0,0,0,0,No Failure,216.8
4984,H14983,H,300.34,310.22,1448.7,39.45,4.5,3.25,0,0,0,0,0,0,No Failure,294.4
4985,M14984,M,300.27,310.01,1867.7,32.5,131.0,2.69,0,0,0,0,0,0,No Failure,142.8
4986,L14985,L,299.55,309.48,1623.8,41.06,188.0,2.35,0,0,0,0,0,0,No Failure,64.5
4987,M14986,M,300.74,310.65,1813.2,35.11,191.6,2.63,0,0,0,0,0,0,No Failure,67.0
4988,M14987,M,300.02,309.25,1424.5,43.13,53.6,2.2,0,0,0,0,0,0,No Failure,232.2
4989,M14988,M,300.24,309.09,1456.0,35.44,248.8,5.44,1,0,0,0,0,1,TWF,9.6
4990,M14989,M,298.72,309.22,1711.0,27.28,142.2,2.72,0,0,0,0,0,0,No Failure,133.9
4991,H14990,H,301.96,313.02,1649.6,37.48,83.0,1.76,0,0,0,0,0,0,No Failure,197.9
4992,M14991,M,299.14,311.58,1521.1,32.71,98.2,2.96,0,0,0,0,0,0,No Failure,182.0
4993,L14992,L,297.34,306.9,1312.0,51.29,31.1,3.84,0,0,0,0,0,0,No Failure,259.1
4994,M14993,M,298.46,308.11,1745.1,33.48,123.3,2.83,0,0,0,0,0,0,No Failure,151.3
4995,L14994,L,299.3,308.53,1987.3,34.73,188.3,1.28,0,0,0,0,0,0,No Failure,71.4
4996,H14995,H,301.99,313.11,1256.6,40.85,102.4,2.24,0,0,0,0,0,0,No Failure,171.9
4997,L14996,L,299.92,310.73,1789.2,25.55,216.7,1.73,0,0,0,0,0,0,No Failure,49.2
4998,L14997,L,299.63,308.75,1454.2,53.01,119.2,2.32,0,0,0,0,0,0,No Failure,141.2
4999,H14998,H,297.5,306.6,1478.3,39.54,225.2,6.1,1,0,0,0,0,1,TWF,9.8
5000,M14999,M,301.57,312.52,1586.3,44.22,175.8,2.07,0,0,0,0,0,0,No Failure,76.4
5001,L15000,L,298.7,309.08,1322.2,35.5,13.8,3.63,0,0,0,0,0,0,No Failure,283.2
5002,L15001,L,299.8,310.56,1531.4,37.2,16.8,0.77,0,0,0,0,0,0,No Failure,279.4
5003,H15002,H,302.96,312.08,1249.6,57.13,200.0,2.35,0,0,0,0,0,0,No Failure,29.6
5004,L15003,L,301.02,309.14,1623.2,26.01,89.2,2.73,0,0,0,0,0,0,No Failure,179.0
5005,H15004,H,296.74,305.87,1937.8,46.89,47.3,4.56,0,0,1,0,0,1,PWF,6.5
5006,L15005,L,296.46,307.15,1423.5,43.57,216.3,1.85,0,0,0,0,0,0,No Failure,25.7
5007,M15006,M,299.87,311.98,1507.8,34.06,245.8,5.31,1,0,0,0,0,1,TWF,10.1
5008,H15007,H,297.57,307.15,1516.6,42.03,202.2,3.66,0,0,0,0,0,0,No Failure,45.5
5009,L15008,L,301.3,313.57,1714.6,42.76,181.3,3.73,0,0,0,0,0,0,No Failure,71.0
5010,L15009,L,300.08,310.91,1610.6,31.47,0.2,2.29,0,0,0,0,0,0,No Failure,299.7
5011,L15010,L,300.33,308.94,1702.7,30.46,26.5,3.31,0,0,0,0,0,0,No Failure,260.7
5012,M15011,M,298.59,308.8,1447.4,43.2,167.7,2.46,0,0,0,0,0,0,No Failure,87.7
5013,M15012,M,303.48,314.35,1615.6,40.38,102.4,3.05,0,0,0,0,0,0,No Failure,172.2
5014,M15013,M,305.69,313.26,1100.0,53.16,4.9,4.9,0,1,0,0,0,1,HDF,3.0
5015,L15014,L,299.44,310.09,1657.5,39.02,185.2,1.82,0,0,0,0,0,0,No Failure,70.3
5016,L15015,L,300.71,311.88,1320.0,51.43,104.7,3.46,0,0,0,0,0,0,No Failure,162.2
5017,L15016,L,300.19,310.59,1479.4,41.77,164.7,3.62,0,0,0,0,0,0,No Failure,93.0
5018,L15017,L,299.48,309.42,1671.4,31.06,117.1,2.25,0,0,0,0,0,0,No Failure,160.5
5019,M15018,M,298.34,308.16,1263.0,47.36,6.6,3.06,0,0,0,0,0,0,No Failure,291.4
5020,H15019,H,297.83,307.6,1733.0,46.92,159.0,2.41,0,0,0,0,0,0,No Failure,90.0
5021,M15020,M,297.73,306.55,1515.7,41.92,197.0,3.81,0,0,0,0,0,0,No Failure,48.6
5022,L15021,L,300.81,310.12,1798.1,42.05,39.0,1.6,0,0,0,0,0,0,No Failure,250.9
5023,H15022,H,298.96,308.54,1376.4,39.99,222.8,5.1,1,0,0,0,0,1,TWF,6.6
5024,M15023,M,294.84,304.96,1213.5,51.28,45.4,1.63,0,0,0,0,0,0,No Failure,240.3
5025,H15024,H,300.89,310.33,1532.8,44.7,105.7,1.55,0,0,0,0,0,0,No Failure,165.2
5026,M15025,M,299.92,309.05,1643.1,47.0,131.8,2.43,0,0,0,0,0,0,No Failure,129.2
5027,L15026,L,302.69,313.45,1658.1,44.78,78.5,2.23,0,0,0,0,0,0,No Failure,199.9
5028,L15027,L,300.75,311.12,1334.7,37.12,125.1,1.89,0,0,0,0,0,0,No Failure,146.3
5029,M15028,M,297.04,306.5,1247.2,56.17,179.6,3.0,0,0,0,0,0,0,No Failure,58.3
5030,L15029,L,295.54,306.05,1482.1,52.29,178.6,3.28,0,0,0,0,0,0,No Failure,62.8
5031,L15030,L,298.56,308.11,1630.4,32.78,230.6,5.8,1,0,0,0,0,1,TWF,13.2
5032,M15031,M,298.75,308.81,1621.4,30.74,215.5,1.37,0,0,0,0,0,0,No Failure,43.7
5033,M15032,M,301.89,312.86,1819.4,32.81,246.3,2.7,0,0,0,0,0,0,No Failure,4.0
5034,M15033,M,299.98,309.38,1471.2,42.04,148.8,2.7,0,0,0,0,0,0,No Failure,112.6
5035,L15034,L,302.27,311.09,1207.8,47.23,100.1,1.99,0,0,0,0,0,0,No Failure,167.3
5036,L15035,L,297.35,307.21,1752.2,25.94,60.0,2.71,0,0,0,0,0,0,No Failure,230.4
5037,M15036,M,301.93,310.57,1572.9,48.45,61.0,2.2,0,0,0,0,0,0,No Failure,213.6
5038,H15037,H,301.44,311.16,1588.5,31.75,37.7,2.01,0,0,0,0,0,0,No Failure,254.9
5039,M15038,M,295.96,305.68,1675.3,32.27,181.7,1.79,0,0,0,0,0,0,No Failure,82.3
5040,H15039,H,302.65,310.18,1764.2,34.77,163.6,3.0,0,0,0,0,0,0,No Failure,72.2
5041,M15040,M,300.19,310.72,1533.9,28.81,73.1,3.28,0,0,0,0,0,0,No Failure,214.0
5042,M15041,M,300.78,310.6,1748.6,23.47,223.0,2.42,0,0,0,0,0,0,No Failure,44.8
5043,L15042,L,298.27,309.45,1636.8,33.63,138.1,3.09,0,0,0,0,0,0,No Failure,133.4
5044,M15043,M,302.55,312.77,1420.7,48.01,17.3,3.42,0,0,0,0,0,0,No Failure,277.6
5045,M15044,M,297.63,308.36,1496.3,41.42,15.4,2.58,0,0,0,0,0,0,No Failure,280.7
5046,M15045,M,301.66,312.85,1648.4,21.98,35.8,2.45,0,0,0,0,0,0,No Failure,259.4
5047,L15046,L,301.64,311.51,1411.1,52.25,52.8,2.78,0,0,0,0,0,0,No Failure,230.2
5048,M15047,M,298.05,308.05,1696.7,40.95,221.9,2.0,0,0,0,0,0,0,No Failure,22.2
5049,L15048,L,303.97,312.39,1566.3,39.64,194.6,2.83,0,0,0,0,0,0,No Failure,46.4
5050,M15049,M,300.46,311.7,1606.3,38.5,50.4,2.59,0,0,0,0,0,0,No Failure,237.6
5051,L15050,L,301.31,311.16,1795.9,38.12,62.1,1.72,0,0,0,0,0,0,No Failure,223.3
5052,H15051,H,296.95,305.94,1601.8,53.74,159.2,4.93,0,0,1,0,0,1,PWF,1.0
5053,L15052,L,304.24,314.98,1550.8,44.85,217.9,1.91,0,0,0,0,0,0,No Failure,22.0
5054,L15053,L,297.55,305.37,1523.2,41.46,79.2,2.81,0,0,0,0,0,0,No Failure,177.0
5055,L15054,L,302.05,311.62,1513.9,31.04,131.4,2.3,0,0,0,0,0,0,No Failure,143.5
5056,M15055,M,298.01,308.92,1593.9,38.8,222.6,4.2,1,0,0,0,0,1,TWF,6.1
5057,L15056,L,298.76,308.32,1782.0,39.08,192.7,3.32,0,0,0,0,0,0,No Failure,61.0
5058,L15057,L,301.58,310.86,1428.5,41.2,222.9,6.11,1,0,0,0,0,1,TWF,5.9
5059,M15058,M,302.06,311.64,1414.9,38.74,69.5,2.11,0,0,0,0,0,0,No Failure,213.9
5060,L15059,L,297.46,305.45,1768.0,37.81,172.7,1.91,0,0,0,0,0,0,No Failure,66.9
5061,H15060,H,302.18,312.9,1436.7,34.85,28.5,2.68,0,0,0,0,0,0,No Failure,265.4
5062,H15061,H,302.09,311.97,1576.7,44.13,154.1,1.92,0,0,0,0,0,0,No Failure,104.1
5063,M15062,M,298.12,307.85,1432.1,38.85,76.0,3.25,0,0,0,0,0,0,No Failure,205.8
5064,L15063,L,303.2,312.93,1237.4,33.63,175.4,2.65,0,0,0,0,0,0,No Failure,88.3
5065,M15064,M,297.09,307.1,1573.5,34.95,35.5,2.58,0,0,0,0,0,0,No Failure,256.9
5066,L15065,L,298.75,309.4,1737.6,34.13,166.4,1.93,0,0,0,0,0,0,No Failure,98.7
5067,L15066,L,300.96,310.91,1526.9,43.16,177.1,2.87,0,0,0,0,0,0,No Failure,75.8
5068,L15067,L,298.29,306.93,1272.8,50.2,214.3,3.18,0,0,0,0,0,0,No Failure,12.3
5069,H15068,H,300.53,311.1,1557.5,29.49,171.8,2.42,0,0,0,0,0,0,No Failure,97.1
5070,L15069,L,300.48,310.98,1402.7,43.63,130.7,3.06,0,0,0,0,0,0,No Failure,134.2
5071,M15070,M,299.63,309.83,1100.0,50.81,196.0,2.26,0,0,0,0,0,0,No Failure,42.7
5072,M15071,M,301.66,312.74,1523.5,36.86,71.1,2.46,0,0,0,0,0,0,No Failure,212.8
5073,L15072,L,299.54,309.57,1630.7,29.81,169.4,3.75,0,0,0,0,0,0,No Failure,99.6
5074,L15073,L,300.46,311.57,1748.8,33.95,181.1,2.28,0,0,0,0,0,0,No Failure,81.0
5075,H15074,H,302.29,313.7,1852.5,54.32,98.1,6.18,0,0,1,0,0,1,PWF,10.5
5076,M15075,M,301.58,312.16,1654.5,49.26,247.2,3.84,1,0,0,1,0,1,TWF,1.4
5077,M15076,M,301.57,310.82,1705.1,28.2,89.0,2.67,0,0,0,0,0,0,No Failure,195.5
5078,L15077,L,297.7,307.57,1308.1,46.33,21.1,2.92,0,0,0,0,0,0,No Failure,272.9
5079,L15078,L,301.05,312.29,1828.3,30.62,75.9,1.96,0,0,0,0,0,0,No Failure,209.8
5080,L15079,L,298.24,306.75,1764.9,34.99,24.9,2.08,0,0,0,0,0,0,No Failure,259.8
5081,L15080,L,297.44,307.05,1472.3,47.17,84.8,2.84,0,0,0,0,0,0,No Failure,190.6
5082,L15081,L,299.86,309.51,1660.0,35.24,32.0,2.6,0,0,0,0,0,0,No Failure,261.1
5083,H15082,H,298.19,307.33,1642.0,31.55,109.9,3.2,0,0,0,0,0,0,No Failure,168.8
5084,L15083,L,301.58,312.45,1801.2,41.41,194.5,2.66,0,0,0,0,0,0,No Failure,55.9
5085,L15084,L,301.63,312.01,1511.0,31.07,16.9,3.62,0,0,0,0,0,0,No Failure,279.9
5086,M15085,M,296.19,305.48,1404.4,44.05,140.8,2.92,0,0,0,0,0,0,No Failure,121.1
5087,M15086,M,298.34,308.95,1450.3,30.97,11.0,3.63,0,0,0,0,0,0,No Failure,287.0
5088,L15087,L,297.08,306.92,1698.5,28.14,221.2,3.51,0,0,0,0,0,0,No Failure,40.5
5089,M15088,M,299.07,308.18,1194.3,55.45,230.3,4.12,1,0,0,1,0,1,TWF,1.3
5090,L15089,L,300.91,310.2,1100.0,49.79,123.1,3.39,0,0,0,0,0,0,No Failure,139.2
5091,L15090,L,299.52,309.95,1698.1,22.2,192.3,3.06,0,0,0,0,0,0,No Failure,81.4
5092,L15091,L,298.82,309.76,1587.2,32.74,148.2,3.02,0,0,0,0,0,0,No Failure,121.9
5093,H15092,H,302.6,312.11,1541.3,33.12,85.2,3.21,0,0,0,0,0,0,No Failure,197.5
5094,L15093,L,295.39,305.93,1304.3,37.16,61.3,2.31,0,0,0,0,0,0,No Failure,224.7
5095,L15094,L,302.47,314.06,1231.9,52.55,189.6,2.7,0,0,0,0,0,0,No Failure,49.0
5096,L15095,L,298.91,307.65,1424.4,31.29,107.5,2.25,0,0,0,0,0,0,No Failure,166.6
5097,H15096,H,299.84,310.2,1602.7,33.32,230.1,5.85,1,0,0,0,0,1,TWF,3.2
5098,L15097,L,298.95,309.78,1433.1,42.8,243.9,3.56,1,0,0,0,0,1,TWF,3.3
5099,L15098,L,303.09,312.99,1699.1,32.91,52.6,1.73,0,0,0,0,0,0,No Failure,236.7
5100,L15099,L,297.54,308.78,1367.2,41.06,140.3,2.01,0,0,0,0,0,0,No Failure,124.3
5101,L15100,L,300.02,312.22,1445.0,36.46,134.2,2.47,0,0,0,0,0,0,No Failure,135.6
5102,M15101,M,301.05,311.4,1663.9,27.53,217.0,4.31,1,0,0,0,0,1,TWF,10.6
5103,M15102,M,296.78,306.54,1470.5,36.34,172.7,3.03,0,0,0,0,0,0,No Failure,88.6
5104,L15103,L,298.16,309.14,1479.4,45.16,151.8,2.52,0,0,0,0,0,0,No Failure,106.0
5105,L15104,L,299.7,310.55,1422.8,39.13,169.8,2.2,0,0,0,0,0,0,No Failure,89.4
5106,L15105,L,298.23,305.71,1389.6,44.35,97.4,2.79,0,0,0,0,0,0,No Failure,145.7
5107,L15106,L,298.37,308.37,1601.4,45.29,240.1,6.17,1,0,0,0,0,1,TWF,2.4
5108,L15107,L,299.3,308.91,1624.6,41.13,14.4,2.62,0,0,0,0,0,0,No Failure,281.9
5109,M15108,M,301.3,311.7,1578.7,29.07,7.3,3.02,0,0,0,0,0,0,No Failure,291.4
5110,H15109,H,299.31,309.12,1427.7,45.16,103.9,2.55,0,0,0,0,0,0,No Failure,167.2
5111,H15110,H,302.16,312.07,1501.9,47.28,38.6,2.34,0,0,0,0,0,0,No Failure,250.1
5112,H15111,H,298.0,307.14,1823.7,28.83,136.2,2.92,0,0,0,0,0,0,No Failure,139.6
5113,M15112,M,297.5,308.23,1283.6,35.64,2.3,2.64,0,0,0,0,0,0,No Failure,297.3
5114,M15113,M,303.85,315.51,1875.6,28.91,114.9,3.1,0,0,0,0,0,0,No Failure,164.6
5115,L15114,L,298.68,307.84,1555.8,39.88,73.7,3.43,0,0,0,0,0,0,No Failure,208.2
5116,M15115,M,297.38,305.98,1505.8,43.99,50.6,2.43,0,0,0,0,0,0,No Failure,227.8
5117,L15116,L,296.52,306.54,1708.7,31.47,111.2,2.89,0,0,0,0,0,0,No Failure,167.3
5118,L15117,L,302.15,312.12,1168.0,37.12,213.6,3.14,0,0,0,0,0,0,No Failure,37.6
5119,M15118,M,299.32,310.49,1785.1,24.68,163.8,2.75,0,0,0,0,0,0,No Failure,111.3
5120,L15119,L,299.49,308.26,1870.5,34.6,40.0,2.81,0,0,0,0,0,0,No Failure,246.9
5121,L15120,L,299.68,309.14,1732.7,48.56,124.7,2.59,0,0,0,0,0,0,No Failure,129.9
5122,H15121,H,302.03,309.88,1161.7,51.5,232.9,6.05,1,1,0,0,0,1,TWF,8.4
5123,L15122,L,299.64,311.02,1674.8,45.02,109.8,2.81,0,0,0,0,0,0,No Failure,159.8
5124,L15123,L,304.69,314.94,1832.6,25.34,117.6,2.14,0,0,0,0,0,0,No Failure,164.0
5125,H15124,H,300.27,309.8,1814.2,28.54,235.3,4.55,1,0,0,0,0,1,TWF,5.4
5126,M15125,M,302.12,310.8,1286.0,30.28,34.0,2.45,0,0,0,0,0,0,No Failure,253.3
5127,M15126,M,301.61,310.38,1719.9,37.47,183.8,2.4,0,0,0,0,0,0,No Failure,69.3
5128,L15127,L,299.93,310.34,1859.4,26.01,74.8,3.47,0,0,0,0,0,0,No Failure,213.2
5129,L15128,L,298.83,307.72,1543.3,43.07,216.5,2.68,0,0,0,0,0,0,No Failure,24.0
5130,H15129,H,300.66,310.77,1278.0,43.43,13.6,2.84,0,0,0,0,0,0,No Failure,282.8
5131,M15130,M,301.02,313.06,1686.3,49.73,247.6,5.6,1,0,0,1,0,1,TWF,5.5
5132,M15131,M,298.85,308.51,1726.6,47.3,192.2,2.14,0,0,0,0,0,0,No Failure,46.4
5133,L15132,L,300.33,309.37,1513.1,23.53,71.1,2.0,0,0,0,0,0,0,No Failure,218.6
5134,L15133,L,302.47,312.85,1324.9,49.43,190.2,1.74,0,0,0,0,0,0,No Failure,51.9
5135,H15134,H,304.14,312.91,1713.8,29.81,230.7,5.66,1,0,0,0,0,1,TWF,14.5
5136,L15135,L,301.71,313.43,1400.4,47.37,28.2,2.68,0,0,0,0,0,0,No Failure,263.5
5137,M15136,M,303.73,315.13,1609.1,27.88,228.4,5.5,1,0,0,0,0,1,TWF,2.6
5138,L15137,L,298.74,308.58,1816.9,43.11,90.0,2.83,0,0,0,0,0,0,No Failure,184.0
5139,M15138,M,301.4,310.51,1241.1,55.56,1.6,2.65,0,0,0,0,0,0,No Failure,297.8
5140,H15139,H,302.68,312.25,1700.5,25.39,28.1,1.31,0,0,0,0,0,0,No Failure,267.5
5141,M15140,M,298.21,307.91,1501.0,38.7,221.2,6.14,1,0,0,0,0,1,TWF,6.9
5142,L15141,L,299.03,309.41,1505.7,40.99,245.7,2.52,0,0,0,0,0,0,No Failure,1.0
5143,M15142,M,303.48,314.52,1630.1,41.84,223.8,4.35,1,0,0,0,0,1,TWF,10.6
5144,M15143,M,298.05,307.01,1399.9,42.78,110.4,2.64,0,0,0,0,0,0,No Failure,159.8
5145,L15144,L,297.32,308.33,1327.7,50.7,240.4,4.27,1,0,0,1,0,1,TWF,7.1
5146,H15145,H,303.06,313.67,1218.6,48.74,101.7,1.99,0,0,0,0,0,0,No Failure,167.8
5147,M15146,M,302.39,311.89,1758.5,38.4,28.4,2.66,0,0,0,0,0,0,No Failure,264.9
5148,H15147,H,300.86,309.78,1471.5,31.2,85.2,2.15,0,0,0,0,0,0,No Failure,196.7
5149,M15148,M,299.91,310.02,1640.0,36.4,249.6,6.09,1,0,0,0,0,1,TWF,11.7
5150,L15149,L,299.12,308.06,1451.2,49.4,156.5,2.43,0,0,0,0,0,0,No Failure,94.8
5151,L15150,L,300.56,311.59,1330.0,54.99,85.0,2.74,0,0,0,0,0,0,No Failure,186.2
5152,L15151,L,303.16,312.04,1654.8,37.47,156.0,2.84,0,0,0,0,0,0,No Failure,105.5
5153,H15152,H,300.48,311.02,1596.7,36.88,107.3,2.65,0,0,0,0,0,0,No Failure,168.4
5154,M15153,M,304.33,314.25,1495.6,49.69,12.4,2.63,0,0,0,0,0,0,No Failure,283.8
5155,M15154,M,298.2,307.64,1592.0,36.98,50.3,2.58,0,0,0,0,0,0,No Failure,238.3
5156,L15155,L,299.96,309.86,1366.1,51.93,4.8,3.4,0,0,0,0,0,0,No Failure,293.7
5157,L15156,L,299.25,310.33,1727.8,33.98,63.7,3.01,0,0,0,0,0,0,No Failure,223.0
5158,M15157,M,297.83,306.64,1769.3,34.19,184.9,2.09,0,0,0,0,0,0,No Failure,72.4
5159,L15158,L,299.69,309.28,1673.9,28.11,48.3,1.83,0,0,0,0,0,0,No Failure,243.3
5160,L15159,L,300.83,310.08,1471.4,32.03,132.0,2.02,0,0,0,0,0,0,No Failure,142.0
5161,M15160,M,301.05,311.01,1548.6,45.59,175.4,2.76,0,0,0,0,0,0,No Failure,75.4
5162,L15161,L,304.34,313.66,1818.8,45.05,137.2,1.84,0,0,0,0,0,0,No Failure,119.0
5163,L15162,L,300.93,309.16,1767.3,34.69,3.8,2.11,0,0,0,0,0,0,No Failure,280.0
5164,L15163,L,302.3,311.25,1894.9,30.5,90.8,1.69,0,0,0,0,0,0,No Failure,191.0
5165,L15164,L,300.13,311.77,1398.3,50.07,110.4,3.06,0,0,0,0,0,0,No Failure,155.6
5166,H15165,H,303.36,313.6,1382.2,45.77,85.7,2.9,0,0,0,0,0,0,No Failure,190.2
5167,L15166,L,304.8,315.01,1562.1,21.62,136.6,3.03,0,0,0,0,0,0,No Failure,145.3
5168,L15167,L,301.06,310.78,1610.8,44.2,128.3,2.22,0,0,0,0,0,0,No Failure,136.8
5169,L15168,L,298.01,307.96,1512.5,30.31,46.9,1.44,0,0,0,0,0,0,No Failure,244.4
5170,M15169,M,298.9,308.47,1468.2,40.78,188.0,2.0,0,0,0,0,0,0,No Failure,64.8
5171,L15170,L,300.56,311.09,1764.9,30.91,40.3,1.69,0,0,0,0,0,0,No Failure,252.0
5172,M15171,M,300.91,311.01,1521.8,34.94,114.7,1.69,0,0,0,0,0,0,No Failure,160.6
5173,L15172,L,301.4,310.23,1320.5,45.77,189.1,3.18,0,0,0,0,0,0,No Failure,54.2
5174,L15173,L,300.92,311.17,1341.2,50.99,174.3,2.35,0,0,0,0,0,0,No Failure,71.0
5175,L15174,L,300.01,307.56,1582.2,38.14,108.0,2.67,0,0,0,0,0,0,No Failure,137.4
5176,H15175,H,298.73,309.14,2075.5,38.78,197.2,3.16,0,0,0,0,0,0,No Failure,51.4
5177,H15176,H,300.8,309.39,1363.3,54.75,178.4,3.55,0,1,0,0,0,1,HDF,5.1
5178,L15177,L,303.71,313.61,1481.6,51.17,96.1,2.87,0,0,0,0,0,0,No Failure,173.6
5179,M15178,M,302.04,310.85,1968.5,30.09,223.9,3.8,1,0,0,0,0,1,TWF,2.0
5180,H15179,H,301.07,311.07,1451.3,37.99,35.5,2.65,0,0,0,0,0,0,No Failure,256.2
5181,L15180,L,302.06,312.64,1619.5,36.81,89.6,3.14,0,0,0,0,0,0,No Failure,190.1
5182,H15181,H,299.26,310.76,1873.8,39.9,174.5,1.82,0,0,0,0,0,0,No Failure,82.7
5183,L15182,L,298.98,307.44,1367.7,51.33,218.2,5.47,0,1,0,1,0,1,HDF,2.1
5184,H15183,H,298.5,309.48,1482.6,22.3,80.6,4.9,0,0,1,0,0,1,PWF,7.1
5185,M15184,M,299.75,309.88,1451.3,43.48,140.3,2.23,0,0,0,0,0,0,No Failure,122.1
5186,H15185,H,299.16,308.71,1266.3,30.81,3.0,1.78,0,0,0,0,0,0,No Failure,296.5
5187,M15186,M,302.42,313.18,1818.9,32.85,92.7,2.65,0,0,0,0,0,0,No Failure,188.5
5188,L15187,L,299.05,308.81,1433.2,38.16,82.7,2.8,0,0,0,0,0,0,No Failure,197.8
5189,H15188,H,298.39,309.11,1381.2,37.58,210.6,2.31,0,0,0,0,0,0,No Failure,40.7
5190,L15189,L,303.89,312.89,1458.4,47.08,18.5,1.91,0,0,0,0,0,0,No Failure,276.1
5191,L15190,L,299.1,308.46,1704.3,30.67,15.5,2.96,0,0,0,0,0,0,No Failure,281.5
5192,M15191,M,300.31,311.25,1558.2,38.44,110.7,3.21,0,0,0,0,0,0,No Failure,163.1
5193,M15192,M,300.9,312.39,1396.3,36.44,101.8,3.07,0,0,0,0,0,0,No Failure,175.3
5194,H15193,H,297.73,307.69,1611.2,37.75,40.4,3.45,0,0,0,0,0,0,No Failure,250.2
5195,L15194,L,302.47,309.68,1683.5,42.36,65.8,2.11,0,0,0,0,0,0,No Failure,181.3
5196,M15195,M,301.27,311.08,1533.7,32.97,243.5,1.65,0,0,0,0,0,0,No Failure,7.0
5197,M15196,M,303.12,313.15,1496.0,44.59,128.3,2.75,0,0,0,0,0,0,No Failure,136.5
5198,L15197,L,298.64,308.41,1719.8,35.28,22.0,2.26,0,0,0,0,0,0,No Failure,273.3
5199,L15198,L,300.2,310.53,1505.9,40.17,12.4,3.09,0,0,0,0,0,0,No Failure,284.5
5200,L15199,L,300.08,309.6,1825.9,30.41,10.5,1.88,0,0,0,0,0,0,No Failure,287.6
5201,L15200,L,300.53,311.37,1402.4,48.2,97.3,1.92,0,0,0,0,0,0,No Failure,173.9
5202,H15201,H,297.09,305.92,1398.2,47.61,216.4,2.54,0,0,0,0,0,0,No Failure,16.9
5203,M15202,M,300.22,311.46,1376.2,42.66,208.2,2.6,0,0,0,0,0,0,No Failure,37.1
5204,M15203,M,297.15,308.7,1495.2,41.55,92.0,2.9,0,0,0,0,0,0,No Failure,184.5
5205,H15204,H,300.72,309.8,1538.4,44.2,193.6,2.44,0,0,0,0,0,0,No Failure,53.7
5206,L15205,L,295.74,304.83,1300.7,49.92,188.1,1.35,0,0,0,0,0,0,No Failure,54.2
5207,H15206,H,296.3,306.71,1555.3,36.43,120.7,4.57,0,0,0,0,0,0,No Failure,152.2
5208,L15207,L,301.64,310.45,1639.2,44.76,101.1,2.52,0,0,0,0,0,0,No Failure,167.3
5209,H15208,H,298.91,308.41,1275.7,53.08,45.1,4.23,0,0,0,0,0,0,No Failure,240.1
5210,L15209,L,298.02,309.13,1444.7,56.31,69.7,2.42,0,0,0,0,0,0,No Failure,201.0
5211,H15210,H,302.54,313.28,1639.6,25.61,84.7,1.87,0,0,0,0,0,0,No Failure,202.0
5212,L15211,L,300.66,312.64,1343.0,49.59,203.2,2.31,0,0,0,0,0,0,No Failure,34.8
5213,L15212,L,301.74,311.91,1481.4,48.57,138.2,3.16,0,0,0,0,0,0,No Failure,120.4
5214,M15213,M,299.67,309.06,1732.8,41.66,50.2,2.87,0,0,0,0,0,0,No Failure,236.9
5215,L15214,L,305.36,315.41,1859.3,30.5,24.0,2.68,0,0,0,0,0,0,No Failure,271.5
5216,M15215,M,298.79,308.64,1616.7,27.57,124.2,2.46,0,0,0,0,0,0,No Failure,154.8
5217,L15216,L,303.49,313.35,1507.7,50.57,166.6,2.58,0,0,0,0,0,0,No Failure,81.6
5218,M15217,M,299.88,309.85,1448.2,38.06,204.7,4.68,1,0,0,0,0,1,TWF,7.2
5219,L15218,L,296.69,305.76,1701.0,33.2,199.3,3.22,0,0,0,0,0,0,No Failure,59.9
5220,L15219,L,300.97,311.25,1740.9,48.93,206.0,3.05,0,0,0,0,0,0,No Failure,22.7
5221,L15220,L,300.63,309.22,1331.0,36.17,112.0,3.99,0,1,0,0,0,1,HDF,7.1
5222,L15221,L,297.9,307.18,1701.0,41.01,216.4,1.61,0,0,0,0,0,0,No Failure,29.0
5223,L15222,L,298.16,308.04,1429.3,36.7,111.2,1.76,0,0,0,0,0,0,No Failure,163.7
5224,L15223,L,299.95,307.69,1384.1,37.92,42.0,2.29,0,0,0,0,0,0,No Failure,223.0
5225,L15224,L,300.7,311.47,1510.5,40.9,99.3,2.63,0,0,0,0,0,0,No Failure,175.7
5226,L15225,L,295.06,303.01,1715.5,39.71,85.0,2.47,0,0,0,0,0,0,No Failure,173.2
5227,M15226,M,302.11,312.78,1593.4,44.31,98.0,2.88,0,0,0,0,0,0,No Failure,175.2
5228,H15227,H,299.01,307.72,1588.5,45.34,164.7,2.49,0,0,0,0,0,0,No Failure,83.5
5229,L15228,L,297.34,306.93,1601.1,32.53,164.2,3.46,0,0,0,0,0,0,No Failure,102.9
5230,M15229,M,301.88,312.4,1621.7,28.99,56.2,2.81,0,0,0,0,0,0,No Failure,233.7
5231,M15230,M,299.95,312.15,1517.6,37.14,79.0,2.51,0,0,0,0,0,0,No Failure,203.0
5232,L15231,L,302.43,312.55,1651.1,38.77,148.8,1.59,0,0,0,0,0,0,No Failure,115.6
5233,M15232,M,300.88,308.89,1419.9,40.82,21.0,2.71,0,0,0,0,0,0,No Failure,254.0
5234,L15233,L,300.0,310.95,1654.5,10.84,172.2,6.17,0,0,1,0,0,1,PWF,9.0
5235,M15234,M,299.69,309.46,1691.4,22.68,44.7,2.07,0,0,0,0,0,0,No Failure,249.0
5236,L15235,L,300.97,311.04,1663.1,34.39,212.7,1.81,0,0,0,0,0,0,No Failure,42.3
5237,M15236,M,299.17,309.73,1672.4,41.86,100.4,3.16,0,0,0,0,0,0,No Failure,173.7
5238,M15237,M,298.29,306.07,1621.2,30.68,55.2,1.92,0,0,0,0,0,0,No Failure,209.9
5239,L15238,L,301.22,311.23,1748.0,39.46,167.0,2.6,0,0,0,0,0,0,No Failure,92.5
5240,L15239,L,299.71,309.3,1131.4,42.56,138.5,2.52,0,0,0,0,0,0,No Failure,125.2
5241,H15240,H,300.07,311.29,1690.8,37.27,43.0,2.77,0,0,0,0,0,0,No Failure,247.2
5242,L15241,L,302.18,312.91,1891.6,33.56,206.8,1.92,0,0,0,0,0,0,No Failure,50.5
5243,M15242,M,299.77,308.15,1426.7,45.34,113.3,2.43,0,0,0,0,0,0,No Failure,142.5
5244,H15243,H,300.03,311.29,1406.7,35.6,38.1,1.92,0,0,0,0,0,0,No Failure,253.6
5245,M15244,M,298.8,309.25,1768.3,23.1,199.0,2.54,0,0,0,0,0,0,No Failure,72.7
5246,M15245,M,300.86,309.31,1372.1,48.81,33.4,5.42,0,1,0,0,0,1,HDF,11.9
5247,M15246,M,300.7,310.76,1418.7,31.61,242.0,3.04,0,0,0,0,0,0,No Failure,10.9
5248,H15247,H,301.8,312.84,1568.4,32.86,110.5,3.4,0,0,0,0,0,0,No Failure,167.2
5249,L15248,L,298.84,307.63,1395.0,52.75,182.1,2.34,0,0,0,0,0,0,No Failure,54.6
5250,L15249,L,299.08,310.46,1694.6,36.6,113.0,2.33,0,0,0,0,0,0,No Failure,161.6
5251,L15250,L,301.58,310.07,1396.4,45.55,46.9,3.26,0,0,0,0,0,0,No Failure,229.7
5252,H15251,H,300.5,309.71,1602.6,41.81,189.5,2.85,0,0,0,0,0,0,No Failure,61.7
5253,M15252,M,298.19,307.24,1588.9,41.89,72.3,3.24,0,0,0,0,0,0,No Failure,209.0
5254,L15253,L,302.61,313.99,1835.8,32.53,170.6,3.67,0,0,0,0,0,0,No Failure,95.2
5255,H15254,H,296.6,306.11,1746.6,28.04,64.3,1.99,0,0,0,0,0,0,No Failure,224.6
5256,L15255,L,301.57,310.41,1443.2,60.36,60.3,5.27,0,0,1,0,0,1,PWF,10.1
5257,L15256,L,297.47,307.91,1311.7,43.7,114.4,2.14,0,0,0,0,0,0,No Failure,154.9
5258,M15257,M,303.77,314.43,1688.0,37.86,204.1,3.44,0,0,0,0,0,0,No Failure,48.4
5259,L15258,L,296.91,307.58,1421.0,45.3,153.4,1.79,0,0,0,0,0,0,No Failure,103.8
5260,H15259,H,302.3,312.03,1477.9,36.87,16.2,3.05,0,0,0,0,0,0,No Failure,280.2
5261,L15260,L,299.84,310.09,1348.3,41.52,183.5,2.17,0,0,0,0,0,0,No Failure,69.7
5262,H15261,H,299.27,308.62,1659.5,46.57,144.9,2.83,0,0,0,0,0,0,No Failure,112.6
5263,M15262,M,300.37,312.05,1422.3,37.01,155.9,3.26,0,0,0,0,0,0,No Failure,108.6
5264,L15263,L,301.26,312.41,1531.7,42.06,88.4,2.11,0,0,0,0,0,0,No Failure,188.7
5265,H15264,H,298.19,309.27,1534.5,45.37,139.0,1.62,0,0,0,0,0,0,No Failure,122.1
5266,M15265,M,298.37,309.16,1570.9,36.7,93.0,2.34,0,0,0,0,0,0,No Failure,186.0
5267,L15266,L,301.3,311.82,1656.4,35.57,20.4,2.27,0,0,0,0,0,0,No Failure,275.2
5268,L15267,L,296.59,305.34,1494.5,46.84,211.1,1.73,0,0,0,0,0,0,No Failure,23.1
5269,H15268,H,298.83,309.46,1405.3,41.73,169.5,1.29,0,0,0,0,0,0,No Failure,87.0
5270,L15269,L,306.08,316.2,1205.1,35.25,167.6,3.23,0,0,0,0,0,0,No Failure,96.0
5271,L15270,L,298.06,309.33,1556.4,49.08,48.4,3.39,0,0,0,0,0,0,No Failure,237.0
5272,L15271,L,302.3,313.1,1509.9,32.91,165.9,2.14,0,0,0,0,0,0,No Failure,100.5
5273,L15272,L,298.83,309.38,1410.8,44.04,58.0,2.32,0,0,0,0,0,0,No Failure,226.3
5274,M15273,M,301.02,309.33,1549.2,29.51,171.9,2.98,0,0,0,0,0,0,No Failure,83.2
5275,L15274,L,301.31,311.22,1691.2,31.9,83.4,2.99,0,0,0,0,0,0,No Failure,200.2
5276,L15275,L,302.26,311.7,1737.0,31.49,39.4,3.57,0,0,0,0,0,0,No Failure,253.0
5277,L15276,L,299.6,309.85,1263.2,48.72,226.6,6.13,0,0,0,1,0,1,OSF,13.7
5278,L15277,L,303.98,313.56,1473.4,34.58,26.2,1.88,0,0,0,0,0,0,No Failure,268.3
5279,H15278,H,298.82,308.55,1710.0,48.97,190.4,2.97,0,0,0,0,0,0,No Failure,44.5
5280,L15279,L,300.47,310.93,1823.7,33.07,25.4,2.08,0,0,0,0,0,0,No Failure,269.4
5281,H15280,H,300.49,310.06,1391.7,49.28,171.2,2.46,0,0,0,0,0,0,No Failure,76.9
5282,L15281,L,297.76,307.88,1784.7,33.56,27.6,3.17,0,0,0,0,0,0,No Failure,266.7
5283,L15282,L,299.43,307.91,1296.3,53.27,127.2,4.25,0,1,0,0,0,1,HDF,2.0
5284,H15283,H,300.32,309.49,1743.5,19.71,47.0,2.46,0,0,0,0,0,0,No Failure,247.3
5285,L15284,L,299.14,309.79,1487.6,35.4,216.6,1.76,0,0,0,0,0,0,No Failure,36.2
5286,M15285,M,304.88,313.65,1817.7,29.36,100.4,1.91,0,0,0,0,0,0,No Failure,176.9
5287,H15286,H,298.32,309.57,1454.9,37.53,3.9,2.17,0,0,0,0,0,0,No Failure,295.3
5288,L15287,L,302.36,313.33,1482.5,44.1,157.0,3.48,0,0,0,0,0,0,No Failure,100.3
5289,L15288,L,301.71,311.44,1514.1,43.74,111.3,2.52,0,0,0,0,0,0,No Failure,158.8
5290,M15289,M,299.97,312.97,1262.9,46.99,214.9,4.09,0,0,0,0,0,0,No Failure,22.9
5291,L15290,L,298.27,309.51,1222.5,48.73,108.3,3.07,0,0,0,0,0,0,No Failure,159.2
5292,L15291,L,298.46,307.51,1629.3,53.91,102.8,5.49,0,0,1,0,0,1,PWF,1.0
5293,L15292,L,298.96,309.71,1714.9,37.26,113.5,1.84,0,0,0,0,0,0,No Failure,160.4
5294,L15293,L,296.43,306.49,1646.8,20.86,215.0,2.41,0,0,0,0,0,0,No Failure,57.4
5295,M15294,M,297.99,307.22,1313.5,51.07,146.7,1.81,0,0,0,0,0,0,No Failure,107.2
5296,L15295,L,297.04,305.97,1624.0,40.86,167.3,2.31,0,0,0,0,0,0,No Failure,89.2
5297,L15296,L,302.69,313.69,1360.8,52.21,180.1,2.23,0,0,0,0,0,0,No Failure,62.0
5298,M15297,M,301.24,310.64,1611.0,41.43,234.4,5.92,1,0,0,0,0,1,TWF,14.5
5299,L15298,L,301.57,311.47,1740.5,28.14,209.4,3.0,0,0,0,0,0,0,No Failure,54.4
5300,L15299,L,301.18,310.26,1603.8,43.64,231.8,5.49,1,0,0,0,0,1,TWF,10.3
5301,M15300,M,300.33,309.59,1800.9,34.01,85.8,3.01,0,0,0,0,0,0,No Failure,196.2
5302,L15301,L,302.92,312.79,1511.2,47.03,53.7,1.62,0,0,0,0,0,0,No Failure,230.7
5303,M15302,M,298.78,309.17,1499.2,50.86,50.8,2.77,0,0,0,0,0,0,No Failure,233.2
5304,H15303,H,300.21,307.62,1550.1,37.86,214.5,2.24,0,0,0,0,0,0,No Failure,3.8
5305,L15304,L,301.49,311.51,1297.7,52.37,207.6,2.65,0,0,0,0,0,0,No Failure,25.4
5306,M15305,M,297.36,306.61,1465.9,48.17,162.6,3.02,0,0,0,0,0,0,No Failure,89.2
5307,L15306,L,306.19,317.6,1481.6,41.61,15.7,1.64,0,0,0,0,0,0,No Failure,280.2
5308,L15307,L,300.06,313.0,1487.2,54.05,79.5,3.38,0,0,0,0,0,0,No Failure,189.9
5309,H15308,H,300.28,309.92,1586.0,45.15,183.6,2.38,0,0,0,0,0,0,No Failure,65.5
5310,H15309,H,302.51,310.79,1273.0,43.03,62.1,6.81,0,1,0,0,0,1,HDF,2.5
5311,L15310,L,301.83,311.95,1332.9,46.83,156.0,2.54,0,0,0,0,0,0,No Failure,99.0
5312,M15311,M,300.08,309.87,1740.6,40.49,135.7,3.29,0,0,0,0,0,0,No Failure,130.5
5313,H15312,H,300.26,312.23,1178.7,64.34,65.7,2.54,0,0,0,0,0,0,No Failure,208.3
5314,H15313,H,296.99,308.66,1648.3,40.75,233.6,2.66,0,0,0,0,0,0,No Failure,7.8
5315,M15314,M,298.89,309.75,1471.1,42.81,64.2,2.57,0,0,0,0,0,0,No Failure,218.9
5316,L15315,L,301.03,310.45,1566.7,47.14,223.7,5.66,1,0,0,0,0,1,TWF,4.6
5317,L15316,L,300.89,311.57,1816.9,31.49,135.2,2.35,0,0,0,0,0,0,No Failure,138.6
5318,H15317,H,302.44,312.71,1514.5,32.69,23.0,2.64,0,0,0,0,0,0,No Failure,272.4
5319,L15318,L,299.76,310.0,1649.9,41.29,208.4,2.83,0,0,0,0,0,0,No Failure,38.6
5320,M15319,M,297.23,305.67,1548.5,36.1,197.9,2.64,0,0,0,0,0,0,No Failure,47.0
5321,L15320,L,302.11,313.18,1518.4,58.53,207.7,4.85,0,0,1,1,0,1,PWF,14.3
5322,L15321,L,302.87,312.98,1496.3,41.87,159.5,1.59,0,0,0,0,0,0,No Failure,99.4
5323,L15322,L,301.8,311.7,1663.5,41.04,177.9,3.04,0,0,0,0,0,0,No Failure,77.2
5324,H15323,H,299.67,309.07,1407.0,38.24,226.8,4.1,1,0,0,0,0,1,TWF,1.2
5325,L15324,L,302.09,311.3,1335.4,53.78,31.9,1.51,0,0,0,0,0,0,No Failure,257.5
5326,M15325,M,306.86,317.18,1551.3,38.49,20.8,3.61,0,0,0,0,0,0,No Failure,274.3
5327,L15326,L,300.23,308.48,1572.5,37.28,31.3,3.35,0,0,0,0,0,0,No Failure,246.6
5328,L15327,L,297.38,308.17,1211.5,48.82,217.5,4.06,1,0,0,0,0,1,TWF,6.8
5329,L15328,L,298.83,307.77,1536.1,30.02,140.7,3.14,0,0,0,0,0,0,No Failure,132.2
5330,M15329,M,301.25,309.19,1318.4,43.76,44.0,4.45,0,1,0,0,0,1,HDF,1.3
5331,L15330,L,296.79,308.61,1650.2,40.18,35.4,2.22,0,0,0,0,0,0,No Failure,255.8
5332,L15331,L,300.34,309.48,1215.1,38.56,111.4,2.14,0,0,0,0,0,0,No Failure,162.2
5333,L15332,L,300.76,310.04,1882.6,39.02,203.9,2.12,0,0,0,0,0,0,No Failure,47.1
5334,L15333,L,303.07,314.2,1477.5,38.73,201.3,2.34,0,0,0,0,0,0,No Failure,50.7
5335,H15334,H,302.62,314.47,1383.2,45.09,212.8,2.07,0,0,0,0,0,0,No Failure,28.1
5336,H15335,H,301.73,310.2,1487.3,24.7,192.2,0.79,0,0,0,0,0,0,No Failure,67.9
5337,L15336,L,295.67,304.72,1637.6,38.21,15.4,2.39,0,0,0,0,0,0,No Failure,281.0
5338,M15337,M,301.84,310.96,1697.4,28.05,180.0,1.92,0,0,0,0,0,0,No Failure,88.9
5339,H15338,H,301.41,312.35,1488.9,37.84,129.7,2.68,0,0,0,0,0,0,No Failure,140.0
5340,L15339,L,300.51,312.15,1280.5,35.89,181.6,2.36,0,0,0,0,0,0,No Failure,78.3
5341,H15340,H,296.54,305.46,1321.0,39.25,121.1,2.88,0,0,0,0,0,0,No Failure,148.1
5342,H15341,H,298.45,309.86,1589.3,36.61,120.9,2.51,0,0,0,0,0,0,No Failure,151.9
5343,L15342,L,297.67,306.96,1714.7,33.09,31.5,1.74,0,0,0,0,0,0,No Failure,262.0
5344,L15343,L,295.97,306.31,1738.0,40.71,226.3,1.74,0,0,0,0,0,0,No Failure,17.0
5345,H15344,H,299.99,308.72,1568.1,25.19,93.7,1.76,0,0,0,0,0,0,No Failure,186.4
5346,M15345,M,298.4,308.28,1711.1,34.7,145.6,1.98,0,0,0,0,0,0,No Failure,123.3
5347,L15346,L,305.25,315.14,1880.3,31.22,51.8,2.08,0,0,0,0,0,0,No Failure,238.3
5348,L15347,L,299.66,309.35,1751.1,31.06,92.2,3.05,0,0,0,0,0,0,No Failure,190.2
5349,L15348,L,302.59,312.97,1703.0,28.84,217.6,2.61,0,0,0,0,0,0,No Failure,43.7
5350,M15349,M,296.86,305.85,1393.6,50.77,52.4,1.38,0,0,0,0,0,0,No Failure,231.1
5351,M15350,M,298.94,308.06,1710.3,49.42,51.5,1.97,0,0,0,0,0,0,No Failure,224.3
5352,H15351,H,300.19,310.63,1620.6,25.03,65.1,2.48,0,0,0,0,0,0,No Failure,224.8
5353,L15352,L,298.18,309.53,1654.5,29.8,143.7,1.9,0,0,0,0,0,0,No Failure,130.0
5354,M15353,M,299.16,309.13,1763.7,26.99,130.2,2.55,0,0,0,0,0,0,No Failure,148.2
5355,M15354,M,299.56,310.07,1602.2,35.48,43.8,2.0,0,0,0,0,0,0,No Failure,246.6
5356,L15355,L,299.53,310.29,1519.6,48.27,173.0,2.42,0,0,0,0,0,0,No Failure,75.6
5357,L15356,L,303.71,314.54,1346.5,48.25,226.9,2.16,0,0,0,0,0,0,No Failure,5.7
5358,H15357,H,300.76,309.8,1484.9,39.33,49.7,2.57,0,0,0,0,0,0,No Failure,238.3
5359,H15358,H,300.96,310.18,1576.1,38.18,168.2,3.36,0,0,0,0,0,0,No Failure,92.2
5360,L15359,L,301.08,310.39,1587.7,35.56,146.6,3.04,0,0,0,0,0,0,No Failure,121.3
5361,M15360,M,301.23,313.15,1581.7,43.11,82.2,1.85,0,0,0,0,0,0,No Failure,196.0
5362,L15361,L,299.83,310.34,1709.8,41.12,154.5,4.01,0,0,0,0,0,0,No Failure,106.5
5363,M15362,M,299.36,309.82,1692.9,39.58,52.5,3.21,0,0,0,0,0,0,No Failure,234.7
5364,M15363,M,300.33,310.7,1526.9,23.92,208.5,2.09,0,0,0,0,0,0,No Failure,60.8
5365,M15364,M,302.31,310.99,1386.3,43.37,5.6,1.98,0,0,0,0,0,0,No Failure,286.5
5366,H15365,H,302.25,314.19,1606.6,36.04,141.8,2.7,0,0,0,0,0,0,No Failure,126.8
5367,M15366,M,299.52,310.0,1940.1,37.87,79.7,2.92,0,0,0,0,0,0,No Failure,201.7
5368,L15367,L,301.54,312.26,1595.5,39.28,220.3,3.56,0,0,0,0,0,0,No Failure,26.4
5369,M15368,M,299.61,307.85,1485.0,44.3,124.8,2.81,0,0,0,0,0,0,No Failure,125.8
5370,L15369,L,300.07,310.85,1633.9,33.25,200.6,2.1,0,0,0,0,0,0,No Failure,58.3
5371,L15370,L,299.05,308.7,1644.6,43.06,231.0,2.2,0,0,0,0,0,0,No Failure,7.8
5372,L15371,L,299.64,308.31,1642.7,45.16,83.6,2.88,0,0,0,0,0,0,No Failure,186.7
5373,L15372,L,302.68,311.73,1783.7,22.25,220.1,1.7,0,0,0,0,0,0,No Failure,49.8
5374,M15373,M,300.18,308.92,1607.1,28.26,181.6,3.4,0,0,0,0,0,0,No Failure,81.6
5375,L15374,L,300.27,308.99,1775.2,39.14,27.0,2.17,0,0,0,0,0,0,No Failure,260.8
5376,M15375,M,297.11,307.17,1579.2,36.79,26.0,3.08,0,0,0,0,0,0,No Failure,268.1
5377,M15376,M,299.38,308.99,1808.7,40.37,204.3,3.22,0,0,0,0,0,0,No Failure,44.9
5378,L15377,L,299.52,309.85,1754.0,35.9,117.1,4.33,0,0,0,0,0,0,No Failure,157.1
5379,H15378,H,298.34,310.02,1703.0,40.08,123.8,2.32,0,0,0,0,0,0,No Failure,145.7
5380,L15379,L,300.04,309.91,1679.3,30.5,222.8,2.33,0,0,0,0,0,0,No Failure,35.4
5381,L15380,L,299.14,306.9,1950.0,33.15,226.0,2.3,0,0,0,0,0,0,No Failure,3.1
5382,M15381,M,300.16,309.92,1730.7,37.07,28.2,2.6,0,0,0,0,0,0,No Failure,265.4
5383,L15382,L,300.24,311.44,1386.0,38.47,93.4,2.11,0,0,0,0,0,0,No Failure,184.5
5384,L15383,L,298.09,308.0,1582.0,44.94,223.8,3.23,0,0,0,0,0,0,No Failure,14.3
5385,M15384,M,299.2,310.73,1490.6,26.98,205.0,3.1,0,0,0,0,0,0,No Failure,61.0
5386,M15385,M,300.15,310.61,1907.5,32.91,180.3,2.35,0,0,0,0,0,0,No Failure,83.2
5387,L15386,L,302.37,310.53,1762.0,24.99,25.5,2.07,0,0,0,0,0,0,No Failure,253.8
5388,H15387,H,300.51,310.62,1901.7,24.39,155.3,2.24,0,0,0,0,0,0,No Failure,121.4
5389,M15388,M,298.68,308.97,1402.0,49.7,145.5,2.22,0,0,0,0,0,0,No Failure,110.0
5390,H15389,H,300.8,311.88,1735.2,26.88,41.8,2.8,0,0,0,0,0,0,No Failure,251.3
5391,L15390,L,303.42,315.23,1293.7,38.38,193.5,2.62,0,0,0,0,0,0,No Failure,60.8
5392,M15391,M,301.83,312.74,1253.0,51.95,78.0,2.99,0,0,0,0,0,0,No Failure,197.1
5393,H15392,H,301.1,311.54,1466.9,33.13,155.2,3.39,0,0,0,0,0,0,No Failure,113.2
5394,M15393,M,301.45,312.13,1808.7,40.3,90.5,2.68,0,0,0,0,0,0,No Failure,187.1
5395,M15394,M,302.88,312.71,1360.3,48.62,21.1,2.86,0,0,0,0,0,0,No Failure,272.6
5396,L15395,L,302.15,310.69,1535.0,33.64,131.2,3.97,0,0,0,0,0,0,No Failure,132.4
5397,L15396,L,301.13,311.18,1750.8,41.13,76.7,2.84,0,0,0,0,0,0,No Failure,203.9
5398,L15397,L,302.14,312.5,1689.5,21.94,17.8,2.21,0,0,0,0,0,0,No Failure,279.8
5399,L15398,L,297.84,306.63,1934.7,34.32,49.6,2.46,0,0,0,0,0,0,No Failure,235.8
5400,H15399,H,297.0,308.32,1538.6,30.27,154.7,1.5,0,0,0,0,0,0,No Failure,116.5
5401,L15400,L,300.31,311.32,1458.9,37.46,25.3,2.83,0,0,0,0,0,0,No Failure,268.8
5402,H15401,H,300.14,308.77,1342.1,41.5,21.9,2.17,0,0,0,0,0,0,No Failure,265.1
5403,H15402,H,298.91,310.28,1472.1,49.73,236.0,4.34,1,0,0,0,0,1,TWF,8.0
5404,L15403,L,301.65,311.34,1340.5,41.25,26.9,1.98,0,0,0,0,0,0,No Failure,266.3
5405,L15404,L,296.27,305.5,1216.4,48.77,94.0,3.19,0,0,0,0,0,0,No Failure,177.8
5406,H15405,H,298.93,310.01,1889.4,28.69,33.4,2.34,0,0,0,0,0,0,No Failure,260.8
5407,H15406,H,299.03,308.98,1546.8,31.91,234.8,2.96,0,0,0,0,0,0,No Failure,19.1
5408,L15407,L,296.73,308.63,2001.9,22.76,120.3,2.73,0,0,0,0,0,0,No Failure,162.9
5409,L15408,L,302.99,312.14,1387.8,45.4,27.8,2.62,0,0,0,0,0,0,No Failure,264.5
5410,M15409,M,297.28,305.55,1461.2,40.88,192.2,2.27,0,0,0,0,0,0,No Failure,44.8
5411,M15410,M,298.82,308.54,1399.2,48.22,195.2,2.8,0,0,0,0,0,0,No Failure,46.9
5412,L15411,L,301.82,312.61,1423.3,40.46,225.3,4.67,1,0,0,0,0,1,TWF,1.0
5413,M15412,M,301.29,310.36,1694.4,33.94,176.4,2.59,0,0,0,0,0,0,No Failure,86.7
5414,L15413,L,297.78,306.45,1639.4,41.96,13.7,3.16,0,0,0,0,0,0,No Failure,276.2
5415,L15414,L,301.36,311.59,1694.7,32.8,137.6,3.29,0,0,0,0,0,0,No Failure,134.7
5416,L15415,L,300.58,309.12,1778.3,23.66,96.0,2.24,0,0,0,0,0,0,No Failure,180.7
5417,L15416,L,304.67,314.97,1736.2,40.49,187.1,2.72,0,0,0,0,0,0,No Failure,66.2
5418,L15417,L,300.81,310.47,1357.5,39.46,147.7,2.85,0,0,0,0,0,0,No Failure,116.4
5419,L15418,L,299.72,310.21,1444.2,42.01,181.3,2.64,0,0,0,0,0,0,No Failure,71.8
5420,L15419,L,298.29,306.9,1559.7,34.08,45.1,2.96,0,0,0,0,0,0,No Failure,237.8
5421,L15420,L,298.51,309.81,2205.3,20.4,109.3,2.96,0,0,0,0,0,0,No Failure,177.0
5422,L15421,L,298.35,308.17,1676.3,22.5,108.0,3.6,0,0,0,0,0,0,No Failure,177.0
5423,H15422,H,302.74,313.51,1557.1,40.91,245.2,3.79,0,0,0,0,0,0,No Failure,1.0
5424,L15423,L,300.04,311.0,1658.5,12.42,4.8,4.08,0,0,1,0,0,1,PWF,1.0
5425,L15424,L,301.13,309.97,1430.0,51.05,204.0,3.5,0,0,0,0,0,0,No Failure,28.8
5426,M15425,M,303.03,313.91,1585.0,45.08,24.3,2.76,0,0,0,0,0,0,No Failure,269.0
5427,H15426,H,295.28,303.86,1708.9,28.74,20.1,2.39,0,0,0,0,0,0,No Failure,267.8
5428,L15427,L,302.56,311.19,1532.8,50.26,82.0,2.86,0,0,0,0,0,0,No Failure,184.5
5429,M15428,M,300.11,312.07,1402.6,57.2,175.2,2.36,0,0,0,0,0,0,No Failure,59.1
5430,M15429,M,300.87,311.98,1524.1,37.46,169.6,2.47,0,0,0,0,0,0,No Failure,91.3
5431,M15430,M,298.34,310.42,1480.8,43.4,157.0,1.84,0,0,0,0,0,0,No Failure,101.1
5432,L15431,L,298.49,308.12,1295.1,47.28,193.6,2.55,0,0,0,0,0,0,No Failure,50.0
5433,M15432,M,300.98,311.08,1435.7,52.39,58.1,3.06,0,0,0,0,0,0,No Failure,223.2
5434,L15433,L,304.77,315.3,1288.7,36.81,158.5,2.93,0,0,0,0,0,0,No Failure,105.6
5435,M15434,M,302.01,311.99,1316.6,43.98,159.5,2.72,0,0,0,0,0,0,No Failure,97.3
5436,M15435,M,302.53,311.78,1333.8,51.42,163.6,3.54,0,0,0,0,0,0,No Failure,84.7
5437,L15436,L,299.62,308.72,1708.7,40.81,148.6,3.78,0,0,0,0,0,0,No Failure,114.1
5438,H15437,H,298.8,309.01,1804.6,32.95,55.4,2.8,0,0,0,0,0,0,No Failure,233.4
5439,L15438,L,298.44,307.37,1263.0,57.25,228.6,5.73,0,0,0,1,0,1,OSF,12.6
5440,H15439,H,299.02,307.93,1820.9,34.59,244.0,2.71,0,0,0,0,0,0,No Failure,2.2
5441,L15440,L,295.89,306.29,1336.3,45.69,172.3,2.55,0,0,0,0,0,0,No Failure,79.3
5442,L15441,L,298.55,308.46,1671.7,40.77,111.0,3.08,0,0,0,0,0,0,No Failure,161.1
5443,L15442,L,298.88,309.82,1584.3,37.45,134.3,2.46,0,0,0,0,0,0,No Failure,134.8
5444,H15443,H,299.65,309.22,1651.8,36.68,27.1,1.08,0,0,0,0,0,0,No Failure,266.8
5445,L15444,L,300.26,309.68,1329.3,39.62,90.8,2.34,0,0,0,0,0,0,No Failure,187.0
5446,L15445,L,300.72,311.15,1213.6,69.97,244.0,4.44,1,0,0,1,0,1,TWF,13.2
5447,L15446,L,299.97,309.16,1394.3,39.72,136.9,2.27,0,0,0,0,0,0,No Failure,129.6
5448,M15447,M,298.84,308.18,1614.4,42.27,140.2,2.17,0,0,0,0,0,0,No Failure,123.4
5449,M15448,M,296.07,305.45,1888.3,45.14,238.5,4.22,1,0,0,0,0,1,TWF,7.8
5450,L15449,L,298.85,308.64,1353.7,34.92,221.6,4.18,1,0,0,0,0,1,TWF,9.7
5451,L15450,L,298.06,309.83,1520.3,43.74,142.2,1.78,0,0,0,0,0,0,No Failure,119.5
5452,L15451,L,300.93,309.56,1403.9,42.9,67.2,2.11,0,0,0,0,0,0,No Failure,207.5
5453,L15452,L,301.82,313.11,1534.9,51.65,29.2,2.28,0,0,0,0,0,0,No Failure,258.4
5454,L15453,L,301.88,312.61,1192.4,43.95,215.9,2.32,0,0,0,0,0,0,No Failure,25.7
5455,M15454,M,301.51,313.08,1806.1,27.95,230.0,2.66,0,0,0,0,0,0,No Failure,30.4
5456,L15455,L,299.73,312.87,1542.3,38.55,123.6,2.92,0,0,0,0,0,0,No Failure,147.1
5457,L15456,L,298.96,310.39,1702.2,31.79,23.6,1.89,0,0,0,0,0,0,No Failure,271.7
5458,L15457,L,298.51,309.43,1496.4,36.88,151.6,1.98,0,0,0,0,0,0,No Failure,114.0
5459,H15458,H,296.99,305.67,1572.1,52.36,91.9,3.5,0,0,0,0,0,0,No Failure,166.1
5460,H15459,H,301.98,310.8,1740.1,35.37,39.5,2.95,0,0,0,0,0,0,No Failure,248.2
5461,H15460,H,299.65,310.01,1561.6,32.93,229.8,4.34,1,0,0,0,0,1,TWF,6.8
5462,L15461,L,297.51,305.81,1568.0,35.53,59.9,1.75,0,0,0,0,0,0,No Failure,213.1
5463,L15462,L,298.35,308.96,1395.9,45.82,177.8,2.2,0,0,0,0,0,0,No Failure,72.1
5464,L15463,L,298.27,306.13,1442.3,43.96,107.3,2.35,0,0,0,0,0,0,No Failure,140.9
5465,L15464,L,300.09,311.24,1356.7,40.18,207.0,2.91,0,0,0,0,0,0,No Failure,41.8
5466,M15465,M,302.13,311.81,1405.9,31.28,175.2,1.12,0,0,0,0,0,0,No Failure,91.1
5467,M15466,M,299.3,309.43,1762.0,33.7,30.8,1.92,0,0,0,0,0,0,No Failure,262.8
5468,H15467,H,295.49,304.75,1861.7,31.68,112.4,3.58,0,0,0,0,0,0,No Failure,165.7
5469,H15468,H,299.62,307.72,1314.7,41.11,64.9,4.1,0,1,0,0,0,1,HDF,1.0
5470,L15469,L,299.69,310.92,1608.7,46.25,178.4,2.54,0,0,0,0,0,0,No Failure,70.8
5471,M15470,M,299.55,310.89,1481.1,44.53,136.2,2.16,0,0,0,0,0,0,No Failure,126.5
5472,L15471,L,298.75,308.39,1788.1,34.5,85.0,2.97,0,0,0,0,0,0,No Failure,196.9
5473,L15472,L,300.43,311.1,1562.1,35.88,82.4,1.42,0,0,0,0,0,0,No Failure,199.4
5474,M15473,M,300.13,309.74,1536.7,51.18,28.6,2.25,0,0,0,0,0,0,No Failure,260.0
5475,L15474,L,299.95,310.24,1404.7,34.63,53.5,1.25,0,0,0,0,0,0,No Failure,235.2
5476,L15475,L,300.83,311.58,1263.8,44.0,178.4,2.49,0,0,0,0,0,0,No Failure,73.3
5477,L15476,L,299.14,309.7,1674.2,32.67,152.5,2.23,0,0,0,0,0,0,No Failure,116.9
5478,M15477,M,299.03,310.37,1601.2,39.57,88.9,1.52,0,0,0,0,0,0,No Failure,189.5
5479,M15478,M,302.76,313.28,1605.6,42.0,209.0,3.11,0,0,0,0,0,0,No Failure,36.9
5480,L15479,L,301.12,311.15,1430.7,32.58,121.1,2.91,0,0,0,0,0,0,No Failure,154.6
5481,H15480,H,301.65,310.89,1511.9,34.89,198.6,3.12,0,0,0,0,0,0,No Failure,58.7
5482,L15481,L,302.45,311.97,1679.6,38.86,195.3,1.6,0,0,0,0,0,0,No Failure,58.0
5483,L15482,L,301.05,311.86,1713.8,30.35,212.0,1.9,0,0,0,0,0,0,No Failure,48.4
5484,M15483,M,301.86,310.35,1327.1,42.4,212.4,4.77,0,1,0,0,0,1,HDF,3.8
5485,M15484,M,296.84,307.95,1424.6,43.32,169.8,2.99,0,0,0,0,0,0,No Failure,85.0
5486,H15485,H,300.41,310.13,1289.2,39.68,187.4,3.34,0,0,0,0,0,0,No Failure,66.9
5487,L15486,L,299.63,308.82,1574.0,40.06,194.2,2.36,0,0,0,0,0,0,No Failure,57.9
5488,M15487,M,303.36,312.26,1696.3,39.66,42.3,2.43,0,0,0,0,0,0,No Failure,245.4
5489,M15488,M,301.86,312.53,1488.1,40.59,75.1,2.87,0,0,0,0,0,0,No Failure,206.2
5490,H15489,H,298.74,308.72,1419.3,52.25,26.1,1.69,0,0,0,0,0,0,No Failure,265.6
5491,L15490,L,300.75,312.33,1478.0,45.67,47.3,2.62,0,0,0,0,0,0,No Failure,239.4
5492,M15491,M,300.34,309.07,1950.8,30.47,194.6,4.02,0,0,0,0,0,0,No Failure,63.7
5493,M15492,M,300.91,310.33,1751.4,32.01,236.8,2.29,0,0,0,0,0,0,No Failure,16.6
5494,L15493,L,297.96,307.87,1668.8,48.24,168.4,1.54,0,0,0,0,0,0,No Failure,77.3
5495,L15494,L,300.72,309.97,1595.3,32.98,221.5,5.64,1,0,0,0,0,1,TWF,4.6
5496,L15495,L,299.54,309.55,1535.7,37.16,79.5,1.96,0,0,0,0,0,0,No Failure,202.3
5497,M15496,M,300.56,310.88,1375.7,40.75,211.4,2.44,0,0,0,0,0,0,No Failure,35.5
5498,H15497,H,298.55,309.04,1348.0,47.3,84.7,3.15,0,0,0,0,0,0,No Failure,190.7
5499,M15498,M,298.83,310.34,1436.3,57.56,223.5,5.19,1,0,0,1,0,1,TWF,7.8
5500,M15499,M,302.35,311.04,1367.3,45.61,199.5,2.21,0,0,0,0,0,0,No Failure,38.4
5501,M15500,M,297.9,308.23,1429.2,39.73,245.9,6.3,1,0,0,0,0,1,TWF,1.0
5502,L15501,L,298.04,307.4,1519.8,40.8,206.8,1.5,0,0,0,0,0,0,No Failure,41.3
5503,L15502,L,299.9,310.33,1533.5,29.94,99.6,2.62,0,0,0,0,0,0,No Failure,182.1
5504,L15503,L,298.46,308.89,1427.0,40.73,27.5,2.27,0,0,0,0,0,0,No Failure,265.6
5505,L15504,L,298.23,307.24,1626.6,48.81,218.6,1.08,0,0,0,0,0,0,No Failure,12.6
5506,L15505,L,300.21,309.31,1504.2,44.52,142.8,1.77,0,0,0,0,0,0,No Failure,118.1
5507,M15506,M,296.99,307.5,1576.4,46.68,214.5,2.49,0,0,0,0,0,0,No Failure,23.8
5508,L15507,L,297.98,308.01,1404.7,49.81,96.8,2.95,0,0,0,0,0,0,No Failure,173.6
5509,L15508,L,304.11,313.89,1662.0,31.14,7.2,2.51,0,0,0,0,0,0,No Failure,291.4
5510,L15509,L,300.92,311.58,1442.3,54.99,13.1,2.32,0,0,0,0,0,0,No Failure,279.4
5511,L15510,L,298.51,309.24,1825.9,20.43,167.6,2.99,0,0,0,0,0,0,No Failure,111.3
5512,H15511,H,300.84,310.31,1497.7,42.39,28.6,2.66,0,0,0,0,0,0,No Failure,263.9
5513,H15512,H,301.13,310.28,1521.1,25.03,186.4,3.1,0,0,0,0,0,0,No Failure,84.9
5514,M15513,M,301.99,310.73,1644.3,24.5,104.9,2.84,0,0,0,0,0,0,No Failure,174.1
5515,L15514,L,299.75,309.78,1683.3,42.19,140.8,2.07,0,0,0,0,0,0,No Failure,122.7
5516,M15515,M,301.95,310.53,1702.6,30.4,200.3,2.9,0,0,0,0,0,0,No Failure,53.8
5517,H15516,H,295.92,306.02,1855.8,41.04,63.3,3.08,0,0,0,0,0,0,No Failure,220.8
5518,M15517,M,297.89,309.1,1656.5,21.0,103.2,3.34,0,0,0,0,0,0,No Failure,183.4
5519,L15518,L,300.33,309.97,1526.0,38.7,182.4,2.18,0,0,0,0,0,0,No Failure,74.2
5520,M15519,M,300.66,310.12,1443.2,33.06,229.6,2.28,0,0,0,0,0,0,No Failure,23.7
5521,H15520,H,298.18,310.17,1514.0,37.33,72.6,3.03,0,0,0,0,0,0,No Failure,210.8
5522,M15521,M,300.52,312.03,1803.6,44.1,155.7,3.0,0,0,0,0,0,0,No Failure,98.8
5523,M15522,M,298.75,307.99,1289.7,59.06,237.8,4.07,1,0,0,1,0,1,TWF,8.7
5524,L15523,L,299.45,309.59,1391.4,46.71,162.2,2.1,0,0,0,0,0,0,No Failure,91.2
5525,M15524,M,302.05,312.38,1498.8,28.87,223.2,2.24,0,0,0,0,0,0,No Failure,37.1
5526,L15525,L,301.82,312.02,1389.0,34.75,234.9,5.23,1,0,0,0,0,1,TWF,2.9
5527,M15526,M,298.01,309.82,1464.8,42.08,232.3,4.55,1,0,0,0,0,1,TWF,13.0
5528,L15527,L,297.89,307.97,1861.3,26.59,189.6,2.75,0,0,0,0,0,0,No Failure,79.3
5529,L15528,L,299.18,309.41,1484.6,45.02,138.0,1.46,0,0,0,0,0,0,No Failure,123.7
5530,L15529,L,299.95,310.64,1611.7,48.96,24.2,2.0,0,0,0,0,0,0,No Failure,265.9
5531,M15530,M,298.68,309.87,1241.2,41.46,55.7,2.61,0,0,0,0,0,0,No Failure,230.1
5532,L15531,L,302.08,313.02,1340.7,38.49,63.9,1.95,0,0,0,0,0,0,No Failure,220.9
5533,M15532,M,300.69,311.23,1705.0,26.93,8.3,2.25,0,0,0,0,0,0,No Failure,290.3
5534,M15533,M,300.81,309.25,1836.6,30.89,25.5,2.42,0,0,0,0,0,0,No Failure,258.5
5535,L15534,L,297.47,306.98,1577.6,38.4,73.7,3.77,0,0,0,0,0,0,No Failure,208.9
5536,L15535,L,302.33,313.15,1483.2,40.6,22.7,1.72,0,0,0,0,0,0,No Failure,271.6
5537,L15536,L,294.36,304.61,1626.8,43.17,42.4,2.64,0,0,0,0,0,0,No Failure,246.4
5538,H15537,H,301.67,312.49,1100.0,57.3,13.6,1.89,0,0,0,0,0,0,No Failure,281.6
5539,M15538,M,301.87,313.76,1579.0,37.59,104.1,1.86,0,0,0,0,0,0,No Failure,171.8
5540,L15539,L,299.14,307.96,1350.7,44.71,205.3,1.97,0,0,0,0,0,0,No Failure,34.6
5541,L15540,L,302.55,313.68,1680.1,36.31,203.1,2.41,0,0,0,0,0,0,No Failure,51.6
5542,M15541,M,299.87,309.54,1145.6,51.97,226.2,6.16,1,0,0,0,0,1,TWF,14.2
5543,H15542,H,300.12,311.06,1425.5,37.35,186.4,3.2,0,0,0,0,0,0,No Failure,70.8
5544,H15543,H,300.68,310.64,1530.7,30.78,61.1,2.23,0,0,0,0,0,0,No Failure,227.3
5545,M15544,M,306.37,318.5,1401.6,43.8,175.6,2.34,0,0,0,0,0,0,No Failure,77.1
5546,L15545,L,302.69,312.82,1470.8,37.3,188.5,2.85,0,0,0,0,0,0,No Failure,68.3
5547,L15546,L,301.4,310.76,1699.9,38.97,135.8,2.53,0,0,0,0,0,0,No Failure,131.7
5548,L15547,L,298.17,308.59,1533.6,39.63,201.8,2.12,0,0,0,0,0,0,No Failure,49.0
5549,L15548,L,300.29,310.61,1371.4,43.85,17.8,2.9,0,0,0,0,0,0,No Failure,277.4
5550,L15549,L,298.37,309.51,1706.3,42.05,148.7,3.47,0,0,0,0,0,0,No Failure,112.8
5551,L15550,L,301.64,312.09,1582.9,28.07,120.0,3.14,0,0,0,0,0,0,No Failure,159.3
5552,L15551,L,300.28,312.76,1590.4,50.11,201.3,3.31,0,0,0,0,0,0,No Failure,33.2
5553,H15552,H,297.75,307.64,1378.2,28.24,32.0,2.42,0,0,0,0,0,0,No Failure,262.5
5554,M15553,M,300.16,310.06,1100.0,64.7,53.2,1.85,0,0,0,0,0,0,No Failure,225.7
5555,H15554,H,298.3,307.7,1375.8,45.02,139.7,1.3,0,0,0,0,0,0,No Failure,121.6
5556,M15555,M,300.3,310.39,1357.6,40.53,236.8,3.67,1,0,0,0,0,1,TWF,3.9
5557,L15556,L,298.28,308.51,1428.2,31.71,20.8,2.38,0,0,0,0,0,0,No Failure,275.1
5558,M15557,M,300.05,310.34,1387.3,39.05,185.8,2.8,0,0,0,0,0,0,No Failure,69.5
5559,L15558,L,301.5,311.57,1558.2,37.36,51.3,3.01,0,0,0,0,0,0,No Failure,236.8
5560,M15559,M,299.89,309.28,1695.7,36.75,26.4,2.65,0,0,0,0,0,0,No Failure,267.7
5561,L15560,L,299.22,308.34,1730.6,44.79,98.7,2.07,0,0,0,0,0,0,No Failure,172.9
5562,H15561,H,300.41,310.03,1687.9,36.06,145.8,2.89,0,0,0,0,0,0,No Failure,121.9
5563,L15562,L,301.39,312.54,1377.3,45.8,206.8,1.78,0,0,0,0,0,0,No Failure,35.0
5564,L15563,L,297.79,309.14,1548.5,41.2,158.7,1.84,0,0,0,0,0,0,No Failure,101.1
5565,H15564,H,300.52,310.44,1818.2,30.71,122.9,2.87,0,0,0,0,0,0,No Failure,153.9
5566,L15565,L,302.64,311.69,1254.3,46.49,71.4,1.76,0,0,0,0,0,0,No Failure,208.2
5567,M15566,M,301.15,311.07,1779.3,32.97,73.1,2.04,0,0,0,0,0,0,No Failure,212.0
5568,M15567,M,300.12,312.21,1359.7,48.51,192.6,1.91,0,0,0,0,0,0,No Failure,49.8
5569,H15568,H,301.28,312.28,1590.6,31.33,28.5,2.6,0,0,0,0,0,0,No Failure,266.0
5570,H15569,H,300.9,311.46,1611.9,33.68,36.6,2.85,0,0,0,0,0,0,No Failure,255.8
5571,H15570,H,301.51,312.47,1572.0,40.66,179.9,2.87,0,0,0,0,0,0,No Failure,75.0
5572,L15571,L,295.95,307.49,1936.9,23.44,240.3,5.4,1,0,0,0,0,1,TWF,2.2
5573,H15572,H,296.89,305.74,1484.2,41.22,30.1,2.4,0,0,0,0,0,0,No Failure,259.3
5574,M15573,M,302.01,311.62,1244.5,44.39,152.4,2.94,0,0,0,0,0,0,No Failure,106.0
5575,M15574,M,296.99,306.46,1601.8,40.99,59.8,2.18,0,0,0,0,0,0,No Failure,225.1
5576,L15575,L,300.8,311.39,1507.6,49.42,6.4,1.95,0,0,0,0,0,0,No Failure,291.6
5577,M15576,M,299.3,309.46,1637.3,32.83,208.1,2.12,0,0,0,0,0,0,No Failure,49.9
5578,H15577,H,298.01,308.76,1695.9,40.68,127.2,2.14,0,0,0,0,0,0,No Failure,141.0
5579,H15578,H,300.7,310.19,1532.0,40.57,6.0,2.52,0,0,0,0,0,0,No Failure,292.5
5580,L15579,L,300.4,311.77,1616.1,34.44,223.9,2.48,0,0,0,0,0,0,No Failure,28.7
5581,L15580,L,304.22,314.15,1563.8,38.41,133.9,2.4,0,0,0,0,0,0,No Failure,134.4
5582,L15581,L,298.75,309.44,1858.7,41.37,184.3,2.02,0,0,0,0,0,0,No Failure,68.3
5583,H15582,H,302.88,314.08,1471.7,39.57,105.9,1.94,0,0,0,0,0,0,No Failure,168.3
5584,M15583,M,300.7,311.82,1415.0,51.57,46.2,2.89,0,0,0,0,0,0,No Failure,239.1
5585,L15584,L,298.68,309.04,1695.7,34.54,116.4,2.71,0,0,0,0,0,0,No Failure,158.9
5586,L15585,L,301.6,312.42,1371.7,33.86,71.9,2.24,0,0,0,0,0,0,No Failure,213.1
5587,L15586,L,301.13,312.87,1608.2,36.28,74.2,2.47,0,0,0,0,0,0,No Failure,209.3
5588,L15587,L,300.07,310.59,1507.6,29.37,161.0,3.23,0,0,0,0,0,0,No Failure,109.9
5589,H15588,H,300.53,309.8,1519.9,37.25,23.5,2.46,0,0,0,0,0,0,No Failure,271.1
5590,M15589,M,298.81,309.39,1974.3,27.9,99.3,2.5,0,0,0,0,0,0,No Failure,183.7
5591,L15590,L,298.35,308.31,1758.9,46.83,136.7,3.42,0,0,0,0,0,0,No Failure,117.7
5592,M15591,M,301.52,309.17,1720.9,46.13,177.5,3.14,0,0,0,0,0,0,No Failure,42.1
5593,L15592,L,299.55,310.01,1633.0,37.34,158.2,2.12,0,0,0,0,0,0,No Failure,105.4
5594,H15593,H,299.84,309.96,1414.2,50.91,221.6,3.14,0,0,0,0,0,0,No Failure,9.0
5595,L15594,L,300.56,311.72,1584.8,35.08,248.1,4.49,1,0,0,0,0,1,TWF,3.3
5596,L15595,L,300.53,309.78,1642.4,26.54,234.4,4.09,1,0,0,0,0,1,TWF,3.7
5597,L15596,L,297.14,305.64,1573.6,41.82,191.0,3.28,0,0,0,0,0,0,No Failure,49.7
5598,M15597,M,302.57,312.74,1555.0,41.12,171.5,2.07,0,0,0,0,0,0,No Failure,85.1
5599,M15598,M,300.24,310.62,1466.9,34.34,8.9,2.19,0,0,0,0,0,0,No Failure,289.3
5600,M15599,M,299.59,309.69,1586.9,31.56,133.4,2.27,0,0,0,0,0,0,No Failure,140.7
5601,L15600,L,300.86,310.88,1443.9,48.13,165.9,3.72,0,0,0,0,0,0,No Failure,84.9
5602,L15601,L,300.47,309.4,1663.9,24.27,103.2,1.93,0,0,0,0,0,0,No Failure,180.0
5603,L15602,L,301.53,311.4,1177.2,54.88,96.2,2.14,0,0,0,0,0,0,No Failure,171.3
5604,M15603,M,301.08,310.73,1781.2,31.48,135.6,2.29,0,0,0,0,0,0,No Failure,138.1
5605,L15604,L,301.44,312.51,1303.2,49.96,226.7,6.31,0,0,0,1,0,1,OSF,5.8
5606,M15605,M,302.7,313.08,1347.0,51.46,65.2,2.46,0,0,0,0,0,0,No Failure,214.1
5607,H15606,H,301.77,311.49,1611.2,31.12,99.8,2.1,0,0,0,0,0,0,No Failure,181.1
5608,H15607,H,299.68,311.4,1634.6,28.72,163.3,2.87,0,0,0,0,0,0,No Failure,107.9
5609,L15608,L,297.75,307.49,1910.0,41.68,46.5,3.31,0,0,0,0,0,0,No Failure,238.2
5610,L15609,L,303.34,313.89,1591.0,37.31,208.7,1.53,0,0,0,0,0,0,No Failure,43.3
5611,L15610,L,299.52,309.36,1530.8,41.49,166.5,2.09,0,0,0,0,0,0,No Failure,91.0
5612,M15611,M,299.05,310.68,1572.2,44.54,88.1,2.81,0,0,0,0,0,0,No Failure,187.8
5613,H15612,H,296.53,306.61,1822.7,26.19,180.5,1.76,0,0,0,0,0,0,No Failure,90.4
5614,L15613,L,300.68,310.79,1972.0,36.74,69.8,2.41,0,0,0,0,0,0,No Failure,214.4
5615,L15614,L,300.3,310.16,1504.9,44.35,193.6,3.26,0,0,0,0,0,0,No Failure,53.5
5616,H15615,H,296.97,307.17,1635.2,46.98,17.7,2.87,0,0,0,0,0,0,No Failure,276.8
5617,H15616,H,300.91,312.11,1524.7,49.52,106.7,2.81,0,0,0,0,0,0,No Failure,160.8
5618,L15617,L,299.0,309.85,1521.1,39.89,65.4,2.95,0,0,0,0,0,0,No Failure,218.5
5619,M15618,M,305.38,315.41,1874.4,37.28,204.2,2.69,0,0,0,0,0,0,No Failure,49.0
5620,L15619,L,298.86,310.56,1372.3,44.03,188.2,2.3,0,0,0,0,0,0,No Failure,60.8
5621,L15620,L,299.13,310.0,1120.2,54.58,210.5,6.36,0,0,0,1,0,1,OSF,2.1
5622,H15621,H,298.25,307.81,1594.8,29.72,162.9,2.21,0,0,0,0,0,0,No Failure,107.3
5623,H15622,H,302.56,311.18,1753.0,32.66,198.8,2.4,0,0,0,0,0,0,No Failure,53.6
5624,M15623,M,299.25,308.84,1577.4,25.47,109.7,1.51,0,0,0,0,0,0,No Failure,173.1
5625,L15624,L,298.55,308.96,1627.9,35.9,169.5,2.21,0,0,0,0,0,0,No Failure,93.0
5626,H15625,H,301.41,312.01,1672.7,45.11,7.8,2.55,0,0,0,0,0,0,No Failure,290.1
5627,L15626,L,297.24,308.6,1557.9,43.96,220.2,2.52,0,0,0,0,0,0,No Failure,20.3
5628,L15627,L,301.25,310.16,1637.6,37.43,171.2,3.05,0,0,0,0,0,0,No Failure,87.5
5629,M15628,M,303.56,313.12,1634.6,35.29,216.5,2.24,0,0,0,0,0,0,No Failure,36.5
5630,L15629,L,301.13,309.96,1187.4,46.75,192.7,2.26,0,0,0,0,0,0,No Failure,48.3
5631,M15630,M,301.28,309.94,1558.4,32.07,71.6,2.18,0,0,0,0,0,0,No Failure,207.5
5632,M15631,M,301.74,311.11,1256.5,53.48,68.2,2.64,0,0,0,0,0,0,No Failure,209.3
5633,L15632,L,303.42,313.79,1531.2,28.44,199.9,3.43,0,0,0,0,0,0,No Failure,65.1
5634,L15633,L,302.42,313.19,1449.3,30.49,46.2,1.11,0,0,0,0,0,0,No Failure,245.2
5635,L15634,L,300.88,309.93,1723.1,41.15,27.7,2.21,0,0,0,0,0,0,No Failure,265.3
5636,L15635,L,301.81,311.0,1581.7,39.39,3.8,2.29,0,0,0,0,0,0,No Failure,295.3
5637,M15636,M,298.23,306.45,1622.7,37.29,74.6,1.22,0,0,0,0,0,0,No Failure,192.7
5638,H15637,H,301.55,311.77,1503.7,41.35,24.8,2.43,0,0,0,0,0,0,No Failure,268.9
5639,L15638,L,297.99,307.26,1726.3,48.83,200.4,2.29,0,0,0,0,0,0,No Failure,31.1
5640,L15639,L,299.27,310.93,1252.1,48.31,121.1,2.24,0,0,0,0,0,0,No Failure,142.8
5641,M15640,M,293.83,304.24,1377.7,45.6,63.1,1.84,0,0,0,0,0,0,No Failure,219.2
5642,H15641,H,300.8,310.63,1768.2,48.34,150.5,2.45,0,0,0,0,0,0,No Failure,95.2
5643,L15642,L,298.71,308.07,1460.0,40.65,17.6,1.8,0,0,0,0,0,0,No Failure,278.0
5644,L15643,L,302.22,310.73,1153.9,64.08,181.5,4.0,0,1,0,1,0,1,HDF,9.9
5645,M15644,M,300.78,309.41,1798.0,18.62,125.3,2.38,0,0,0,0,0,0,No Failure,152.9
5646,L15645,L,302.25,311.63,1730.8,26.53,1.6,3.11,0,0,0,0,0,0,No Failure,298.1
5647,L15646,L,297.83,307.13,1665.3,31.35,79.8,2.75,0,0,0,0,0,0,No Failure,204.8
5648,M15647,M,302.08,311.08,1554.9,42.68,187.5,2.87,0,0,0,0,0,0,No Failure,63.2
5649,M15648,M,304.21,314.59,1835.3,45.11,47.0,3.68,0,0,0,0,0,0,No Failure,233.2
5650,M15649,M,301.53,312.04,1763.3,29.89,240.5,4.27,1,0,0,0,0,1,TWF,8.9
5651,M15650,M,301.58,311.12,1815.1,39.9,224.2,1.87,0,0,0,0,0,0,No Failure,20.8
5652,M15651,M,300.34,312.27,1662.5,51.75,194.6,4.64,0,0,1,0,0,1,PWF,2.2
5653,L15652,L,298.95,307.2,1560.0,49.42,19.6,1.99,0,0,0,0,0,0,No Failure,258.7
5654,L15653,L,301.52,311.58,1466.5,38.09,88.5,2.42,0,0,0,0,0,0,No Failure,190.8
5655,L15654,L,296.99,306.77,1310.9,51.85,74.5,2.25,0,0,0,0,0,0,No Failure,201.7
5656,L15655,L,299.16,308.61,1627.9,39.23,34.4,1.93,0,0,0,0,0,0,No Failure,257.3
5657,M15656,M,296.46,305.76,1642.8,31.91,249.9,5.95,1,0,0,0,0,1,TWF,6.2
5658,H15657,H,298.59,308.59,1475.4,43.66,36.8,3.1,0,0,0,0,0,0,No Failure,253.3
5659,H15658,H,301.28,311.06,1647.8,33.09,78.8,2.61,0,0,0,0,0,0,No Failure,205.1
5660,M15659,M,301.01,310.62,1478.5,41.45,220.0,1.9,0,0,0,0,0,0,No Failure,23.8
5661,L15660,L,300.1,308.8,1693.3,25.79,36.1,2.57,0,0,0,0,0,0,No Failure,252.2
5662,L15661,L,300.34,308.72,1380.1,31.13,117.4,2.13,0,0,0,0,0,0,No Failure,147.8
5663,H15662,H,296.23,305.94,1349.1,42.47,243.9,5.47,1,0,0,0,0,1,TWF,1.0
5664,M15663,M,299.25,308.85,1494.9,42.36,61.8,1.78,0,0,0,0,0,0,No Failure,222.1
5665,M15664,M,298.64,308.44,1686.4,27.68,175.8,2.89,0,0,0,0,0,0,No Failure,94.3
5666,M15665,M,298.68,308.57,1330.6,48.78,20.0,2.88,0,0,0,0,0,0,No Failure,274.0
5667,M15666,M,301.2,310.68,1725.9,35.06,150.2,3.04,0,0,0,0,0,0,No Failure,117.4
5668,H15667,H,298.28,308.07,1244.0,52.78,84.8,2.62,0,0,0,0,0,0,No Failure,187.7
5669,L15668,L,298.79,307.94,1493.8,46.78,174.9,2.3,0,0,0,0,0,0,No Failure,74.8
5670,M15669,M,295.83,307.35,1285.1,56.1,108.2,3.94,0,0,0,0,0,0,No Failure,154.4
5671,H15670,H,299.41,308.61,1100.0,58.77,74.7,1.97,0,0,0,0,0,0,No Failure,198.2
5672,L15671,L,297.82,307.45,1603.6,35.35,136.5,2.93,0,0,0,0,0,0,No Failure,133.8
5673,M15672,M,300.16,309.43,1506.2,41.16,34.9,2.51,0,0,0,0,0,0,No Failure,256.2
5674,L15673,L,298.1,307.36,1287.9,62.89,203.6,5.31,0,0,0,1,0,1,OSF,2.7
5675,H15674,H,300.21,310.23,1445.5,48.41,187.7,2.7,0,0,0,0,0,0,No Failure,56.4
5676,L15675,L,299.71,309.61,1617.1,37.6,136.2,1.85,0,0,0,0,0,0,No Failure,132.2
5677,M15676,M,303.34,312.88,1472.1,39.7,91.8,1.69,0,0,0,0,0,0,No Failure,185.8
5678,L15677,L,300.99,310.71,1502.4,35.75,228.8,1.73,0,0,0,0,0,0,No Failure,20.9
5679,M15678,M,296.32,305.6,1466.7,32.6,158.6,2.23,0,0,0,0,0,0,No Failure,109.6
5680,L15679,L,297.47,307.87,1433.8,53.8,71.2,2.65,0,0,0,0,0,0,No Failure,204.4
5681,L15680,L,300.11,312.17,1431.4,45.27,201.7,2.09,0,0,0,0,0,0,No Failure,42.1
5682,L15681,L,298.14,307.27,1426.2,33.19,158.8,1.64,0,0,0,0,0,0,No Failure,108.8
5683,H15682,H,294.06,304.46,1403.2,41.88,31.8,3.05,0,0,0,0,0,0,No Failure,260.1
5684,L15683,L,302.7,312.74,1355.9,53.14,28.6,1.58,0,0,0,0,0,0,No Failure,262.1
5685,L15684,L,301.44,312.11,1470.0,37.69,234.5,5.06,1,0,0,0,0,1,TWF,7.8
5686,M15685,M,301.04,311.74,1423.5,36.45,72.0,2.05,0,0,0,0,0,0,No Failure,211.9
5687,M15686,M,298.79,308.99,1346.2,47.07,165.9,3.23,0,0,0,0,0,0,No Failure,86.1
5688,H15687,H,300.86,310.82,1675.1,40.43,9.1,2.18,0,0,0,0,0,0,No Failure,288.6
5689,L15688,L,298.59,308.16,1758.6,31.0,139.1,1.44,0,0,0,0,0,0,No Failure,134.3
5690,M15689,M,300.41,309.64,1538.0,34.82,57.8,2.48,0,0,0,0,0,0,No Failure,229.8
5691,L15690,L,298.16,308.06,1549.9,41.94,34.9,2.0,0,0,0,0,0,0,No Failure,256.1
5692,L15691,L,303.03,311.75,1414.0,34.56,193.4,2.99,0,0,0,0,0,0,No Failure,59.8
5693,M15692,M,296.86,306.27,1729.0,30.93,202.4,2.7,0,0,0,0,0,0,No Failure,59.1
5694,M15693,M,302.46,313.57,1849.1,31.61,178.8,2.12,0,0,0,0,0,0,No Failure,86.4
5695,M15694,M,300.08,310.18,1508.7,44.94,2.8,1.9,0,0,0,0,0,0,No Failure,296.4
5696,L15695,L,299.02,309.91,1444.7,38.54,71.2,1.84,0,0,0,0,0,0,No Failure,211.9
5697,L15696,L,300.33,311.8,1599.1,41.46,90.2,2.15,0,0,0,0,0,0,No Failure,186.7
5698,L15697,L,301.47,311.29,1561.1,46.6,172.7,3.32,0,0,0,0,0,0,No Failure,77.8
5699,H15698,H,302.73,312.94,1448.5,37.88,188.9,2.41,0,0,0,0,0,0,No Failure,67.1
5700,L15699,L,300.63,310.32,1622.3,59.54,157.0,5.04,0,0,1,0,0,1,PWF,10.1
5701,L15700,L,298.22,307.41,1705.9,45.11,197.3,1.61,0,0,0,0,0,0,No Failure,47.4
5702,L15701,L,300.11,309.16,1397.3,44.85,106.8,1.35,0,0,0,0,0,0,No Failure,163.7
5703,M15702,M,303.63,314.48,1993.0,28.83,135.5,1.93,0,0,0,0,0,0,No Failure,140.5
5704,L15703,L,302.7,312.9,1263.6,43.6,16.1,2.89,0,0,0,0,0,0,No Failure,279.6
5705,H15704,H,301.82,313.66,1385.5,54.93,106.8,2.33,0,0,0,0,0,0,No Failure,157.1
5706,L15705,L,301.59,312.56,1579.9,39.45,108.2,3.03,0,0,0,0,0,0,No Failure,165.6
5707,H15706,H,301.4,310.67,1940.2,20.85,152.9,3.26,0,0,0,0,0,0,No Failure,127.5
5708,L15707,L,302.32,313.16,1437.3,29.76,94.5,1.93,0,0,0,0,0,0,No Failure,188.2
5709,M15708,M,299.09,308.78,1347.2,45.32,59.6,3.0,0,0,0,0,0,0,No Failure,223.8
5710,H15709,H,297.29,308.51,1636.3,37.61,59.4,3.33,0,0,0,0,0,0,No Failure,226.9
5711,L15710,L,300.14,309.65,1493.5,33.76,33.5,3.12,0,0,0,0,0,0,No Failure,259.6
5712,H15711,H,298.36,307.31,1657.1,25.61,175.3,1.54,0,0,0,0,0,0,No Failure,96.1
5713,L15712,L,297.89,307.09,1525.3,25.59,155.6,1.39,0,0,0,0,0,0,No Failure,119.8
5714,H15713,H,298.56,307.81,1384.6,38.02,144.8,2.23,0,0,0,0,0,0,No Failure,121.3
5715,M15714,M,304.97,314.13,1958.4,28.1,132.8,2.25,0,0,0,0,0,0,No Failure,144.3
5716,L15715,L,300.27,309.7,1100.0,59.39,91.9,3.01,0,0,0,0,0,0,No Failure,174.5
5717,L15716,L,300.72,311.58,1863.8,31.28,192.2,1.92,0,0,0,0,0,0,No Failure,70.8
5718,L15717,L,297.56,309.35,1705.1,42.64,230.5,2.75,0,0,0,0,0,0,No Failure,9.0
5719,L15718,L,296.31,304.98,1404.5,46.95,110.0,1.85,0,0,0,0,0,0,No Failure,151.6
5720,L15719,L,298.36,309.63,1873.2,35.62,102.3,2.71,0,0,0,0,0,0,No Failure,175.3
5721,L15720,L,302.88,312.4,1292.5,53.28,40.7,2.23,0,0,0,0,0,0,No Failure,246.0
5722,L15721,L,300.67,311.02,1718.5,25.21,167.7,2.72,0,0,0,0,0,0,No Failure,106.3
5723,M15722,M,301.2,309.54,1165.2,47.74,139.5,5.72,0,1,0,0,0,1,HDF,13.1
5724,L15723,L,301.48,312.0,1332.9,61.82,247.0,2.8,1,0,0,1,0,1,TWF,4.0
5725,L15724,L,298.82,306.81,1332.4,31.69,146.1,4.89,0,1,0,0,0,1,HDF,12.7
5726,M15725,M,302.78,313.09,1403.6,40.66,72.2,3.2,0,0,0,0,0,0,No Failure,209.8
5727,L15726,L,298.73,308.99,1540.1,42.29,140.7,2.0,0,0,0,0,0,0,No Failure,122.6
5728,L15727,L,302.81,313.0,1390.2,30.02,246.2,5.34,1,0,0,0,0,1,TWF,1.8
5729,L15728,L,300.88,310.15,1173.5,45.86,180.8,2.13,0,0,0,0,0,0,No Failure,68.1
5730,H15729,H,296.42,306.97,1621.0,50.99,32.1,1.69,0,0,0,0,0,0,No Failure,251.2
5731,H15730,H,298.5,308.9,1546.8,39.98,85.8,2.13,0,0,0,0,0,0,No Failure,193.1
5732,L15731,L,296.43,306.22,1611.2,33.22,74.7,2.39,0,0,0,0,0,0,No Failure,210.1
5733,M15732,M,302.33,313.0,1568.8,39.72,214.2,1.71,0,0,0,0,0,0,No Failure,33.4
5734,M15733,M,299.95,309.85,1708.8,31.08,152.8,3.31,0,0,0,0,0,0,No Failure,118.0
5735,M15734,M,295.54,306.07,1524.5,51.35,202.5,1.58,0,0,0,0,0,0,No Failure,31.5
5736,M15735,M,300.75,310.63,1719.2,27.96,44.1,2.18,0,0,0,0,0,0,No Failure,248.4
5737,M15736,M,298.93,309.14,1399.2,39.22,227.0,1.95,0,0,0,0,0,0,No Failure,18.2
5738,L15737,L,297.03,307.61,1409.4,32.13,14.6,3.31,0,0,0,0,0,0,No Failure,282.5
5739,L15738,L,303.36,312.96,1784.3,31.56,93.7,1.6,0,0,0,0,0,0,No Failure,188.1
5740,L15739,L,300.21,308.98,1780.7,32.47,3.5,3.0,0,0,0,0,0,0,No Failure,291.1
5741,H15740,H,299.41,309.69,1640.7,44.94,46.1,2.62,0,0,0,0,0,0,No Failure,241.2
5742,M15741,M,299.2,310.39,1378.8,36.4,240.6,3.52,1,0,0,0,0,1,TWF,12.1
5743,H15742,H,296.97,307.27,1364.4,47.36,19.6,2.29,0,0,0,0,0,0,No Failure,274.7
5744,H15743,H,297.39,307.71,1775.7,34.4,36.4,2.39,0,0,0,0,0,0,No Failure,256.0
5745,L15744,L,302.57,312.53,1765.8,20.73,231.2,2.85,0,0,0,0,0,0,No Failure,39.3
5746,M15745,M,299.05,309.79,1526.6,34.23,177.5,2.11,0,0,0,0,0,0,No Failure,85.1
5747,M15746,M,300.04,309.86,1957.2,25.3,101.7,2.88,0,0,0,0,0,0,No Failure,182.4
5748,H15747,H,295.91,305.46,1620.1,48.82,17.2,2.53,0,0,0,0,0,0,No Failure,274.8
5749,H15748,H,297.36,308.47,1339.8,48.6,196.3,2.77,0,0,0,0,0,0,No Failure,45.0
5750,M15749,M,301.22,310.69,1488.7,41.32,123.2,1.97,0,0,0,0,0,0,No Failure,145.5
5751,L15750,L,300.76,311.64,1539.0,8.92,80.8,4.08,0,0,1,0,0,1,PWF,14.3
5752,M15751,M,303.51,314.61,1553.5,25.27,90.2,2.57,0,0,0,0,0,0,No Failure,195.8
5753,L15752,L,302.69,313.25,1761.8,39.15,126.3,2.55,0,0,0,0,0,0,No Failure,143.2
5754,M15753,M,299.54,308.29,1366.8,49.37,137.8,2.48,0,0,0,0,0,0,No Failure,115.3
5755,H15754,H,300.95,310.97,1299.7,40.97,204.5,3.76,0,0,0,0,0,0,No Failure,43.9
5756,L15755,L,299.37,309.16,1645.8,36.65,192.9,2.84,0,0,0,0,0,0,No Failure,63.6
5757,M15756,M,304.11,313.61,1447.2,41.16,191.8,2.94,0,0,0,0,0,0,No Failure,59.7
5758,L15757,L,302.3,312.44,1971.8,31.62,182.3,2.65,0,0,0,0,0,0,No Failure,82.2
5759,L15758,L,300.34,311.11,1706.8,32.55,189.4,2.82,0,0,0,0,0,0,No Failure,72.6
5760,L15759,L,300.4,309.94,1444.0,47.26,169.4,2.62,0,0,0,0,0,0,No Failure,81.3
5761,M15760,M,302.89,312.72,1755.1,41.93,217.0,3.59,0,0,0,0,0,0,No Failure,27.0
5762,H15761,H,301.16,310.92,1668.7,29.24,139.4,2.46,0,0,0,0,0,0,No Failure,135.6
5763,H15762,H,303.12,314.28,1651.4,27.97,130.2,3.0,0,0,0,0,0,0,No Failure,147.4
5764,L15763,L,295.61,305.36,1516.1,34.0,175.3,3.75,0,0,0,0,0,0,No Failure,88.0
5765,H15764,H,300.92,309.69,1613.3,37.53,41.5,2.89,0,0,0,0,0,0,No Failure,244.2
5766,M15765,M,298.97,307.4,1161.6,54.14,194.2,4.13,0,1,0,0,0,1,HDF,5.3
5767,L15766,L,303.51,313.88,1773.8,39.35,234.0,5.17,1,0,0,0,0,1,TWF,9.5
5768,L15767,L,303.09,312.33,1100.0,61.35,74.1,2.2,0,0,0,0,0,0,No Failure,198.0
5769,L15768,L,300.07,310.73,1458.9,43.67,152.8,2.74,0,0,0,0,0,0,No Failure,106.2
5770,H15769,H,303.07,311.74,1252.4,49.52,8.2,3.57,0,0,0,0,0,0,No Failure,282.7
5771,M15770,M,303.57,313.03,1448.3,52.97,191.5,2.86,0,0,0,0,0,0,No Failure,45.8
5772,M15771,M,300.15,308.82,1524.7,39.39,139.9,2.27,0,0,0,0,0,0,No Failure,119.6
5773,L15772,L,304.94,315.38,1323.8,49.46,168.4,2.32,0,0,0,0,0,0,No Failure,80.3
5774,M15773,M,299.94,310.59,1100.0,56.79,35.7,2.41,0,0,0,0,0,0,No Failure,251.8
5775,L15774,L,299.57,309.91,1575.1,36.88,202.4,1.7,0,0,0,0,0,0,No Failure,51.7
5776,L15775,L,301.73,310.65,1911.5,30.22,64.0,2.23,0,0,0,0,0,0,No Failure,222.4
5777,M15776,M,299.29,308.55,1475.1,49.93,171.2,2.2,0,0,0,0,0,0,No Failure,76.2
5778,L15777,L,300.17,310.4,1709.7,34.46,148.3,4.17,0,0,0,0,0,0,No Failure,120.3
5779,H15778,H,302.82,311.13,1807.3,30.73,163.4,3.06,0,0,0,0,0,0,No Failure,91.9
5780,L15779,L,300.04,309.8,1197.9,44.93,12.6,1.86,0,0,0,0,0,0,No Failure,284.0
5781,M15780,M,296.61,308.13,1456.1,44.16,185.5,1.56,0,0,0,0,0,0,No Failure,64.1
5782,L15781,L,300.73,310.55,1309.5,42.23,198.8,1.72,0,0,0,0,0,0,No Failure,49.5
5783,M15782,M,298.61,307.12,1393.7,45.37,118.7,3.35,0,0,0,0,0,0,No Failure,138.4
5784,L15783,L,301.73,311.12,1842.7,33.81,102.2,1.69,0,0,0,0,0,0,No Failure,176.5
5785,L15784,L,301.39,310.76,1578.0,35.03,85.6,3.47,0,0,0,0,0,0,No Failure,195.9
5786,H15785,H,302.94,315.08,1679.2,25.96,232.0,2.64,0,0,0,0,0,0,No Failure,31.0
5787,L15786,L,301.82,313.48,1530.1,32.01,188.8,2.35,0,0,0,0,0,0,No Failure,74.1
5788,H15787,H,302.18,312.91,1321.3,39.31,174.7,1.81,0,0,0,0,0,0,No Failure,83.1
5789,H15788,H,298.66,308.32,1659.4,29.13,231.4,5.37,1,0,0,0,0,1,TWF,4.0
5790,L15789,L,301.61,312.81,1762.2,37.24,87.2,2.83,0,0,0,0,0,0,No Failure,192.8
5791,L15790,L,303.94,312.8,1594.8,52.53,157.5,3.04,0,0,0,0,0,0,No Failure,81.2
5792,M15791,M,298.62,309.7,1625.6,33.33,171.5,2.34,0,0,0,0,0,0,No Failure,93.3
5793,H15792,H,303.6,314.53,1317.0,42.87,249.1,5.25,1,0,0,0,0,1,TWF,8.1
5794,H15793,H,298.9,308.75,1664.5,31.95,106.8,3.39,0,0,0,0,0,0,No Failure,172.2
5795,M15794,M,298.3,309.44,1778.9,39.73,100.0,2.86,0,0,0,0,0,0,No Failure,175.5
5796,M15795,M,300.59,310.15,1610.4,40.24,21.1,1.87,0,0,0,0,0,0,No Failure,273.6
5797,L15796,L,301.43,310.17,1216.4,49.21,24.6,2.81,0,0,0,0,0,0,No Failure,262.6
5798,H15797,H,301.82,312.8,1830.8,24.28,127.9,2.95,0,0,0,0,0,0,No Failure,152.9
5799,H15798,H,298.08,307.99,1368.9,37.06,42.8,3.51,0,0,0,0,0,0,No Failure,247.4
5800,L15799,L,300.87,311.47,1607.4,38.55,18.2,2.85,0,0,0,0,0,0,No Failure,277.4
5801,L15800,L,298.63,310.45,1708.6,36.68,241.2,4.95,1,0,0,0,0,1,TWF,1.3
5802,L15801,L,297.02,306.3,1731.3,34.54,237.9,5.92,1,0,0,0,0,1,TWF,12.9
5803,L15802,L,298.14,308.0,1215.8,54.01,81.3,1.69,0,0,0,0,0,0,No Failure,191.7
5804,H15803,H,298.5,310.07,1559.0,29.93,197.5,3.0,0,0,0,0,0,0,No Failure,66.2
5805,L15804,L,301.04,311.71,1547.1,40.91,218.1,2.57,0,0,0,0,0,0,No Failure,27.0
5806,L15805,L,302.3,311.6,1795.6,35.15,116.2,3.7,0,0,0,0,0,0,No Failure,158.7
5807,L15806,L,297.05,306.1,1620.1,30.33,55.9,1.64,0,0,0,0,0,0,No Failure,233.6
5808,H15807,H,300.7,310.18,1797.2,29.15,32.5,1.82,0,0,0,0,0,0,No Failure,261.7
5809,M15808,M,297.65,306.91,1634.6,41.56,35.2,2.94,0,0,0,0,0,0,No Failure,255.8
5810,L15809,L,301.26,311.5,1524.7,31.38,199.2,3.41,0,0,0,0,0,0,No Failure,62.3
5811,L15810,L,298.75,308.83,1572.7,55.4,96.1,5.64,0,0,1,0,0,1,PWF,7.5
5812,H15811,H,297.9,308.18,1810.7,37.03,173.4,2.43,0,0,0,0,0,0,No Failure,87.1
5813,H15812,H,301.6,310.76,1305.8,45.55,134.7,2.62,0,0,0,0,0,0,No Failure,127.6
5814,L15813,L,298.83,308.76,1700.2,33.53,98.7,2.21,0,0,0,0,0,0,No Failure,181.0
5815,L15814,L,299.37,307.31,1425.7,47.6,31.0,3.09,0,0,0,0,0,0,No Failure,238.9
5816,L15815,L,295.56,305.71,1387.2,40.37,83.4,2.21,0,0,0,0,0,0,No Failure,195.9
5817,L15816,L,301.89,313.07,1721.2,32.27,210.0,2.92,0,0,0,0,0,0,No Failure,48.2
5818,M15817,M,301.64,310.22,1379.9,53.65,202.8,5.16,0,1,0,0,0,1,HDF,7.2
5819,H15818,H,300.01,310.49,1605.5,34.07,7.1,3.53,0,0,0,0,0,0,No Failure,291.4
5820,L15819,L,296.94,306.33,1450.5,42.32,35.1,1.23,0,0,0,0,0,0,No Failure,255.8
5821,H15820,H,302.42,313.22,1116.1,48.44,189.0,1.86,0,0,0,0,0,0,No Failure,54.7
5822,L15821,L,298.67,308.83,1623.5,38.77,83.9,3.85,0,0,0,0,0,0,No Failure,196.0
5823,M15822,M,299.09,309.5,1560.6,42.51,160.9,2.56,0,0,0,0,0,0,No Failure,97.0
5824,M15823,M,304.62,314.69,1196.1,61.94,140.7,2.1,0,0,0,0,0,0,No Failure,105.7
5825,L15824,L,298.59,309.92,1413.0,35.9,163.0,1.73,0,0,0,0,0,0,No Failure,101.0
5826,L15825,L,301.48,311.83,1214.5,39.27,13.4,2.24,0,0,0,0,0,0,No Failure,283.3
5827,M15826,M,301.12,310.42,1669.0,34.08,232.8,5.36,1,0,0,0,0,1,TWF,6.8
5828,L15827,L,300.78,310.88,1786.5,29.27,5.2,2.79,0,0,0,0,0,0,No Failure,293.8
5829,L15828,L,300.56,310.2,1690.1,35.39,2.0,2.69,0,0,0,0,0,0,No Failure,297.6
5830,M15829,M,300.75,310.92,1715.1,38.64,56.5,1.43,0,0,0,0,0,0,No Failure,230.0
5831,H15830,H,300.54,310.12,1445.3,57.37,248.4,4.44,1,0,0,1,0,1,TWF,6.5
5832,L15831,L,299.9,309.22,1635.9,33.52,18.1,2.7,0,0,0,0,0,0,No Failure,278.1
5833,H15832,H,303.02,313.22,1536.4,23.58,218.6,2.71,0,0,0,0,0,0,No Failure,49.7
5834,L15833,L,297.37,307.43,1571.2,36.52,39.8,2.52,0,0,0,0,0,0,No Failure,251.3
5835,M15834,M,302.04,313.11,1709.4,37.55,27.3,1.76,0,0,0,0,0,0,No Failure,266.4
5836,M15835,M,301.64,311.23,1748.4,27.53,194.7,1.95,0,0,0,0,0,0,No Failure,72.3
5837,H15836,H,301.4,309.42,1468.2,42.5,211.7,3.23,0,0,0,0,0,0,No Failure,13.4
5838,L15837,L,302.23,311.87,1286.0,47.62,198.0,2.03,0,0,0,0,0,0,No Failure,43.9
5839,M15838,M,299.81,308.19,1504.5,41.7,60.3,2.07,0,0,0,0,0,0,No Failure,211.8
5840,M15839,M,296.26,306.68,1498.8,45.57,220.0,2.32,0,0,0,0,0,0,No Failure,18.4
5841,L15840,L,299.86,308.18,1588.9,37.18,18.0,1.77,0,0,0,0,0,0,No Failure,264.4
5842,L15841,L,298.02,307.03,1687.1,39.4,85.5,2.88,0,0,0,0,0,0,No Failure,193.8
5843,L15842,L,298.54,308.17,1195.3,37.6,115.8,1.74,0,0,0,0,0,0,No Failure,157.4
5844,L15843,L,297.52,309.06,1417.9,35.58,16.9,3.15,0,0,0,0,0,0,No Failure,279.4
5845,H15844,H,299.05,307.97,1365.5,41.55,145.0,1.69,0,0,0,0,0,0,No Failure,116.5
5846,L15845,L,298.81,308.82,1761.9,27.02,139.8,2.33,0,0,0,0,0,0,No Failure,136.9
5847,L15846,L,295.24,305.82,1500.7,40.03,248.0,4.22,1,0,0,0,0,1,TWF,2.6
5848,M15847,M,301.4,312.88,1446.2,39.08,155.4,2.97,0,0,0,0,0,0,No Failure,107.2
5849,L15848,L,304.44,315.22,1634.4,33.53,99.4,2.36,0,0,0,0,0,0,No Failure,180.1
5850,M15849,M,301.21,312.31,1431.9,48.09,197.5,2.08,0,0,0,0,0,0,No Failure,44.0
5851,L15850,L,299.59,310.46,1535.3,39.67,83.7,3.35,0,0,0,0,0,0,No Failure,195.8
5852,H15851,H,299.89,308.68,1862.7,24.63,133.2,2.61,0,0,0,0,0,0,No Failure,142.4
5853,H15852,H,299.16,309.52,1857.7,28.07,13.9,2.4,0,0,0,0,0,0,No Failure,283.7
5854,H15853,H,300.18,311.03,1465.1,46.23,80.7,1.41,0,0,0,0,0,0,No Failure,196.4
5855,L15854,L,299.93,308.97,1505.4,41.26,132.0,2.61,0,0,0,0,0,0,No Failure,134.5
5856,M15855,M,298.32,307.74,1427.2,50.41,175.6,2.5,0,0,0,0,0,0,No Failure,70.0
5857,L15856,L,303.37,312.56,1193.3,56.21,24.8,1.69,0,0,0,0,0,0,No Failure,266.7
5858,L15857,L,297.03,307.8,1723.5,32.09,199.3,2.03,0,0,0,0,0,0,No Failure,61.3
5859,L15858,L,301.44,311.37,1971.4,40.48,225.0,2.56,0,0,0,0,0,0,No Failure,15.3
5860,M15859,M,299.8,309.48,1458.6,51.76,70.3,2.78,0,0,0,0,0,0,No Failure,207.4
5861,L15860,L,303.8,312.52,1391.8,30.61,191.3,1.89,0,0,0,0,0,0,No Failure,67.0
5862,M15861,M,300.68,310.61,1489.2,40.51,45.1,1.89,0,0,0,0,0,0,No Failure,243.7
5863,L15862,L,299.28,308.71,1553.2,34.78,130.9,2.57,0,0,0,0,0,0,No Failure,141.1
5864,L15863,L,299.5,309.75,1334.7,43.13,199.4,2.0,0,0,0,0,0,0,No Failure,47.7
5865,M15864,M,300.08,308.94,1455.9,35.5,96.6,2.38,0,0,0,0,0,0,No Failure,179.4
5866,L15865,L,297.71,307.89,1719.7,28.3,6.6,3.57,0,0,0,0,0,0,No Failure,292.3
5867,M15866,M,298.47,308.03,1560.8,44.75,135.0,2.47,0,0,0,0,0,0,No Failure,127.8
5868,L15867,L,296.43,305.18,1765.4,25.81,211.2,3.11,0,0,0,0,0,0,No Failure,50.3
5869,H15868,H,298.15,306.83,1603.3,38.08,27.1,1.75,0,0,0,0,0,0,No Failure,260.0
5870,M15869,M,300.19,309.01,1343.1,35.23,7.4,2.04,0,0,0,0,0,0,No Failure,287.4
5871,L15870,L,300.6,310.39,1434.9,50.7,202.3,2.03,0,0,0,0,0,0,No Failure,34.6
5872,L15871,L,296.04,306.16,1582.5,38.13,66.8,1.84,0,0,0,0,0,0,No Failure,217.5
5873,M15872,M,299.73,310.0,1337.1,50.09,91.1,1.44,0,0,0,0,0,0,No Failure,180.8
5874,H15873,H,301.13,311.43,1313.8,47.03,21.7,2.62,0,0,0,0,0,0,No Failure,272.0
5875,L15874,L,299.67,308.92,1324.6,43.52,24.2,2.73,0,0,0,0,0,0,No Failure,269.4
5876,L15875,L,298.73,309.79,1630.3,37.28,153.6,1.93,0,0,0,0,0,0,No Failure,111.1
5877,H15876,H,299.18,308.73,1472.4,51.3,138.1,2.05,0,0,0,0,0,0,No Failure,118.4
5878,M15877,M,298.92,309.37,1749.7,28.01,73.1,2.55,0,0,0,0,0,0,No Failure,214.3
5879,L15878,L,298.73,308.56,1377.5,25.71,113.2,2.51,0,0,0,0,0,0,No Failure,168.9
5880,L15879,L,300.35,310.72,1100.0,49.04,97.0,3.12,0,0,0,0,0,0,No Failure,173.7
5881,L15880,L,304.62,314.4,1514.6,31.15,173.8,3.18,0,0,0,0,0,0,No Failure,92.9
5882,M15881,M,298.51,308.91,1832.9,39.51,215.5,2.1,0,0,0,0,0,0,No Failure,32.1
5883,L15882,L,299.36,309.36,1544.2,37.63,191.3,2.46,0,0,0,0,0,0,No Failure,64.4
5884,H15883,H,299.9,310.71,1292.4,52.22,1.1,1.9,0,0,0,0,0,0,No Failure,298.5
5885,L15884,L,298.63,307.81,1247.3,48.33,24.9,3.4,0,0,0,0,0,0,No Failure,267.7
5886,L15885,L,302.2,310.43,1752.4,34.3,107.3,2.66,0,0,0,0,0,0,No Failure,154.6
5887,M15886,M,295.26,304.28,1393.5,44.21,212.9,5.38,1,0,0,0,0,1,TWF,8.7
5888,H15887,H,298.94,310.01,1814.0,43.44,59.2,2.28,0,0,0,0,0,0,No Failure,222.4
5889,H15888,H,301.64,311.48,1655.1,37.56,219.7,3.11,0,0,0,0,0,0,No Failure,29.5
5890,L15889,L,299.41,309.5,1400.2,50.61,27.5,2.95,0,0,0,0,0,0,No Failure,263.9
5891,M15890,M,298.36,307.3,1746.9,41.66,18.2,3.27,0,0,0,0,0,0,No Failure,276.1
5892,M15891,M,300.88,310.95,1372.6,42.57,228.4,1.69,0,0,0,0,0,0,No Failure,11.8
5893,L15892,L,301.81,310.79,1278.9,46.4,40.5,2.54,0,0,0,0,0,0,No Failure,247.5
5894,L15893,L,300.42,309.55,1382.9,40.74,115.9,3.16,0,0,0,0,0,0,No Failure,155.0
5895,L15894,L,298.4,308.0,1675.6,44.79,81.5,1.94,0,0,0,0,0,0,No Failure,196.0
5896,L15895,L,300.91,311.36,1741.7,27.86,36.9,2.81,0,0,0,0,0,0,No Failure,256.8
5897,H15896,H,299.2,309.75,1467.1,35.84,158.0,2.84,0,0,0,0,0,0,No Failure,107.1
5898,L15897,L,301.49,312.07,1203.6,47.92,240.9,4.98,1,0,0,1,0,1,TWF,1.0
5899,H15898,H,302.97,311.38,1259.3,39.61,164.5,5.46,0,1,0,0,0,1,HDF,14.3
5900,M15899,M,294.79,304.78,1346.9,40.41,88.4,2.87,0,0,0,0,0,0,No Failure,189.6
5901,M15900,M,300.22,310.03,1306.4,53.88,177.9,2.76,0,0,0,0,0,0,No Failure,63.0
5902,M15901,M,296.53,305.0,1585.5,42.4,35.8,3.21,0,0,0,0,0,0,No Failure,244.2
5903,L15902,L,304.88,314.9,1884.9,28.89,145.0,2.07,0,0,0,0,0,0,No Failure,129.2
5904,L15903,L,299.06,308.81,1680.4,41.32,117.4,2.7,0,0,0,0,0,0,No Failure,152.8
5905,L15904,L,301.49,312.0,1336.0,59.48,90.0,3.23,0,0,0,0,0,0,No Failure,173.8
5906,M15905,M,299.93,310.01,1413.7,44.63,184.9,2.03,0,0,0,0,0,0,No Failure,64.3
5907,L15906,L,298.39,307.84,1448.6,51.36,29.6,2.09,0,0,0,0,0,0,No Failure,261.0
5908,M15907,M,298.16,309.08,1607.7,43.28,133.2,2.81,0,0,0,0,0,0,No Failure,131.3
5909,L15908,L,303.17,310.95,1819.3,30.92,213.6,3.33,0,0,0,0,0,0,No Failure,21.3
5910,L15909,L,301.91,311.85,1454.3,42.64,50.4,2.42,0,0,0,0,0,0,No Failure,236.3
5911,L15910,L,303.89,312.12,1813.4,36.77,66.1,2.56,0,0,0,0,0,0,No Failure,203.6
5912,H15911,H,300.11,309.2,1914.6,26.12,165.2,2.72,0,0,0,0,0,0,No Failure,108.3
5913,M15912,M,300.58,311.1,1475.4,22.4,193.1,4.55,0,0,1,0,0,1,PWF,7.6
5914,L15913,L,299.47,308.19,1470.8,34.96,70.8,3.82,0,0,0,0,0,0,No Failure,208.4
5915,M15914,M,299.43,308.0,1473.4,25.61,90.0,1.95,0,0,0,0,0,0,No Failure,187.4
5916,L15915,L,297.92,310.3,1549.2,33.47,185.0,2.55,0,0,0,0,0,0,No Failure,76.9
5917,H15916,H,300.17,308.81,1473.9,28.76,71.3,2.56,0,0,0,0,0,0,No Failure,208.9
5918,M15917,M,298.42,310.07,1696.3,41.53,166.6,1.19,0,0,0,0,0,0,No Failure,90.9
5919,L15918,L,300.88,310.71,1260.8,39.31,39.7,1.99,0,0,0,0,0,0,No Failure,250.7
5920,M15919,M,300.34,309.82,1442.3,45.41,102.8,1.69,0,0,0,0,0,0,No Failure,168.4
5921,L15920,L,300.58,311.14,1596.9,42.94,172.2,2.93,0,0,0,0,0,0,No Failure,82.3
5922,H15921,H,303.35,314.69,1693.7,40.34,115.0,1.48,0,0,0,0,0,0,No Failure,156.5
5923,L15922,L,299.92,308.78,1931.0,17.99,4.8,3.07,0,0,0,0,0,0,No Failure,291.7
5924,M15923,M,301.51,311.0,1307.3,53.76,101.6,1.79,0,0,0,0,0,0,No Failure,164.8
5925,L15924,L,304.1,314.95,1421.3,45.16,72.1,3.08,0,0,0,0,0,0,No Failure,207.9
5926,M15925,M,302.61,312.9,1132.3,58.62,25.3,1.66,0,0,0,0,0,0,No Failure,265.5
5927,M15926,M,302.31,313.41,1339.3,57.61,2.3,2.75,0,0,0,0,0,0,No Failure,296.1
5928,M15927,M,299.39,309.9,1221.4,54.69,11.4,3.06,0,0,0,0,0,0,No Failure,284.8
5929,M15928,M,300.46,312.27,1444.7,33.25,237.3,4.37,1,0,0,0,0,1,TWF,3.4
5930,H15929,H,297.36,307.54,1497.1,44.65,187.5,1.77,0,0,0,0,0,0,No Failure,61.0
5931,L15930,L,301.0,311.22,1622.0,26.47,234.9,4.87,1,0,0,0,0,1,TWF,7.8
5932,L15931,L,300.55,310.87,1484.6,39.98,28.7,2.83,0,0,0,0,0,0,No Failure,264.2
5933,L15932,L,300.05,309.9,1622.1,33.47,142.6,1.09,0,0,0,0,0,0,No Failure,128.0
5934,H15933,H,302.05,312.9,1558.4,38.57,20.8,2.57,0,0,0,0,0,0,No Failure,274.2
5935,L15934,L,297.58,307.82,1353.0,33.78,6.7,4.2,0,0,0,0,0,0,No Failure,291.9
5936,M15935,M,303.27,314.06,1236.2,38.78,116.6,3.17,0,0,0,0,0,0,No Failure,155.6
5937,M15936,M,301.8,312.75,1642.5,33.38,161.6,2.2,0,0,0,0,0,0,No Failure,105.2
5938,L15937,L,299.86,310.29,1832.7,31.18,15.9,2.83,0,0,0,0,0,0,No Failure,281.1
5939,L15938,L,299.7,310.2,1991.8,27.14,91.3,2.26,0,0,0,0,0,0,No Failure,193.5
5940,L15939,L,300.96,309.95,1705.4,45.33,22.5,3.11,0,0,0,0,0,0,No Failure,270.0
5941,L15940,L,303.04,312.49,1798.9,36.32,90.5,2.01,0,0,0,0,0,0,No Failure,189.2
5942,L15941,L,300.2,311.05,1620.6,39.8,117.9,3.23,0,0,0,0,0,0,No Failure,153.2
5943,L15942,L,300.29,311.71,1592.1,35.01,84.4,3.05,0,0,0,0,0,0,No Failure,197.4
5944,H15943,H,300.04,308.1,1557.9,28.77,144.1,2.89,0,0,0,0,0,0,No Failure,111.6
5945,H15944,H,303.56,313.0,1519.1,39.47,146.1,3.74,0,0,0,0,0,0,No Failure,118.4
5946,L15945,L,299.26,309.29,1646.7,49.09,83.2,3.1,0,0,0,0,0,0,No Failure,187.0
5947,L15946,L,299.94,309.06,1444.8,43.1,97.4,3.11,0,0,0,0,0,0,No Failure,176.8
5948,L15947,L,302.93,312.1,1511.6,47.49,110.3,3.18,0,0,0,0,0,0,No Failure,157.5
5949,M15948,M,300.29,310.77,1327.1,53.89,93.9,2.93,0,0,0,0,0,0,No Failure,174.9
5950,H15949,H,302.27,313.86,1623.0,40.89,190.2,2.78,0,0,0,0,0,0,No Failure,62.0
5951,L15950,L,298.18,306.15,1366.3,45.46,35.0,5.46,0,1,0,0,0,1,HDF,3.7
5952,L15951,L,299.59,309.42,1544.0,31.94,214.3,2.1,0,0,0,0,0,0,No Failure,43.6
5953,M15952,M,302.97,313.43,1627.6,35.41,82.8,2.76,0,0,0,0,0,0,No Failure,199.1
5954,M15953,M,298.65,309.43,1642.9,34.0,181.0,2.87,0,0,0,0,0,0,No Failure,81.1
5955,L15954,L,299.7,310.02,1676.1,38.11,220.9,4.79,1,0,0,0,0,1,TWF,1.5
5956,M15955,M,300.51,312.27,1499.8,30.11,221.9,2.21,0,0,0,0,0,0,No Failure,37.0
5957,L15956,L,298.02,308.05,1625.0,33.16,113.1,2.42,0,0,0,0,0,0,No Failure,163.8
5958,L15957,L,299.17,310.48,1450.9,44.18,64.2,2.47,0,0,0,0,0,0,No Failure,218.4
5959,M15958,M,300.23,309.58,1185.2,45.71,151.4,2.67,0,0,0,0,0,0,No Failure,106.0
5960,H15959,H,300.09,310.15,1632.9,30.33,46.0,2.37,0,0,0,0,0,0,No Failure,245.4
5961,L15960,L,302.56,311.35,1591.4,32.16,197.6,3.2,0,0,0,0,0,0,No Failure,59.0
5962,H15961,H,303.08,313.98,1719.4,32.99,177.8,2.43,0,0,0,0,0,0,No Failure,86.1
5963,L15962,L,298.29,308.17,1533.5,22.46,198.9,2.11,0,0,0,0,0,0,No Failure,73.6
5964,M15963,M,300.22,310.58,1251.0,42.74,108.3,2.45,0,0,0,0,0,0,No Failure,163.2
5965,L15964,L,301.35,311.04,1521.6,46.1,139.4,1.84,0,0,0,0,0,0,No Failure,121.1
5966,H15965,H,303.03,313.62,1696.7,37.63,25.7,3.71,0,0,0,0,0,0,No Failure,268.4
5967,H15966,H,301.44,311.83,1623.2,39.9,171.9,2.89,0,0,0,0,0,0,No Failure,85.9
5968,L15967,L,300.58,309.59,1511.7,26.9,121.7,2.49,0,0,0,0,0,0,No Failure,158.1
5969,H15968,H,301.33,310.4,1240.2,45.48,127.3,3.35,0,0,0,0,0,0,No Failure,137.1
5970,H15969,H,301.35,311.32,1354.3,43.49,211.7,2.38,0,0,0,0,0,0,No Failure,31.6
5971,M15970,M,298.14,308.8,1623.4,40.21,193.1,2.48,0,0,0,0,0,0,No Failure,59.1
5972,L15971,L,300.39,312.25,1239.9,56.17,133.8,2.08,0,0,0,0,0,0,No Failure,120.0
5973,H15972,H,302.92,313.22,1481.0,47.2,88.8,1.94,0,0,0,0,0,0,No Failure,185.4
5974,H15973,H,299.59,310.59,1544.9,34.74,111.6,2.63,0,0,0,0,0,0,No Failure,164.5
5975,L15974,L,300.26,308.65,1743.8,30.47,87.7,3.14,0,0,0,0,0,0,No Failure,183.6
5976,H15975,H,299.51,311.53,1648.0,46.29,37.9,1.97,0,0,0,0,0,0,No Failure,251.3
5977,L15976,L,295.37,305.98,1710.3,32.56,161.4,2.36,0,0,0,0,0,0,No Failure,106.2
5978,L15977,L,300.04,309.99,1592.0,30.11,172.9,2.38,0,0,0,0,0,0,No Failure,95.1
5979,M15978,M,300.6,310.44,1386.7,41.82,242.8,5.86,1,0,0,0,0,1,TWF,1.0
5980,M15979,M,298.98,307.87,1428.2,51.46,113.9,2.24,0,0,0,0,0,0,No Failure,147.9
5981,M15980,M,297.69,306.87,1371.1,37.43,249.3,5.35,1,0,0,0,0,1,TWF,14.5
5982,L15981,L,298.24,310.15,1643.7,33.5,46.8,2.93,0,0,0,0,0,0,No Failure,243.6
5983,H15982,H,301.53,310.54,1413.8,36.39,164.2,2.1,0,0,0,0,0,0,No Failure,99.1
5984,L15983,L,303.95,312.94,1467.5,47.58,248.7,3.9,1,0,0,1,0,1,TWF,8.5
5985,L15984,L,302.76,312.06,1542.0,40.92,160.1,2.55,0,0,0,0,0,0,No Failure,99.6
5986,L15985,L,297.31,306.11,1831.8,39.24,113.1,2.24,0,0,0,0,0,0,No Failure,155.6
5987,M15986,M,301.71,311.72,1655.6,47.2,128.8,1.96,0,0,0,0,0,0,No Failure,131.9
5988,H15987,H,298.67,309.76,1399.7,32.28,211.4,3.39,0,0,0,0,0,0,No Failure,46.6
5989,M15988,M,298.84,308.22,1565.2,33.02,234.8,1.43,0,0,0,0,0,0,No Failure,17.5
5990,H15989,H,299.08,307.7,1833.6,29.69,113.5,2.64,0,0,0,0,0,0,No Failure,158.3
5991,L15990,L,301.41,311.7,1648.1,36.89,193.1,3.32,0,0,0,0,0,0,No Failure,63.1
5992,M15991,M,301.92,311.86,1251.9,51.47,233.4,4.29,1,0,0,1,0,1,TWF,7.9
5993,L15992,L,299.8,310.81,1374.2,40.22,70.5,2.52,0,0,0,0,0,0,No Failure,212.0
5994,L15993,L,299.84,309.38,1360.4,39.26,123.3,3.04,0,0,0,0,0,0,No Failure,146.9
5995,L15994,L,300.93,310.67,1795.9,40.11,248.9,3.86,1,0,0,0,0,1,TWF,5.2
5996,M15995,M,301.14,310.99,1762.9,37.86,88.4,2.47,0,0,0,0,0,0,No Failure,191.0
5997,M15996,M,302.35,312.44,1426.1,44.28,154.9,1.56,0,0,0,0,0,0,No Failure,102.9
5998,M15997,M,297.43,307.04,1422.3,27.17,164.3,3.08,0,0,0,0,0,0,No Failure,108.3
5999,L15998,L,300.04,309.49,1546.0,47.26,38.5,2.02,0,0,0,0,0,0,No Failure,250.3
6000,L15999,L,297.86,306.01,1551.4,39.96,201.7,3.57,0,0,0,0,0,0,No Failure,31.7
6001,M16000,M,299.9,309.33,1365.7,42.8,103.2,1.93,0,0,0,0,0,0,No Failure,169.6
6002,L16001,L,299.55,310.26,1493.4,34.44,125.1,2.77,0,0,0,0,0,0,No Failure,148.4
6003,H16002,H,299.91,310.76,1277.8,42.53,160.7,1.97,0,0,0,0,0,0,No Failure,97.2
6004,M16003,M,298.4,307.93,1765.7,27.74,102.6,2.36,0,0,0,0,0,0,No Failure,179.9
6005,L16004,L,297.03,308.32,1222.9,35.08,81.3,2.5,0,0,0,0,0,0,No Failure,201.2
6006,H16005,H,295.81,305.78,1220.9,43.42,136.6,2.52,0,0,0,0,0,0,No Failure,126.9
6007,M16006,M,299.74,308.4,1615.9,25.94,86.7,3.49,0,0,0,0,0,0,No Failure,192.7
6008,L16007,L,299.14,307.49,1316.6,45.15,108.5,4.88,0,1,0,0,0,1,HDF,5.5
6009,M16008,M,298.65,309.87,1448.3,33.37,27.1,2.05,0,0,0,0,0,0,No Failure,267.3
6010,L16009,L,302.65,312.27,1549.3,43.84,211.2,2.53,0,0,0,0,0,0,No Failure,31.8
6011,H16010,H,298.28,307.07,1658.9,24.52,102.9,1.8,0,0,0,0,0,0,No Failure,177.3
6012,H16011,H,302.83,310.57,1498.4,48.41,20.7,1.67,0,0,0,0,0,0,No Failure,248.0
6013,H16012,H,303.25,312.85,1856.5,38.18,197.5,2.1,0,0,0,0,0,0,No Failure,56.1
6014,M16013,M,296.1,306.5,1537.9,31.55,4.9,3.51,0,0,0,0,0,0,No Failure,294.1
6015,L16014,L,300.18,309.49,1751.2,33.6,149.8,1.49,0,0,0,0,0,0,No Failure,119.2
6016,M16015,M,299.2,308.15,1587.9,31.81,175.7,2.85,0,0,0,0,0,0,No Failure,88.9
6017,L16016,L,294.18,303.63,1919.5,35.31,47.8,2.78,0,0,0,0,0,0,No Failure,241.8
6018,M16017,M,297.11,308.35,1727.4,47.33,32.8,2.05,0,0,0,0,0,0,No Failure,252.0
6019,M16018,M,301.55,310.16,1545.8,47.08,28.5,2.89,0,0,0,0,0,0,No Failure,255.4
6020,L16019,L,304.04,313.4,1650.6,31.54,248.3,5.52,1,0,0,0,0,1,TWF,1.1
6021,L16020,L,301.81,313.02,1491.3,41.04,188.8,2.48,0,0,0,0,0,0,No Failure,63.6
6022,H16021,H,300.65,311.14,1489.5,50.94,78.2,2.41,0,0,0,0,0,0,No Failure,197.3
6023,H16022,H,299.96,310.14,1304.7,49.66,83.9,2.35,0,0,0,0,0,0,No Failure,190.5
6024,L16023,L,303.37,312.72,1393.3,50.13,162.2,1.99,0,0,0,0,0,0,No Failure,87.8
6025,L16024,L,304.3,314.33,1906.9,36.02,114.4,2.6,0,0,0,0,0,0,No Failure,160.2
6026,L16025,L,298.83,308.29,1322.5,45.9,67.8,2.2,0,0,0,0,0,0,No Failure,213.0
6027,H16026,H,296.0,305.14,1420.7,41.75,14.3,2.6,0,0,0,0,0,0,No Failure,282.1
6028,L16027,L,295.8,304.72,1521.2,30.97,196.0,2.13,0,0,0,0,0,0,No Failure,65.1
6029,M16028,M,302.64,313.43,1527.2,33.93,222.1,2.11,0,0,0,0,0,0,No Failure,31.6
6030,L16029,L,299.91,309.85,1606.7,31.03,51.5,2.17,0,0,0,0,0,0,No Failure,238.7
6031,M16030,M,300.37,310.68,1454.0,38.81,15.9,3.26,0,0,0,0,0,0,No Failure,280.4
6032,L16031,L,296.42,306.57,1617.7,37.79,29.7,1.67,0,0,0,0,0,0,No Failure,263.4
6033,M16032,M,298.49,308.93,1742.5,33.68,103.6,3.56,0,0,0,0,0,0,No Failure,175.0
6034,L16033,L,299.41,309.15,1764.7,35.51,74.8,2.96,0,0,0,0,0,0,No Failure,208.8
6035,M16034,M,300.42,309.93,1490.1,44.91,18.4,1.56,0,0,0,0,0,0,No Failure,276.6
6036,L16035,L,299.2,308.39,1647.4,33.51,113.7,2.15,0,0,0,0,0,0,No Failure,162.8
6037,M16036,M,297.93,306.51,1332.8,50.18,51.0,3.91,0,1,0,0,0,1,HDF,1.3
6038,H16037,H,298.43,307.31,1408.8,50.56,16.7,2.89,0,0,0,0,0,0,No Failure,275.6
6039,L16038,L,302.42,312.05,1327.9,48.09,164.5,3.27,0,0,0,0,0,0,No Failure,86.8
6040,H16039,H,300.49,308.89,1529.8,35.41,143.1,2.64,0,0,0,0,0,0,No Failure,113.6
6041,M16040,M,301.22,309.84,1384.2,49.97,206.6,3.23,0,0,0,0,0,0,No Failure,22.2
6042,L16041,L,298.2,309.24,1265.8,50.78,75.6,2.61,0,0,0,0,0,0,No Failure,200.8
6043,L16042,L,294.09,304.32,1468.9,45.18,34.0,3.08,0,0,0,0,0,0,No Failure,256.6
6044,L16043,L,298.95,308.5,1228.6,59.58,90.0,2.68,0,0,0,0,0,0,No Failure,176.9
6045,M16044,M,298.27,310.54,1775.6,38.76,194.7,2.51,0,0,0,0,0,0,No Failure,58.9
6046,M16045,M,300.7,309.05,1438.2,52.74,60.4,2.96,0,0,0,0,0,0,No Failure,207.0
6047,L16046,L,306.57,317.55,1714.4,33.96,63.8,2.41,0,0,0,0,0,0,No Failure,222.9
6048,M16047,M,301.39,311.28,1449.9,38.36,36.9,3.37,0,0,0,0,0,0,No Failure,254.4
6049,H16048,H,305.47,316.26,1324.1,53.36,246.6,5.44,0,0,0,1,0,1,OSF,9.4
6050,H16049,H,301.14,311.25,1748.4,27.42,241.8,5.13,1,0,0,0,0,1,TWF,4.9
6051,M16050,M,298.74,306.87,1553.9,51.83,164.5,2.08,0,0,0,0,0,0,No Failure,61.2
6052,H16051,H,300.7,310.79,1875.8,41.1,53.7,1.56,0,0,0,0,0,0,No Failure,232.0
6053,M16052,M,303.56,313.9,1454.5,41.86,191.6,2.71,0,0,0,0,0,0,No Failure,59.0
6054,L16053,L,303.66,311.47,1458.4,49.55,146.0,1.42,0,0,0,0,0,0,No Failure,85.7
6055,H16054,H,298.85,310.79,1717.9,39.56,187.4,3.79,0,0,0,0,0,0,No Failure,67.0
6056,L16055,L,300.51,310.82,1719.1,25.87,215.1,2.29,0,0,0,0,0,0,No Failure,50.7
6057,L16056,L,297.14,307.81,1565.5,32.61,79.6,2.45,0,0,0,0,0,0,No Failure,204.4
6058,L16057,L,301.65,310.48,2135.0,30.1,228.4,2.31,0,0,0,0,0,0,No Failure,25.9
6059,H16058,H,303.11,313.8,1487.8,41.45,224.6,4.17,1,0,0,0,0,1,TWF,11.5
6060,H16059,H,300.08,311.17,1310.8,54.93,136.8,2.7,0,0,0,0,0,0,No Failure,117.0
6061,L16060,L,298.67,308.92,1358.5,46.28,171.1,2.0,0,0,0,0,0,0,No Failure,80.1
6062,L16061,L,300.72,310.71,1488.8,31.42,102.8,0.97,0,0,0,0,0,0,No Failure,177.4
6063,L16062,L,300.83,309.94,1809.9,29.33,163.8,1.84,0,0,0,0,0,0,No Failure,106.7
6064,M16063,M,300.16,309.95,1504.6,45.08,137.2,2.21,0,0,0,0,0,0,No Failure,124.7
6065,L16064,L,300.36,309.85,1818.3,20.24,80.7,2.67,0,0,0,0,0,0,No Failure,209.2
6066,M16065,M,299.65,310.22,1615.8,27.25,80.7,2.61,0,0,0,0,0,0,No Failure,205.8
6067,L16066,L,301.99,311.14,1731.9,32.03,162.9,2.95,0,0,0,0,0,0,No Failure,105.0
6068,L16067,L,301.47,312.04,1607.3,43.82,239.2,1.51,0,0,0,0,0,0,No Failure,1.0
6069,L16068,L,298.03,307.19,1605.9,35.85,50.4,1.96,0,0,0,0,0,0,No Failure,238.5
6070,L16069,L,297.98,307.72,1672.7,39.1,98.1,2.24,0,0,0,0,0,0,No Failure,178.3
6071,H16070,H,299.49,310.11,1436.6,41.8,201.4,3.41,0,0,0,0,0,0,No Failure,46.8
6072,L16071,L,301.47,310.77,1438.5,40.72,30.8,4.13,0,0,0,0,0,0,No Failure,261.5
6073,L16072,L,300.3,310.95,1600.6,32.91,248.5,3.55,1,0,0,0,0,1,TWF,2.1
6074,L16073,L,298.71,309.27,1885.5,37.7,169.5,3.15,0,0,0,0,0,0,No Failure,91.1
6075,L16074,L,300.52,310.25,1262.2,38.76,227.7,5.21,1,0,0,0,0,1,TWF,10.1
6076,L16075,L,299.34,310.5,1174.8,49.44,209.5,2.83,0,0,0,0,0,0,No Failure,26.7
6077,L16076,L,301.76,311.84,1490.8,48.27,194.3,1.71,0,0,0,0,0,0,No Failure,48.0
6078,M16077,M,300.67,311.77,1722.5,29.48,8.2,3.31,0,0,0,0,0,0,No Failure,290.3
6079,M16078,M,299.37,311.16,1547.2,27.89,101.6,1.17,0,0,0,0,0,0,No Failure,180.9
6080,L16079,L,300.46,310.22,1328.7,30.34,50.5,1.71,0,0,0,0,0,0,No Failure,240.1
6081,L16080,L,302.63,313.28,1552.2,43.32,217.8,2.34,0,0,0,0,0,0,No Failure,24.1
6082,H16081,H,298.86,308.22,1227.8,54.0,170.1,2.14,0,0,0,0,0,0,No Failure,73.4
6083,L16082,L,300.81,309.77,1650.6,33.94,26.8,2.52,0,0,0,0,0,0,No Failure,267.0
6084,L16083,L,299.86,309.66,1482.7,31.57,89.9,2.09,0,0,0,0,0,0,No Failure,192.6
6085,L16084,L,300.85,309.49,1523.3,38.37,17.3,2.29,0,0,0,0,0,0,No Failure,271.3
6086,L16085,L,298.69,307.75,1614.5,45.41,185.0,2.39,0,0,0,0,0,0,No Failure,63.3
6087,M16086,M,300.22,310.81,1574.8,29.21,104.6,2.37,0,0,0,0,0,0,No Failure,176.6
6088,L16087,L,302.22,311.7,1441.1,49.04,58.6,2.59,0,0,0,0,0,0,No Failure,223.7
6089,M16088,M,298.13,308.84,1723.0,22.96,129.4,3.04,0,0,0,0,0,0,No Failure,152.3
6090,L16089,L,297.34,307.64,1680.7,27.74,10.5,2.05,0,0,0,0,0,0,No Failure,287.7
6091,L16090,L,297.42,309.27,1220.4,49.93,64.3,3.31,0,0,0,0,0,0,No Failure,215.9
6092,M16091,M,297.66,308.18,1496.8,46.72,43.8,2.53,0,0,0,0,0,0,No Failure,243.6
6093,L16092,L,301.19,312.3,1344.6,54.92,232.7,5.66,1,0,0,1,0,1,TWF,3.5
6094,M16093,M,297.19,307.59,1311.0,52.71,94.3,2.29,0,0,0,0,0,0,No Failure,175.1
6095,L16094,L,299.4,309.72,1633.8,47.59,146.1,1.98,0,0,0,0,0,0,No Failure,109.7
6096,M16095,M,301.24,312.4,1463.0,42.29,125.7,2.55,0,0,0,0,0,0,No Failure,141.5
6097,L16096,L,300.83,311.5,1512.4,35.32,164.8,4.04,0,0,0,0,0,0,No Failure,99.4
6098,H16097,H,299.23,309.44,1418.1,50.6,69.8,1.68,0,0,0,0,0,0,No Failure,208.5
6099,L16098,L,300.38,310.59,1604.3,46.94,30.2,2.91,0,0,0,0,0,0,No Failure,261.1
6100,H16099,H,300.21,310.75,1659.4,42.67,20.4,2.61,0,0,0,0,0,0,No Failure,274.3
6101,L16100,L,299.55,308.88,1926.5,35.43,48.3,2.74,0,0,0,0,0,0,No Failure,241.1
6102,M16101,M,299.58,308.86,1505.6,49.59,120.7,1.78,0,0,0,0,0,0,No Failure,142.5
6103,L16102,L,304.47,315.9,1278.7,49.32,59.0,2.77,0,0,0,0,0,0,No Failure,223.1
6104,H16103,H,301.62,313.48,1447.8,41.3,108.5,2.68,0,0,0,0,0,0,No Failure,163.9
6105,L16104,L,304.96,314.03,1689.6,40.59,7.3,1.61,0,0,0,0,0,0,No Failure,290.8
6106,L16105,L,299.01,308.34,1399.7,46.21,156.9,2.58,0,0,0,0,0,0,No Failure,98.5
6107,L16106,L,299.83,310.97,1272.7,53.34,219.5,4.38,0,0,0,1,0,1,OSF,3.1
6108,L16107,L,297.34,307.87,1403.4,41.83,11.9,2.29,0,0,0,0,0,0,No Failure,285.0
6109,L16108,L,298.38,309.06,1442.5,47.96,54.5,2.47,0,0,0,0,0,0,No Failure,229.4
6110,H16109,H,303.8,314.7,1344.2,50.64,79.4,3.15,0,0,0,0,0,0,No Failure,195.8
6111,H16110,H,298.96,308.72,1576.9,39.54,71.8,2.77,0,0,0,0,0,0,No Failure,210.7
6112,L16111,L,303.84,314.17,1523.9,34.12,10.1,1.87,0,0,0,0,0,0,No Failure,287.8
6113,H16112,H,297.51,307.77,1679.4,44.41,26.6,2.8,0,0,0,0,0,0,No Failure,266.1
6114,M16113,M,297.89,307.03,1458.2,32.68,228.1,2.47,0,0,0,0,0,0,No Failure,26.0
6115,L16114,L,299.32,309.63,1637.9,29.93,177.8,2.13,0,0,0,0,0,0,No Failure,89.4
6116,M16115,M,299.87,311.11,1449.9,42.56,239.6,4.96,1,0,0,0,0,1,TWF,3.5
6117,M16116,M,301.85,311.51,1335.8,27.36,110.1,2.98,0,0,0,0,0,0,No Failure,171.3
6118,H16117,H,300.9,311.05,1440.8,52.44,219.8,2.16,0,0,0,0,0,0,No Failure,9.3
6119,L16118,L,299.17,309.37,1248.3,48.17,204.1,3.04,0,0,0,0,0,0,No Failure,35.4
6120,M16119,M,299.73,309.45,1858.1,43.07,218.7,1.85,0,0,0,0,0,0,No Failure,19.5
6121,L16120,L,299.36,310.04,1563.5,51.0,9.8,3.7,0,0,0,0,0,0,No Failure,283.6
6122,L16121,L,298.17,307.49,1395.6,41.91,163.1,4.08,0,0,0,0,0,0,No Failure,94.8
6123,L16122,L,298.22,309.56,1470.4,50.25,141.7,2.83,0,0,0,0,0,0,No Failure,114.5
6124,H16123,H,302.06,312.68,1100.0,47.12,136.3,3.28,0,0,0,0,0,0,No Failure,124.2
6125,H16124,H,296.34,305.41,1794.7,36.46,126.1,2.23,0,0,0,0,0,0,No Failure,145.6
6126,M16125,M,303.23,314.93,1777.2,30.45,199.0,2.17,0,0,0,0,0,0,No Failure,63.7
6127,M16126,M,299.31,309.48,1557.3,43.4,242.0,5.23,1,0,0,0,0,1,TWF,7.5
6128,L16127,L,298.45,307.73,1595.2,43.79,207.2,2.59,0,0,0,0,0,0,No Failure,36.9
6129,L16128,L,301.48,312.58,1311.1,44.64,217.6,1.68,0,0,0,0,0,0,No Failure,22.6
6130,L16129,L,302.97,313.47,1324.1,49.13,121.0,2.55,0,0,0,0,0,0,No Failure,142.5
6131,L16130,L,302.24,310.46,1234.2,55.23,172.7,5.13,0,1,0,0,0,1,HDF,3.6
6132,M16131,M,301.0,310.48,1509.2,41.07,103.9,2.39,0,0,0,0,0,0,No Failure,169.9
6133,M16132,M,302.17,312.45,1727.9,52.5,90.1,5.31,0,0,1,0,0,1,PWF,11.3
6134,L16133,L,296.57,304.41,1469.4,39.87,223.8,3.38,0,0,0,0,0,0,No Failure,1.0
6135,L16134,L,298.96,309.04,1600.2,49.09,226.3,5.3,1,0,0,1,0,1,TWF,9.4
6136,L16135,L,298.18,308.34,1713.2,43.04,170.6,3.3,0,0,0,0,0,0,No Failure,84.3
6137,L16136,L,302.45,311.27,1247.3,35.09,209.5,2.22,0,0,0,0,0,0,No Failure,41.6
6138,H16137,H,299.23,309.5,1868.4,42.56,90.1,3.52,0,0,0,0,0,0,No Failure,183.0
6139,M16138,M,301.69,311.7,1745.2,41.9,108.4,2.07,0,0,0,0,0,0,No Failure,163.6
6140,H16139,H,301.07,309.88,1630.0,37.61,205.3,2.01,0,0,0,0,0,0,No Failure,43.4
6141,L16140,L,298.28,309.19,1703.4,37.81,99.5,2.22,0,0,0,0,0,0,No Failure,177.3
6142,L16141,L,298.83,309.66,1711.8,38.5,10.0,2.05,0,0,0,0,0,0,No Failure,287.6
6143,L16142,L,302.59,312.3,1590.4,47.35,88.3,2.81,0,0,0,0,0,0,No Failure,185.9
6144,H16143,H,298.45,308.25,1793.7,30.56,99.6,3.25,0,0,0,0,0,0,No Failure,181.7
6145,M16144,M,300.25,310.98,1457.0,52.28,38.7,2.51,0,0,0,0,0,0,No Failure,248.9
6146,L16145,L,298.43,308.23,1620.7,29.43,86.0,2.69,0,0,0,0,0,0,No Failure,198.4
6147,M16146,M,299.37,307.44,1774.6,21.49,233.6,3.54,1,0,0,0,0,1,TWF,3.8
6148,L16147,L,299.91,310.39,1100.0,58.7,214.6,5.69,0,0,0,1,0,1,OSF,9.1
6149,M16148,M,298.43,307.62,1616.4,45.93,111.5,3.56,0,0,0,0,0,0,No Failure,157.0
6150,H16149,H,298.08,307.69,1667.7,34.72,177.5,3.35,0,0,0,0,0,0,No Failure,84.6
6151,M16150,M,300.57,312.03,1232.2,32.84,38.0,1.84,0,0,0,0,0,0,No Failure,254.4
6152,M16151,M,298.31,308.18,1588.4,27.34,188.1,2.24,0,0,0,0,0,0,No Failure,80.2
6153,L16152,L,298.38,308.38,1395.9,46.04,118.9,4.54,0,0,0,0,0,0,No Failure,147.4
6154,L16153,L,298.12,308.63,1609.0,37.22,180.6,2.75,0,0,0,0,0,0,No Failure,78.0
6155,L16154,L,299.84,310.35,1521.0,48.44,161.0,3.41,0,0,0,0,0,0,No Failure,91.0
6156,L16155,L,301.89,310.97,1368.6,44.35,58.2,3.46,0,0,0,0,0,0,No Failure,225.9
6157,M16156,M,303.01,312.95,1736.6,29.37,208.7,1.83,0,0,0,0,0,0,No Failure,53.6
6158,M16157,M,298.55,308.58,1463.1,43.17,143.0,2.93,0,0,0,0,0,0,No Failure,119.0
6159,L16158,L,304.3,314.57,1586.3,44.93,196.0,2.61,0,0,0,0,0,0,No Failure,49.7
6160,H16159,H,297.99,308.28,1773.2,43.3,23.5,3.55,0,0,0,0,0,0,No Failure,269.8
6161,L16160,L,302.17,314.75,1373.9,42.89,153.8,3.68,0,0,0,0,0,0,No Failure,105.6
6162,L16161,L,298.56,307.38,1539.4,39.45,73.0,2.0,0,0,0,0,0,0,No Failure,205.8
6163,L16162,L,298.26,309.24,1449.3,46.85,215.2,7.29,1,0,0,0,0,1,TWF,5.4
6164,L16163,L,298.51,309.69,1489.3,35.05,237.4,4.82,1,0,0,0,0,1,TWF,3.3
6165,L16164,L,299.9,310.39,1923.9,36.34,14.0,2.88,0,0,0,0,0,0,No Failure,282.9
6166,L16165,L,301.16,310.51,1619.8,35.42,181.1,0.91,0,0,0,0,0,0,No Failure,79.5
6167,L16166,L,301.34,313.0,1594.1,37.11,25.7,3.1,0,0,0,0,0,0,No Failure,268.4
6168,H16167,H,298.11,305.92,1631.8,36.79,214.4,3.64,1,0,0,0,0,1,TWF,1.0
6169,L16168,L,298.02,307.34,1615.0,38.06,31.1,2.41,0,0,0,0,0,0,No Failure,261.6
6170,L16169,L,298.17,309.34,1211.2,62.93,48.8,2.17,0,0,0,0,0,0,No Failure,232.4
6171,L16170,L,299.78,309.41,1949.1,27.5,62.9,2.78,0,0,0,0,0,0,No Failure,226.4
6172,M16171,M,299.58,311.18,1275.9,44.1,182.0,2.61,0,0,0,0,0,0,No Failure,68.7
6173,L16172,L,298.1,306.59,1848.1,42.59,73.1,2.85,0,0,0,0,0,0,No Failure,195.0
6174,H16173,H,300.54,309.43,1648.6,39.51,149.0,3.25,0,0,0,0,0,0,No Failure,112.5
6175,M16174,M,304.53,313.99,1570.4,43.58,143.0,1.9,0,0,0,0,0,0,No Failure,118.7
6176,M16175,M,298.99,309.41,1483.3,33.24,100.6,2.38,0,0,0,0,0,0,No Failure,178.9
6177,M16176,M,299.13,308.91,2004.3,31.66,134.9,1.99,0,0,0,0,0,0,No Failure,138.9
6178,L16177,L,301.12,310.63,1646.2,42.12,29.5,1.95,0,0,0,0,0,0,No Failure,262.8
6179,L16178,L,298.88,310.3,1541.2,34.21,219.0,3.66,0,0,0,0,0,0,No Failure,34.8
6180,L16179,L,301.34,312.85,1442.2,46.0,51.8,1.74,0,0,0,0,0,0,No Failure,233.6
6181,M16180,M,298.56,308.15,1420.7,40.8,220.1,2.01,0,0,0,0,0,0,No Failure,24.7
6182,L16181,L,303.66,311.95,1547.1,34.27,129.7,3.82,0,0,0,0,0,0,No Failure,128.8
6183,L16182,L,300.69,308.53,1371.4,50.84,153.5,4.73,0,1,0,0,0,1,HDF,7.1
6184,H16183,H,298.76,309.0,1659.7,44.12,64.3,2.46,0,0,0,0,0,0,No Failure,218.2
6185,L16184,L,298.82,309.48,1422.4,43.08,55.6,2.74,0,0,0,0,0,0,No Failure,229.7
6186,H16185,H,298.97,309.04,1717.9,38.08,122.7,1.78,0,0,0,0,0,0,No Failure,148.6
6187,M16186,M,302.75,312.67,1713.9,44.28,66.8,1.95,0,0,0,0,0,0,No Failure,214.9
6188,L16187,L,297.46,306.66,1528.1,36.5,105.8,2.13,0,0,0,0,0,0,No Failure,170.5
6189,L16188,L,298.66,309.32,1641.9,38.98,110.1,3.13,0,0,0,0,0,0,No Failure,163.5
6190,L16189,L,298.88,310.55,1650.8,33.64,67.7,2.9,0,0,0,0,0,0,No Failure,218.2
6191,M16190,M,299.97,307.75,1276.2,39.88,72.9,5.11,0,1,0,0,0,1,HDF,1.2
6192,M16191,M,299.46,309.38,1848.0,29.71,243.2,5.53,1,0,0,0,0,1,TWF,7.2
6193,M16192,M,297.02,306.05,1492.2,32.33,146.9,2.97,0,0,0,0,0,0,No Failure,123.9
6194,H16193,H,299.2,307.71,1662.5,39.07,208.0,1.07,0,0,0,0,0,0,No Failure,32.2
6195,M16194,M,299.8,308.67,1667.5,30.58,11.4,2.68,0,0,0,0,0,0,No Failure,283.8
6196,L16195,L,298.74,309.12,1100.0,44.77,0.5,2.95,0,0,0,0,0,0,No Failure,299.4
6197,L16196,L,301.37,311.78,1420.4,47.44,129.8,1.95,0,0,0,0,0,0,No Failure,132.3
6198,H16197,H,301.84,313.3,1688.4,40.28,206.7,2.89,0,0,0,0,0,0,No Failure,42.1
6199,L16198,L,299.84,309.85,1549.1,36.42,152.7,2.51,0,0,0,0,0,0,No Failure,113.0
6200,L16199,L,300.46,308.7,1661.3,41.04,154.7,3.59,0,0,0,0,0,0,No Failure,91.1
6201,M16200,M,295.68,305.44,1554.5,32.95,34.8,2.19,0,0,0,0,0,0,No Failure,258.1
6202,L16201,L,299.16,307.77,1758.1,31.52,244.6,5.7,1,0,0,0,0,1,TWF,1.0
6203,H16202,H,302.01,310.8,1558.4,41.35,132.4,1.62,0,0,0,0,0,0,No Failure,129.7
6204,M16203,M,299.15,309.73,1792.9,40.7,25.7,2.55,0,0,0,0,0,0,No Failure,267.9
6205,L16204,L,298.53,308.72,1362.6,41.36,103.5,2.99,0,0,0,0,0,0,No Failure,170.1
6206,H16205,H,304.56,315.14,1515.2,35.43,18.0,2.18,0,0,0,0,0,0,No Failure,278.1
6207,L16206,L,303.64,313.28,1431.8,48.78,104.5,3.17,0,0,0,0,0,0,No Failure,164.1
6208,L16207,L,300.94,311.73,1607.6,41.61,177.9,3.05,0,0,0,0,0,0,No Failure,76.6
6209,L16208,L,302.28,311.86,1488.1,41.36,80.9,2.59,0,0,0,0,0,0,No Failure,198.5
6210,L16209,L,295.55,306.66,1496.9,48.35,78.3,2.34,0,0,0,0,0,0,No Failure,198.4
6211,L16210,L,298.42,308.77,1411.8,56.13,128.6,0.65,0,0,0,0,0,0,No Failure,124.0
6212,L16211,L,299.06,308.85,1455.5,43.78,124.6,2.11,0,0,0,0,0,0,No Failure,141.8
6213,L16212,L,299.53,309.74,1536.2,34.93,116.8,3.16,0,0,0,0,0,0,No Failure,158.1
6214,L16213,L,299.02,309.0,1176.2,54.49,129.2,2.34,0,0,0,0,0,0,No Failure,127.5
6215,M16214,M,294.9,306.5,1126.0,47.55,12.0,2.77,0,0,0,0,0,0,No Failure,284.5
6216,H16215,H,300.77,311.02,1548.6,47.44,118.6,2.22,0,0,0,0,0,0,No Failure,146.8
6217,L16216,L,301.09,311.09,1100.0,49.63,248.0,3.85,1,0,0,1,0,1,TWF,1.5
6218,L16217,L,303.2,312.97,1503.4,38.56,191.1,2.95,0,0,0,0,0,0,No Failure,63.6
6219,L16218,L,298.42,309.27,1470.5,34.94,71.9,1.76,0,0,0,0,0,0,No Failure,212.7
6220,L16219,L,298.26,308.97,1635.0,37.97,169.4,2.34,0,0,0,0,0,0,No Failure,91.0
6221,M16220,M,294.64,304.37,1417.7,43.84,82.5,2.72,0,0,0,0,0,0,No Failure,195.3
6222,M16221,M,299.41,308.26,1818.9,38.18,47.9,2.09,0,0,0,0,0,0,No Failure,237.8
6223,L16222,L,301.8,310.9,1689.8,36.34,193.4,3.44,0,0,0,0,0,0,No Failure,63.4
6224,L16223,L,298.78,308.59,1267.3,47.67,52.4,3.68,0,0,0,0,0,0,No Failure,232.2
6225,L16224,L,304.29,315.64,1487.1,36.33,214.7,5.01,1,0,0,0,0,1,TWF,12.5
6226,M16225,M,299.49,309.24,1811.4,31.12,95.1,2.04,0,0,0,0,0,0,No Failure,186.7
6227,L16226,L,300.29,309.7,1413.1,32.71,189.2,2.24,0,0,0,0,0,0,No Failure,72.7
6228,H16227,H,297.27,305.51,1528.5,49.01,64.9,3.19,0,0,0,0,0,0,No Failure,200.3
6229,M16228,M,300.57,312.09,1789.3,32.87,163.2,2.79,0,0,0,0,0,0,No Failure,103.8
6230,L16229,L,296.04,306.61,1441.2,53.12,53.1,2.95,0,0,0,0,0,0,No Failure,229.3
6231,M16230,M,301.39,312.18,1739.0,33.66,5.5,3.29,0,0,0,0,0,0,No Failure,293.4
6232,H16231,H,301.45,312.41,1375.1,30.32,203.7,1.96,0,0,0,0,0,0,No Failure,58.4
6233,M16232,M,302.72,312.55,1100.0,51.39,214.0,2.8,0,0,0,0,0,0,No Failure,18.3
6234,L16233,L,297.96,308.04,1757.9,34.11,220.1,2.53,0,0,0,0,0,0,No Failure,33.6
6235,L16234,L,300.32,311.81,1616.5,37.57,9.1,2.76,0,0,0,0,0,0,No Failure,288.8
6236,H16235,H,301.13,311.31,1628.3,41.59,190.2,3.19,0,0,0,0,0,0,No Failure,61.1
6237,M16236,M,300.88,311.47,1342.4,45.91,209.0,2.41,0,0,0,0,0,0,No Failure,32.0
6238,M16237,M,298.27,309.14,1356.6,41.87,77.9,2.08,0,0,0,0,0,0,No Failure,202.0
6239,H16238,H,295.22,305.86,1743.9,28.0,117.6,1.87,0,0,0,0,0,0,No Failure,162.1
6240,H16239,H,300.69,310.57,1581.5,35.09,102.0,3.55,0,0,0,0,0,0,No Failure,176.0
6241,H16240,H,299.7,309.66,1517.0,43.78,110.0,2.47,0,0,0,0,0,0,No Failure,160.3
6242,L16241,L,298.87,309.64,1577.5,44.04,211.7,1.68,0,0,0,0,0,0,No Failure,31.0
6243,M16242,M,301.53,312.3,1808.0,28.47,104.5,3.33,0,0,0,0,0,0,No Failure,177.2
6244,M16243,M,299.91,311.08,1667.5,43.03,75.6,1.47,0,0,0,0,0,0,No Failure,204.4
6245,M16244,M,297.36,307.91,1453.0,45.28,32.6,1.57,0,0,0,0,0,0,No Failure,258.3
6246,M16245,M,296.14,306.73,1286.8,40.42,168.7,2.31,0,0,0,0,0,0,No Failure,89.3
6247,L16246,L,297.74,307.3,1643.3,38.24,21.1,2.17,0,0,0,0,0,0,No Failure,274.0
6248,M16247,M,304.79,314.2,1372.6,46.3,15.3,2.69,0,0,0,0,0,0,No Failure,280.3
6249,M16248,M,301.45,312.23,1326.4,37.79,170.4,1.34,0,0,0,0,0,0,No Failure,90.0
6250,L16249,L,300.38,309.8,1773.5,24.32,173.6,2.7,0,0,0,0,0,0,No Failure,100.5
6251,L16250,L,299.64,309.62,1694.2,38.73,49.8,3.27,0,0,0,0,0,0,No Failure,238.4
6252,L16251,L,299.51,310.88,1607.0,34.16,239.3,4.08,1,0,0,0,0,1,TWF,9.6
6253,L16252,L,302.33,313.55,1316.3,56.17,197.0,4.24,0,0,0,1,0,1,OSF,1.0
6254,L16253,L,299.02,309.32,1858.3,44.34,171.6,2.02,0,0,0,0,0,0,No Failure,75.3
6255,L16254,L,301.15,310.86,1722.2,38.14,188.6,2.69,0,0,0,0,0,0,No Failure,67.1
6256,M16255,M,299.3,309.18,1483.6,47.1,103.0,1.85,0,0,0,0,0,0,No Failure,167.2
6257,M16256,M,303.88,314.75,1445.8,34.33,113.9,1.78,0,0,0,0,0,0,No Failure,162.0
6258,M16257,M,301.48,311.45,1552.0,29.34,217.6,5.73,1,0,0,0,0,1,TWF,1.5
6259,H16258,H,302.49,311.93,1452.4,40.32,6.4,2.7,0,0,0,0,0,0,No Failure,292.1
6260,L16259,L,298.83,310.05,1933.9,22.02,200.6,2.59,0,0,0,0,0,0,No Failure,72.2
6261,L16260,L,302.12,312.3,1469.0,43.0,111.9,2.24,0,0,0,0,0,0,No Failure,158.5
6262,H16261,H,299.37,308.8,1346.8,39.06,116.0,2.9,0,0,0,0,0,0,No Failure,156.1
6263,L16262,L,300.22,310.7,1822.3,34.26,81.4,2.64,0,0,0,0,0,0,No Failure,201.4
6264,H16263,H,303.27,314.24,1436.1,40.57,151.8,1.8,0,0,0,0,0,0,No Failure,110.3
6265,H16264,H,297.91,306.91,1678.8,40.2,168.9,0.89,0,0,0,0,0,0,No Failure,89.1
6266,M16265,M,300.41,310.21,1658.9,38.45,40.2,2.81,0,0,0,0,0,0,No Failure,250.3
6267,H16266,H,300.88,310.63,1527.5,36.45,141.4,2.35,0,0,0,0,0,0,No Failure,126.8
6268,L16267,L,301.04,311.49,1363.8,34.41,116.2,1.83,0,0,0,0,0,0,No Failure,159.2
6269,L16268,L,299.1,309.73,1529.4,40.37,195.5,3.48,0,0,0,0,0,0,No Failure,56.0
6270,M16269,M,304.17,313.62,1328.6,32.96,136.3,3.47,0,0,0,0,0,0,No Failure,136.0
6271,L16270,L,297.41,305.92,1533.8,47.84,107.4,3.26,0,0,0,0,0,0,No Failure,151.1
6272,H16271,H,302.92,313.95,1676.3,39.5,132.2,2.64,0,0,0,0,0,0,No Failure,135.6
6273,L16272,L,302.43,311.31,1845.5,38.41,122.6,0.6,0,0,0,0,0,0,No Failure,146.0
6274,M16273,M,303.8,314.07,1343.3,37.88,233.8,6.37,1,0,0,0,0,1,TWF,11.2
6275,M16274,M,296.82,306.69,1493.2,42.68,78.0,1.95,0,0,0,0,0,0,No Failure,201.6
6276,M16275,M,298.26,308.42,1444.1,36.88,9.3,2.16,0,0,0,0,0,0,No Failure,288.5
6277,L16276,L,302.98,314.64,1587.0,38.85,165.5,3.04,0,0,0,0,0,0,No Failure,94.9
6278,L16277,L,296.25,309.28,1265.6,40.42,151.0,3.72,0,0,0,0,0,0,No Failure,111.5
6279,H16278,H,296.79,305.15,1371.8,43.16,227.5,4.93,0,1,0,0,0,1,HDF,14.9
6280,L16279,L,299.02,310.01,1235.1,38.93,29.4,2.6,0,0,0,0,0,0,No Failure,263.6
6281,H16280,H,300.38,310.23,1280.5,45.73,130.7,2.94,0,0,0,0,0,0,No Failure,132.6
6282,M16281,M,303.18,314.23,1419.8,30.75,37.7,1.84,0,0,0,0,0,0,No Failure,255.2
6283,M16282,M,299.63,310.59,1837.1,44.89,113.9,1.53,0,0,0,0,0,0,No Failure,148.2
6284,M16283,M,298.78,310.19,1600.2,38.62,199.8,3.15,0,0,0,0,0,0,No Failure,52.7
6285,L16284,L,300.62,310.91,1549.6,38.76,214.3,5.15,1,0,0,0,0,1,TWF,7.4
6286,M16285,M,300.94,310.05,1779.1,38.46,208.5,1.63,0,0,0,0,0,0,No Failure,42.2
6287,H16286,H,300.88,311.81,1606.7,28.25,136.9,2.47,0,0,0,0,0,0,No Failure,139.4
6288,L16287,L,299.64,309.76,1623.5,31.49,158.5,2.87,0,0,0,0,0,0,No Failure,110.8
6289,H16288,H,296.09,305.86,1453.3,45.0,137.9,3.04,0,0,0,0,0,0,No Failure,123.9
6290,L16289,L,298.16,307.69,1423.9,43.27,140.3,2.88,0,0,0,0,0,0,No Failure,122.3
6291,L16290,L,302.84,313.85,1303.3,41.0,221.3,4.36,1,0,0,0,0,1,TWF,2.4
6292,L16291,L,300.37,311.98,1430.4,46.48,52.3,1.99,0,0,0,0,0,0,No Failure,232.7
6293,H16292,H,299.35,308.16,1487.8,42.45,109.7,2.57,0,0,0,0,0,0,No Failure,157.7
6294,L16293,L,302.24,312.86,1599.7,41.05,152.5,2.98,0,0,0,0,0,0,No Failure,109.0
6295,H16294,H,297.74,307.37,1531.4,41.91,191.3,3.04,0,0,0,0,0,0,No Failure,59.3
6296,H16295,H,299.55,308.08,1472.7,35.97,190.5,3.45,0,0,0,0,0,0,No Failure,58.0
6297,L16296,L,300.28,310.42,1374.8,43.11,29.3,2.52,0,0,0,0,0,0,No Failure,262.9
6298,L16297,L,299.12,308.28,1609.4,24.28,55.5,1.83,0,0,0,0,0,0,No Failure,236.2
6299,M16298,M,300.2,308.62,1448.9,37.83,227.9,3.15,0,0,0,0,0,0,No Failure,7.5
6300,L16299,L,299.62,308.84,1601.3,35.75,89.4,2.55,0,0,0,0,0,0,No Failure,191.0
6301,M16300,M,297.2,306.17,1195.5,54.57,0.7,1.73,0,0,0,0,0,0,No Failure,298.5
6302,L16301,L,300.36,309.72,1598.2,41.13,49.9,2.87,0,0,0,0,0,0,No Failure,237.4
6303,L16302,L,297.34,306.02,1671.7,30.63,242.4,5.33,1,0,0,0,0,1,TWF,6.7
6304,M16303,M,300.33,309.94,1648.9,30.97,77.4,2.73,0,0,0,0,0,0,No Failure,207.8
6305,L16304,L,302.75,312.04,1502.8,49.07,153.4,3.35,0,0,0,0,0,0,No Failure,100.2
6306,L16305,L,299.44,309.81,1701.8,33.2,181.7,2.21,0,0,0,0,0,0,No Failure,81.2
6307,L16306,L,297.66,308.25,1310.1,46.6,161.6,2.06,0,0,0,0,0,0,No Failure,92.0
6308,L16307,L,299.75,310.01,1522.0,44.92,94.4,3.01,0,0,0,0,0,0,No Failure,179.5
6309,M16308,M,298.34,308.1,1503.4,39.35,107.6,2.29,0,0,0,0,0,0,No Failure,166.3
6310,H16309,H,301.19,310.93,1723.5,33.75,209.5,3.22,0,0,0,0,0,0,No Failure,47.0
6311,L16310,L,299.7,308.87,1176.3,48.8,165.7,2.6,0,0,0,0,0,0,No Failure,84.5
6312,M16311,M,303.42,312.61,1348.6,40.93,5.9,3.23,0,0,0,0,0,0,No Failure,292.7
6313,M16312,M,302.33,313.03,1850.8,33.42,50.9,2.88,0,0,0,0,0,0,No Failure,238.7
6314,L16313,L,299.69,307.93,1102.9,41.64,71.6,5.07,0,1,0,0,0,1,HDF,11.6
6315,L16314,L,301.43,311.35,1683.8,33.11,91.4,1.31,0,0,0,0,0,0,No Failure,190.0
6316,H16315,H,299.21,308.89,1412.6,46.26,144.2,2.97,0,0,0,0,0,0,No Failure,114.7
6317,M16316,M,300.07,310.67,1583.6,40.85,91.6,2.84,0,0,0,0,0,0,No Failure,185.3
6318,M16317,M,299.28,307.85,1791.1,43.38,206.3,1.89,0,0,0,0,0,0,No Failure,28.8
6319,M16318,M,301.53,311.55,1590.5,43.59,118.5,2.98,0,0,0,0,0,0,No Failure,149.8
6320,L16319,L,302.87,313.21,1794.8,36.29,125.5,3.33,0,0,0,0,0,0,No Failure,146.4
6321,M16320,M,301.6,309.69,1449.9,41.58,106.8,2.08,0,0,0,0,0,0,No Failure,147.7
6322,M16321,M,301.84,310.77,1473.5,37.52,77.6,1.34,0,0,0,0,0,0,No Failure,203.0
6323,M16322,M,301.85,311.75,1678.8,39.26,181.2,3.08,0,0,0,0,0,0,No Failure,75.0
6324,L16323,L,301.1,311.62,1459.3,43.38,57.4,3.26,0,0,0,0,0,0,No Failure,227.3
6325,L16324,L,297.72,307.9,1644.9,33.86,172.4,2.06,0,0,0,0,0,0,No Failure,91.7
6326,L16325,L,303.4,313.96,1749.9,28.22,132.4,2.96,0,0,0,0,0,0,No Failure,144.6
6327,H16326,H,303.61,312.53,1693.4,35.06,25.6,2.7,0,0,0,0,0,0,No Failure,267.3
6328,L16327,L,299.53,307.94,1255.4,55.89,4.5,5.1,0,1,0,0,0,1,HDF,3.4
6329,L16328,L,299.26,309.34,1476.9,41.4,42.4,2.85,0,0,0,0,0,0,No Failure,246.8
6330,L16329,L,301.22,310.0,1588.4,37.97,190.3,2.2,0,0,0,0,0,0,No Failure,60.7
6331,L16330,L,301.1,310.24,1494.3,43.11,96.1,1.84,0,0,0,0,0,0,No Failure,178.3
6332,M16331,M,299.6,310.53,1552.2,42.02,201.2,2.74,0,0,0,0,0,0,No Failure,46.7
6333,M16332,M,297.5,307.69,1590.8,39.46,125.5,2.66,0,0,0,0,0,0,No Failure,144.1
6334,M16333,M,300.61,310.04,1443.7,41.26,8.2,0.97,0,0,0,0,0,0,No Failure,289.7
6335,L16334,L,301.1,310.4,1503.4,36.35,211.5,1.79,0,0,0,0,0,0,No Failure,41.2
6336,M16335,M,301.45,312.07,1326.6,52.26,234.1,4.86,1,0,0,1,0,1,TWF,6.0
6337,L16336,L,300.7,310.91,1452.5,38.32,18.6,2.81,0,0,0,0,0,0,No Failure,277.1
6338,L16337,L,299.46,308.24,1264.7,58.45,52.1,1.59,0,0,0,0,0,0,No Failure,224.9
6339,L16338,L,301.99,310.04,1558.9,39.57,178.9,2.31,0,0,0,0,0,0,No Failure,58.6
6340,L16339,L,300.13,312.01,1503.4,40.28,249.3,6.87,1,0,0,0,0,1,TWF,7.2
6341,L16340,L,299.07,307.85,1374.1,48.99,219.1,2.54,0,0,0,0,0,0,No Failure,10.4
6342,M16341,M,299.64,310.17,1857.6,27.73,24.7,2.58,0,0,0,0,0,0,No Failure,271.0
6343,M16342,M,296.51,308.02,1494.1,44.18,151.8,2.46,0,0,0,0,0,0,No Failure,106.9
6344,H16343,H,299.64,309.78,1589.3,38.56,166.3,3.09,0,0,0,0,0,0,No Failure,94.2
6345,L16344,L,301.38,310.78,1423.7,45.02,157.7,2.53,0,0,0,0,0,0,No Failure,98.6
6346,L16345,L,300.68,309.25,1463.8,36.2,142.0,2.37,0,0,0,0,0,0,No Failure,117.8
6347,L16346,L,303.04,311.6,1596.1,32.74,73.1,2.59,0,0,0,0,0,0,No Failure,203.4
6348,H16347,H,299.47,309.85,1478.5,27.75,167.1,3.3,0,0,0,0,0,0,No Failure,104.3
6349,M16348,M,300.97,312.43,1538.6,35.8,182.1,2.74,0,0,0,0,0,0,No Failure,77.8
6350,M16349,M,301.59,311.19,1682.4,32.09,143.9,2.53,0,0,0,0,0,0,No Failure,127.6
6351,L16350,L,304.69,314.13,1445.3,36.84,124.3,3.21,0,0,0,0,0,0,No Failure,147.5
6352,M16351,M,300.29,310.99,1299.5,45.36,54.8,2.19,0,0,0,0,0,0,No Failure,230.0
6353,L16352,L,297.91,307.23,1264.8,47.89,136.2,0.58,0,0,0,0,0,0,No Failure,123.7
6354,M16353,M,301.7,311.97,1795.5,36.92,32.1,2.77,0,0,0,0,0,0,No Failure,260.7
6355,H16354,H,303.73,313.77,1704.7,39.16,18.2,2.76,0,0,0,0,0,0,No Failure,277.4
6356,H16355,H,299.35,308.95,1655.4,40.8,194.5,2.13,0,0,0,0,0,0,No Failure,56.7
6357,M16356,M,301.68,311.67,1459.9,45.94,169.1,2.34,0,0,0,0,0,0,No Failure,83.1
6358,L16357,L,302.46,314.22,1299.4,48.1,162.3,3.25,0,0,0,0,0,0,No Failure,89.7
6359,H16358,H,302.03,312.64,1487.5,40.72,232.0,5.01,1,0,0,0,0,1,TWF,1.6
6360,M16359,M,300.25,311.34,1521.3,45.94,95.2,3.38,0,0,0,0,0,0,No Failure,177.9
6361,L16360,L,298.6,307.68,1335.5,49.78,99.9,2.66,0,0,0,0,0,0,No Failure,169.5
6362,L16361,L,299.84,310.93,1274.9,36.69,103.4,2.41,0,0,0,0,0,0,No Failure,173.2
6363,L16362,L,300.92,311.56,1228.3,47.64,116.3,2.92,0,0,0,0,0,0,No Failure,149.6
6364,L16363,L,301.82,310.32,1655.7,23.62,128.2,2.72,0,0,0,0,0,0,No Failure,143.2
6365,L16364,L,300.67,311.21,1322.2,32.62,194.5,2.76,0,0,0,0,0,0,No Failure,66.5
6366,M16365,M,299.24,308.73,1593.4,34.09,54.4,2.36,0,0,0,0,0,0,No Failure,234.2
6367,L16366,L,301.11,309.56,1466.8,40.01,108.5,2.16,0,0,0,0,0,0,No Failure,153.8
6368,L16367,L,301.72,311.85,1643.5,33.54,126.3,2.18,0,0,0,0,0,0,No Failure,147.7
6369,M16368,M,300.76,311.3,1598.1,25.11,42.3,2.81,0,0,0,0,0,0,No Failure,251.2
6370,H16369,H,298.33,308.48,1496.5,45.52,175.5,2.89,0,0,0,0,0,0,No Failure,75.4
6371,M16370,M,299.64,309.53,1561.4,33.48,14.1,0.92,0,0,0,0,0,0,No Failure,283.0
6372,L16371,L,301.9,311.57,1518.2,42.94,146.5,2.06,0,0,0,0,0,0,No Failure,114.8
6373,H16372,H,297.23,309.7,1427.9,37.27,50.5,1.55,0,0,0,0,0,0,No Failure,237.9
6374,H16373,H,295.81,304.63,1713.4,31.53,2.1,2.2,0,0,0,0,0,0,No Failure,293.8
6375,L16374,L,303.02,313.89,1462.3,44.07,78.9,2.14,0,0,0,0,0,0,No Failure,199.6
6376,L16375,L,301.02,311.04,1522.5,36.97,107.3,2.59,0,0,0,0,0,0,No Failure,168.3
6377,M16376,M,301.21,310.36,1284.7,47.9,204.3,2.61,0,0,0,0,0,0,No Failure,35.4
6378,H16377,H,297.85,307.8,1587.1,39.75,102.0,3.78,0,0,0,0,0,0,No Failure,173.1
6379,H16378,H,301.48,310.08,1428.7,32.01,228.9,5.69,1,0,0,0,0,1,TWF,3.6
6380,H16379,H,300.55,309.96,1452.6,44.65,210.6,2.88,0,0,0,0,0,0,No Failure,31.5
6381,M16380,M,296.83,306.78,1387.7,36.67,48.2,1.65,0,0,0,0,0,0,No Failure,240.9
6382,M16381,M,302.85,311.3,1515.8,31.81,38.9,2.3,0,0,0,0,0,0,No Failure,242.4
6383,L16382,L,300.32,310.82,1178.8,45.81,61.0,1.85,0,0,0,0,0,0,No Failure,221.9
6384,L16383,L,299.21,308.24,1660.1,41.84,89.9,2.86,0,0,0,0,0,0,No Failure,186.9
6385,L16384,L,299.24,307.79,1531.1,27.99,145.9,2.53,0,0,0,0,0,0,No Failure,120.0
6386,M16385,M,295.97,304.89,1454.4,45.81,31.0,2.3,0,0,0,0,0,0,No Failure,258.6
6387,M16386,M,301.19,313.36,1260.9,49.96,133.0,3.07,0,0,0,0,0,0,No Failure,126.1
6388,M16387,M,300.52,308.55,1615.5,37.66,145.2,2.34,0,0,0,0,0,0,No Failure,101.6
6389,L16388,L,299.61,310.05,1424.5,43.85,165.2,3.3,0,0,0,0,0,0,No Failure,90.2
6390,M16389,M,302.56,311.81,1771.8,31.83,137.5,3.29,0,0,0,0,0,0,No Failure,135.5
6391,L16390,L,297.23,306.88,1625.1,41.7,206.3,2.12,0,0,0,0,0,0,No Failure,40.8
6392,L16391,L,298.81,309.41,1812.7,30.11,160.4,3.17,0,0,0,0,0,0,No Failure,109.9
6393,M16392,M,298.3,308.85,1562.5,27.03,231.1,4.13,1,0,0,0,0,1,TWF,1.0
6394,M16393,M,299.44,308.76,1730.9,34.12,175.2,2.26,0,0,0,0,0,0,No Failure,88.0
6395,H16394,H,300.13,308.78,1620.8,42.63,109.0,2.74,0,0,0,0,0,0,No Failure,155.2
6396,L16395,L,300.86,311.48,1457.3,44.62,52.4,1.55,0,0,0,0,0,0,No Failure,233.2
6397,L16396,L,299.31,309.86,1571.5,50.88,2.6,2.18,0,0,0,0,0,0,No Failure,292.8
6398,L16397,L,298.25,307.96,1388.7,41.43,22.6,2.75,0,0,0,0,0,0,No Failure,271.6
6399,L16398,L,303.37,313.81,1908.3,30.32,47.4,2.32,0,0,0,0,0,0,No Failure,243.7
6400,H16399,H,304.82,314.38,1519.9,37.84,54.1,3.15,0,0,0,0,0,0,No Failure,233.3
6401,M16400,M,300.29,309.46,1542.7,33.46,185.5,2.26,0,0,0,0,0,0,No Failure,76.3
6402,H16401,H,298.49,308.49,1607.8,34.01,96.5,2.57,0,0,0,0,0,0,No Failure,183.3
6403,L16402,L,302.95,313.47,1343.4,37.39,81.1,2.43,0,0,0,0,0,0,No Failure,200.2
6404,H16403,H,297.11,307.42,1774.5,17.75,13.1,4.82,0,0,1,0,0,1,PWF,4.3
6405,L16404,L,299.33,309.84,1354.5,40.24,134.7,2.74,0,0,0,0,0,0,No Failure,132.0
6406,H16405,H,298.61,307.85,1314.0,45.83,153.2,2.69,0,0,0,0,0,0,No Failure,103.6
6407,L16406,L,297.68,309.26,1508.2,44.2,219.5,1.34,0,0,0,0,0,0,No Failure,20.8
6408,L16407,L,299.44,309.1,1309.0,41.81,125.7,1.02,0,0,0,0,0,0,No Failure,141.9
6409,M16408,M,298.27,308.15,1817.6,29.06,1.9,2.23,0,0,0,0,0,0,No Failure,297.7
6410,H16409,H,300.03,308.71,1496.7,47.3,16.3,3.24,0,0,0,0,0,0,No Failure,272.6
6411,L16410,L,300.05,309.86,1100.0,45.23,67.8,4.13,0,0,0,0,0,0,No Failure,213.4
6412,L16411,L,298.76,309.29,1573.8,36.98,34.8,1.41,0,0,0,0,0,0,No Failure,257.3
6413,H16412,H,299.26,310.02,1637.1,43.35,192.6,3.48,0,0,0,0,0,0,No Failure,56.0
6414,L16413,L,299.54,311.1,1462.6,36.06,27.0,3.2,0,0,0,0,0,0,No Failure,267.1
6415,L16414,L,301.62,312.14,1295.3,35.59,40.2,2.15,0,0,0,0,0,0,No Failure,251.0
6416,L16415,L,299.7,309.98,1519.5,51.43,166.7,3.63,0,0,0,0,0,0,No Failure,78.7
6417,L16416,L,301.65,311.2,1451.8,46.92,59.9,2.78,0,0,0,0,0,0,No Failure,222.8
6418,H16417,H,301.17,310.51,1363.4,49.82,242.3,3.98,1,0,0,0,0,1,TWF,10.2
6419,M16418,M,301.14,312.11,1347.6,43.9,215.8,1.43,0,0,0,0,0,0,No Failure,25.9
6420,M16419,M,302.78,313.73,1566.0,42.8,186.1,2.56,0,0,0,0,0,0,No Failure,64.8
6421,H16420,H,297.76,306.68,1699.6,17.87,85.8,5.02,0,0,1,0,0,1,PWF,14.4
6422,L16421,L,299.05,309.78,1620.6,33.96,14.2,3.84,0,0,0,0,0,0,No Failure,282.8
6423,L16422,L,303.53,314.18,1228.7,55.47,84.1,1.93,0,0,0,0,0,0,No Failure,187.2
6424,L16423,L,299.49,308.37,1648.2,26.63,94.2,1.97,0,0,0,0,0,0,No Failure,188.1
6425,L16424,L,294.37,304.91,1676.3,33.46,31.9,2.19,0,0,0,0,0,0,No Failure,261.6
6426,L16425,L,299.59,308.54,1787.5,35.8,30.2,4.09,0,0,0,0,0,0,No Failure,262.2
6427,H16426,H,300.27,307.84,1368.0,38.37,167.0,3.83,0,1,0,0,0,1,HDF,5.9
6428,M16427,M,294.77,304.61,1527.9,39.32,58.1,3.28,0,0,0,0,0,0,No Failure,227.8
6429,L16428,L,302.67,312.93,1639.6,39.29,169.5,1.57,0,0,0,0,0,0,No Failure,89.5
6430,M16429,M,298.57,308.46,1443.6,43.68,137.1,2.76,0,0,0,0,0,0,No Failure,126.1
6431,M16430,M,300.66,313.52,1636.8,33.85,225.4,5.29,1,0,0,0,0,1,TWF,11.1
6432,H16431,H,299.55,309.93,1533.7,33.32,199.3,2.08,0,0,0,0,0,0,No Failure,59.8
6433,H16432,H,297.42,307.57,1386.5,46.05,37.8,2.93,0,0,0,0,0,0,No Failure,251.4
6434,M16433,M,297.86,308.29,1401.7,45.18,152.5,2.02,0,0,0,0,0,0,No Failure,105.1
6435,M16434,M,298.13,307.69,1761.6,36.09,163.3,1.53,0,0,0,0,0,0,No Failure,100.5
6436,M16435,M,302.17,313.1,1359.6,44.93,215.5,2.31,0,0,0,0,0,0,No Failure,24.9
6437,M16436,M,299.7,310.07,1328.9,47.53,160.2,1.95,0,0,0,0,0,0,No Failure,92.9
6438,L16437,L,298.96,309.27,1599.6,43.65,35.2,2.66,0,0,0,0,0,0,No Failure,255.4
6439,L16438,L,298.13,307.51,1532.5,41.32,64.6,2.33,0,0,0,0,0,0,No Failure,219.0
6440,M16439,M,302.39,310.83,1303.2,46.72,159.4,5.74,0,1,0,0,0,1,HDF,11.8
6441,L16440,L,302.93,312.43,1445.0,37.83,228.0,2.31,0,0,0,0,0,0,No Failure,18.9
6442,L16441,L,302.37,312.65,1391.8,52.81,222.9,5.64,1,0,0,1,0,1,TWF,5.2
6443,M16442,M,300.98,310.54,1423.1,34.3,89.8,1.8,0,0,0,0,0,0,No Failure,191.3
6444,L16443,L,300.58,310.87,1990.0,28.73,207.7,2.24,0,0,0,0,0,0,No Failure,55.6
6445,M16444,M,297.57,307.34,1483.8,36.87,127.8,1.95,0,0,0,0,0,0,No Failure,143.2
6446,M16445,M,299.51,309.94,1380.3,30.68,116.1,3.21,0,0,0,0,0,0,No Failure,162.0
6447,H16446,H,298.63,307.66,1899.9,34.06,87.7,2.05,0,0,0,0,0,0,No Failure,193.9
6448,L16447,L,296.35,306.54,1697.0,33.93,169.6,2.11,0,0,0,0,0,0,No Failure,95.0
6449,L16448,L,302.11,311.47,1667.7,36.2,149.9,2.68,0,0,0,0,0,0,No Failure,116.7
6450,M16449,M,298.61,307.07,1388.9,41.95,93.7,2.07,0,0,0,0,0,0,No Failure,171.4
6451,H16450,H,302.39,312.23,1751.3,39.53,190.7,3.35,0,0,0,0,0,0,No Failure,62.9
6452,H16451,H,301.76,313.3,1684.1,41.8,94.8,3.67,0,0,0,0,0,0,No Failure,180.8
6453,L16452,L,301.11,309.65,1564.3,30.65,146.1,1.96,0,0,0,0,0,0,No Failure,117.2
6454,L16453,L,301.23,311.35,1230.8,61.11,98.1,3.01,0,0,0,0,0,0,No Failure,165.0
6455,H16454,H,298.77,309.57,1534.4,37.42,29.2,1.99,0,0,0,0,0,0,No Failure,264.1
6456,L16455,L,303.72,316.02,1847.7,36.59,40.3,2.29,0,0,0,0,0,0,No Failure,250.6
6457,M16456,M,300.09,309.59,1577.4,39.3,164.2,2.91,0,0,0,0,0,0,No Failure,96.1
6458,L16457,L,300.6,309.97,1470.6,41.54,202.8,2.58,0,0,0,0,0,0,No Failure,45.4
6459,L16458,L,298.7,307.54,1497.1,43.98,117.1,2.6,0,0,0,0,0,0,No Failure,147.9
6460,L16459,L,298.14,309.28,1509.5,48.98,81.4,3.16,0,0,0,0,0,0,No Failure,194.1
6461,L16460,L,300.95,310.09,1394.9,48.45,84.1,3.15,0,0,0,0,0,0,No Failure,190.8
6462,M16461,M,300.44,310.06,1530.6,37.5,149.4,2.53,0,0,0,0,0,0,No Failure,116.1
6463,H16462,H,298.42,306.57,1796.2,32.81,116.9,2.12,0,0,0,0,0,0,No Failure,142.5
6464,L16463,L,297.12,308.01,1776.0,29.84,0.2,2.5,0,0,0,0,0,0,No Failure,299.8
6465,H16464,H,297.46,308.62,1403.0,47.77,192.9,1.89,0,0,0,0,0,0,No Failure,50.4
6466,L16465,L,302.39,313.24,1766.4,38.1,35.6,2.97,0,0,0,0,0,0,No Failure,256.1
6467,M16466,M,298.77,307.17,1674.2,33.44,168.7,2.39,0,0,0,0,0,0,No Failure,84.5
6468,L16467,L,299.32,309.93,1651.4,45.62,86.1,1.84,0,0,0,0,0,0,No Failure,189.8
6469,H16468,H,302.9,311.23,1615.3,44.66,144.5,3.3,0,0,0,0,0,0,No Failure,102.3
6470,M16469,M,297.76,307.81,1371.5,56.51,213.8,4.92,1,0,0,1,0,1,TWF,6.4
6471,M16470,M,298.55,308.75,1465.4,35.42,38.6,2.05,0,0,0,0,0,0,No Failure,253.0
6472,H16471,H,298.46,308.77,1687.1,34.86,194.4,3.19,0,0,0,0,0,0,No Failure,63.9
6473,M16472,M,303.24,313.77,1322.0,44.01,9.6,3.25,0,0,0,0,0,0,No Failure,287.8
6474,H16473,H,303.99,313.98,1351.7,62.61,230.3,3.98,0,0,0,1,0,1,OSF,7.9
6475,M16474,M,301.5,309.54,1592.8,37.74,50.4,3.16,0,0,0,0,0,0,No Failure,218.7
6476,H16475,H,301.57,312.1,1396.7,51.82,198.6,2.59,0,0,0,0,0,0,No Failure,38.1
6477,M16476,M,298.84,308.94,1685.5,42.84,16.8,3.08,0,0,0,0,0,0,No Failure,278.8
6478,L16477,L,303.89,312.99,1403.0,42.18,81.8,2.46,0,0,0,0,0,0,No Failure,197.0
6479,M16478,M,300.54,308.97,1581.7,38.32,158.4,2.73,0,0,0,0,0,0,No Failure,92.9
6480,L16479,L,301.71,313.25,1596.7,41.24,164.7,2.32,0,0,0,0,0,0,No Failure,93.5
6481,M16480,M,299.79,311.02,1451.7,50.14,174.7,3.1,0,0,0,0,0,0,No Failure,71.4
6482,L16481,L,299.46,310.17,1495.1,38.93,87.7,2.1,0,0,0,0,0,0,No Failure,191.3
6483,M16482,M,303.33,312.65,1416.3,38.8,166.5,3.12,0,0,0,0,0,0,No Failure,93.7
6484,L16483,L,301.08,308.56,1534.7,45.62,107.1,2.61,0,0,0,0,0,0,No Failure,132.5
6485,L16484,L,302.9,313.67,1365.9,35.9,141.5,2.95,0,0,0,0,0,0,No Failure,127.3
6486,L16485,L,300.51,310.88,1498.0,41.82,136.8,1.89,0,0,0,0,0,0,No Failure,128.0
6487,H16486,H,298.3,307.93,1672.0,43.31,42.0,2.75,0,0,0,0,0,0,No Failure,246.8
6488,L16487,L,298.83,309.96,1334.5,47.97,211.6,2.82,0,0,0,0,0,0,No Failure,25.9
6489,L16488,L,300.21,311.05,1450.8,37.39,216.8,5.98,1,0,0,0,0,1,TWF,14.9
6490,M16489,M,298.75,308.92,1630.8,29.78,50.9,2.92,0,0,0,0,0,0,No Failure,239.7
6491,M16490,M,297.79,307.82,1166.1,59.76,104.1,2.15,0,0,0,0,0,0,No Failure,157.6
6492,L16491,L,302.4,312.45,1870.1,30.85,116.2,2.12,0,0,0,0,0,0,No Failure,161.7
6493,L16492,L,298.91,309.59,1725.1,28.47,137.2,2.96,0,0,0,0,0,0,No Failure,138.7
6494,L16493,L,300.28,309.42,1262.6,55.49,5.6,2.18,0,0,0,0,0,0,No Failure,292.5
6495,H16494,H,300.59,311.02,1161.3,57.27,189.7,2.19,0,0,0,0,0,0,No Failure,43.4
6496,L16495,L,298.82,307.9,1543.3,31.52,215.5,4.35,1,0,0,0,0,1,TWF,9.5
6497,L16496,L,302.9,314.24,1337.5,62.46,35.5,2.58,0,0,0,0,0,0,No Failure,243.3
6498,L16497,L,297.77,308.3,1710.1,31.3,224.2,2.63,0,0,0,0,0,0,No Failure,32.7
6499,L16498,L,300.52,309.84,1608.5,42.79,212.7,2.3,0,0,0,0,0,0,No Failure,31.3
6500,M16499,M,300.49,310.57,1560.1,52.37,135.6,3.52,0,0,0,0,0,0,No Failure,115.2
6501,L16500,L,299.89,309.04,1435.9,48.0,68.7,2.84,0,0,0,0,0,0,No Failure,211.0
6502,L16501,L,297.41,308.91,1824.4,34.7,51.9,3.55,0,0,0,0,0,0,No Failure,237.1
6503,L16502,L,301.74,313.36,1672.9,25.84,122.3,2.58,0,0,0,0,0,0,No Failure,158.3
6504,L16503,L,301.49,312.18,1646.0,50.74,126.8,2.06,0,0,0,0,0,0,No Failure,126.1
6505,L16504,L,298.65,310.21,1752.8,40.29,163.0,1.9,0,0,0,0,0,0,No Failure,96.6
6506,H16505,H,301.41,311.57,1355.6,34.36,200.4,2.43,0,0,0,0,0,0,No Failure,57.2
6507,M16506,M,300.75,311.51,1768.0,44.75,233.6,6.4,1,0,0,0,0,1,TWF,4.8
6508,H16507,H,297.44,308.66,1490.6,40.68,199.1,2.32,0,0,0,0,0,0,No Failure,51.1
6509,H16508,H,298.29,308.29,1597.9,35.61,227.3,5.97,1,0,0,0,0,1,TWF,10.5
6510,M16509,M,302.28,312.35,1510.0,35.73,124.8,3.34,0,0,0,0,0,0,No Failure,147.7
6511,L16510,L,300.62,311.55,1201.9,51.12,9.7,2.02,0,0,0,0,0,0,No Failure,287.2
6512,M16511,M,298.87,309.52,1709.4,40.76,13.0,1.84,0,0,0,0,0,0,No Failure,283.8
6513,H16512,H,298.28,307.53,1211.4,46.07,67.1,3.07,0,0,0,0,0,0,No Failure,213.9
6514,M16513,M,298.97,306.78,1365.0,44.85,153.5,5.68,0,1,0,0,0,1,HDF,9.8
6515,M16514,M,299.11,308.94,1456.9,64.85,83.8,4.95,0,0,1,0,0,1,PWF,10.6
6516,L16515,L,298.31,306.21,1188.3,53.82,41.5,4.77,0,1,0,0,0,1,HDF,7.6
6517,H16516,H,296.52,305.53,1341.0,51.5,212.6,4.79,1,0,0,0,0,1,TWF,10.6
6518,M16517,M,302.28,311.41,1581.8,31.22,246.2,4.37,1,0,0,0,0,1,TWF,3.8
6519,H16518,H,301.94,311.37,1475.9,31.15,4.2,2.61,0,0,0,0,0,0,No Failure,295.0
6520,L16519,L,297.45,308.27,1490.7,50.5,22.4,2.78,0,0,0,0,0,0,No Failure,270.7
6521,L16520,L,300.27,311.31,1374.2,51.91,124.8,1.93,0,0,0,0,0,0,No Failure,135.3
6522,L16521,L,298.2,308.7,1546.3,50.8,84.4,2.55,0,0,0,0,0,0,No Failure,186.9
6523,M16522,M,299.48,310.11,1479.8,39.99,195.5,2.21,0,0,0,0,0,0,No Failure,56.3
6524,L16523,L,299.31,309.97,1244.3,57.0,163.6,3.13,0,0,0,0,0,0,No Failure,79.0
6525,L16524,L,299.14,306.65,1502.0,22.07,17.1,4.46,0,0,1,0,0,1,PWF,8.9
6526,H16525,H,304.01,314.02,1315.7,49.39,136.2,2.14,0,0,0,0,0,0,No Failure,122.4
6527,L16526,L,299.12,307.32,1698.7,42.55,84.1,1.91,0,0,0,0,0,0,No Failure,177.9
6528,H16527,H,298.38,308.89,1467.9,36.06,241.3,5.77,1,0,0,0,0,1,TWF,3.1
6529,L16528,L,298.47,306.38,1989.4,37.55,118.8,3.09,0,0,0,0,0,0,No Failure,131.9
6530,H16529,H,302.09,311.91,1711.1,33.81,231.9,3.65,0,0,0,0,0,0,No Failure,19.8
6531,M16530,M,296.7,307.24,1514.7,39.05,7.5,2.31,0,0,0,0,0,0,No Failure,290.6
6532,H16531,H,298.47,307.36,1641.7,34.74,25.8,1.89,0,0,0,0,0,0,No Failure,266.3
6533,H16532,H,302.89,313.86,1163.9,62.62,96.6,2.42,0,0,0,0,0,0,No Failure,166.2
6534,L16533,L,300.49,310.99,1710.3,31.9,221.7,4.07,1,0,0,0,0,1,TWF,4.7
6535,L16534,L,300.38,310.76,1391.2,39.09,136.2,2.12,0,0,0,0,0,0,No Failure,131.1
6536,L16535,L,304.26,314.96,1554.1,32.61,206.0,2.78,0,0,0,0,0,0,No Failure,52.6
6537,M16536,M,300.49,310.13,1407.8,40.04,70.9,3.16,0,0,0,0,0,0,No Failure,211.7
6538,H16537,H,298.58,308.74,1426.8,43.42,27.9,2.75,0,0,0,0,0,0,No Failure,264.7
6539,L16538,L,299.44,309.45,1505.6,44.32,61.5,2.57,0,0,0,0,0,0,No Failure,221.7
6540,M16539,M,297.73,307.72,1551.8,33.39,161.3,2.99,0,0,0,0,0,0,No Failure,105.5
6541,L16540,L,302.51,311.84,1533.2,41.74,217.9,2.36,0,0,0,0,0,0,No Failure,26.2
6542,H16541,H,301.15,309.91,1537.6,43.3,113.7,3.37,0,0,0,0,0,0,No Failure,151.1
6543,H16542,H,302.25,311.91,1247.0,41.59,48.4,4.3,0,0,0,0,0,0,No Failure,239.2
6544,L16543,L,302.43,312.03,1955.4,31.13,159.4,2.12,0,0,0,0,0,0,No Failure,110.1
6545,L16544,L,299.17,308.43,1579.5,37.39,49.2,3.23,0,0,0,0,0,0,No Failure,239.4
6546,L16545,L,298.11,308.96,1616.3,37.64,142.6,3.23,0,0,0,0,0,0,No Failure,124.4
6547,M16546,M,299.9,308.72,1477.1,36.91,25.6,2.82,0,0,0,0,0,0,No Failure,265.2
6548,M16547,M,298.25,308.08,1381.5,42.48,202.8,3.27,0,0,0,0,0,0,No Failure,44.2
6549,L16548,L,300.33,311.5,1565.0,38.56,201.3,2.71,0,0,0,0,0,0,No Failure,50.9
6550,L16549,L,302.26,313.17,1589.8,50.79,135.3,2.89,0,0,0,0,0,0,No Failure,117.8
6551,L16550,L,299.66,310.88,1771.0,34.19,9.5,2.55,0,0,0,0,0,0,No Failure,288.4
6552,M16551,M,300.3,309.71,1909.9,40.78,70.0,2.58,0,0,0,0,0,0,No Failure,210.8
6553,M16552,M,299.81,310.6,1802.4,43.19,34.6,2.88,0,0,0,0,0,0,No Failure,254.7
6554,L16553,L,301.61,310.54,1221.8,39.88,130.9,2.75,0,0,0,0,0,0,No Failure,135.8
6555,M16554,M,298.66,308.39,1455.6,39.18,25.4,1.87,0,0,0,0,0,0,No Failure,268.4
6556,M16555,M,295.61,305.43,1598.1,47.46,217.4,2.81,0,0,0,0,0,0,No Failure,19.1
6557,L16556,L,300.94,310.37,1466.3,42.19,212.5,2.35,0,0,0,0,0,0,No Failure,32.3
6558,L16557,L,301.98,311.61,1530.2,38.4,39.0,2.17,0,0,0,0,0,0,No Failure,251.8
6559,M16558,M,300.89,310.4,1154.0,57.24,173.7,3.08,0,0,0,0,0,0,No Failure,65.1
6560,H16559,H,298.72,307.74,1701.6,42.73,174.1,1.94,0,0,0,0,0,0,No Failure,80.1
6561,L16560,L,297.73,308.59,1202.3,49.7,99.2,2.34,0,0,0,0,0,0,No Failure,170.5
6562,L16561,L,300.99,310.81,1256.5,45.8,38.2,1.86,0,0,0,0,0,0,No Failure,251.0
6563,L16562,L,300.28,310.48,1356.4,27.69,33.0,2.26,0,0,0,0,0,0,No Failure,261.3
6564,M16563,M,299.75,309.91,1520.5,39.79,184.9,3.94,0,0,0,0,0,0,No Failure,69.9
6565,L16564,L,303.64,313.7,1247.5,45.43,55.0,2.04,0,0,0,0,0,0,No Failure,229.6
6566,L16565,L,298.11,308.2,1348.2,37.46,150.9,2.41,0,0,0,0,0,0,No Failure,114.4
6567,M16566,M,303.55,313.24,1743.7,32.97,216.5,4.89,1,0,0,0,0,1,TWF,12.1
6568,M16567,M,300.06,311.48,1517.9,36.61,148.3,2.76,0,0,0,0,0,0,No Failure,118.3
6569,L16568,L,296.33,307.09,1615.6,38.32,243.5,5.69,1,0,0,0,0,1,TWF,9.3
6570,L16569,L,299.64,309.66,1316.7,43.62,161.4,2.08,0,0,0,0,0,0,No Failure,95.3
6571,M16570,M,301.92,311.47,1528.4,42.39,78.7,2.9,0,0,0,0,0,0,No Failure,200.8
6572,L16571,L,299.27,309.15,1513.7,40.86,213.1,4.23,1,0,0,0,0,1,TWF,9.6
6573,L16572,L,297.05,307.47,1395.6,51.91,77.7,3.8,0,0,0,0,0,0,No Failure,197.4
6574,H16573,H,299.67,311.17,1528.9,35.5,242.9,4.04,1,0,0,0,0,1,TWF,4.2
6575,L16574,L,298.29,306.91,1199.3,62.49,119.4,3.51,0,0,0,0,0,0,No Failure,127.2
6576,M16575,M,300.98,311.64,1616.5,44.59,238.3,4.98,1,0,0,0,0,1,TWF,6.0
6577,H16576,H,301.55,312.67,1466.5,51.32,45.9,3.02,0,0,0,0,0,0,No Failure,239.6
6578,L16577,L,297.89,306.4,1492.0,41.98,2.8,2.41,0,0,0,0,0,0,No Failure,286.7
6579,L16578,L,298.59,308.41,1690.5,33.52,49.0,2.22,0,0,0,0,0,0,No Failure,240.9
6580,M16579,M,301.51,310.45,1615.3,33.38,24.6,2.34,0,0,0,0,0,0,No Failure,269.1
6581,H16580,H,298.28,308.71,1481.0,52.78,183.5,3.13,0,0,0,0,0,0,No Failure,55.1
6582,H16581,H,297.84,307.48,1338.1,52.52,66.1,2.81,0,0,0,0,0,0,No Failure,212.5
6583,M16582,M,297.64,307.51,1775.8,26.73,159.9,1.38,0,0,0,0,0,0,No Failure,113.8
6584,L16583,L,300.7,310.29,1298.1,53.06,167.2,1.73,0,0,0,0,0,0,No Failure,78.2
6585,M16584,M,300.62,311.34,1650.7,30.57,172.1,2.42,0,0,0,0,0,0,No Failure,95.6
6586,L16585,L,298.63,308.86,1252.1,50.19,208.2,2.82,0,0,0,0,0,0,No Failure,27.6
6587,L16586,L,300.01,310.24,1702.3,41.03,37.2,2.36,0,0,0,0,0,0,No Failure,253.4
6588,L16587,L,303.05,313.21,1718.9,45.11,12.6,2.2,0,0,0,0,0,0,No Failure,282.7
6589,L16588,L,298.05,308.62,1195.6,51.85,7.4,1.91,0,0,0,0,0,0,No Failure,290.2
6590,M16589,M,296.1,305.83,1618.4,36.13,25.9,3.05,0,0,0,0,0,0,No Failure,268.3
6591,L16590,L,300.91,312.61,1603.6,37.72,94.8,2.56,0,0,0,0,0,0,No Failure,183.2
6592,L16591,L,299.78,308.54,1663.8,43.53,241.8,3.51,0,0,0,0,0,0,No Failure,1.0
6593,L16592,L,298.58,306.85,1603.4,42.94,88.3,1.72,0,0,0,0,0,0,No Failure,173.8
6594,H16593,H,301.3,309.5,1365.7,43.82,113.2,4.54,0,1,0,0,0,1,HDF,1.0
6595,M16594,M,301.68,309.6,1499.1,26.98,203.6,2.83,0,0,0,0,0,0,No Failure,41.0
6596,L16595,L,295.58,306.26,1836.0,15.64,229.6,4.73,1,0,1,0,0,1,TWF,10.6
6597,L16596,L,298.69,309.25,1339.7,46.36,242.9,5.81,1,0,0,1,0,1,TWF,4.1
6598,L16597,L,304.64,315.84,1595.8,29.33,206.6,2.2,0,0,0,0,0,0,No Failure,56.1
6599,H16598,H,301.17,310.11,1744.1,30.7,125.6,2.39,0,0,0,0,0,0,No Failure,149.5
6600,M16599,M,301.35,312.1,1360.7,42.51,57.4,2.6,0,0,0,0,0,0,No Failure,227.6
6601,M16600,M,302.35,312.4,1284.4,61.25,149.6,1.9,0,0,0,0,0,0,No Failure,91.6
6602,M16601,M,300.03,310.2,1311.4,46.61,49.2,3.12,0,0,0,0,0,0,No Failure,236.7
6603,L16602,L,301.59,312.22,1608.7,42.34,13.9,1.02,0,0,0,0,0,0,No Failure,282.4
6604,H16603,H,301.44,310.68,1309.8,49.34,229.8,4.42,1,0,0,0,0,1,TWF,11.8
6605,M16604,M,301.08,313.67,1513.8,22.68,121.2,1.49,0,0,0,0,0,0,No Failure,161.9
6606,L16605,L,299.36,310.69,1783.5,30.85,127.1,3.16,0,0,0,0,0,0,No Failure,148.8
6607,L16606,L,300.34,309.81,1528.8,30.71,152.3,2.63,0,0,0,0,0,0,No Failure,118.9
6608,M16607,M,298.82,307.73,1398.8,54.99,112.9,2.18,0,0,0,0,0,0,No Failure,146.6
6609,H16608,H,300.03,309.94,1560.4,25.72,111.1,2.56,0,0,0,0,0,0,No Failure,171.3
6610,L16609,L,297.66,307.85,1525.7,36.38,228.8,2.66,0,0,0,0,0,0,No Failure,20.0
6611,H16610,H,298.42,309.48,1619.0,35.23,204.1,1.76,0,0,0,0,0,0,No Failure,51.6
6612,M16611,M,299.44,308.27,1827.8,25.92,53.1,2.59,0,0,0,0,0,0,No Failure,235.0
6613,L16612,L,298.11,308.4,1609.0,38.0,72.9,3.33,0,0,0,0,0,0,No Failure,210.0
6614,L16613,L,298.99,307.46,1902.0,31.25,165.2,3.44,0,0,0,0,0,0,No Failure,92.5
6615,L16614,L,299.67,310.11,1619.5,38.19,142.8,3.01,0,0,0,0,0,0,No Failure,123.7
6616,M16615,M,300.8,310.7,1400.6,46.35,191.5,2.65,0,0,0,0,0,0,No Failure,53.8
6617,L16616,L,301.9,313.84,1947.6,32.46,181.9,3.05,0,0,0,0,0,0,No Failure,81.7
6618,L16617,L,299.07,307.53,1515.7,42.25,177.1,2.92,0,0,0,0,0,0,No Failure,65.9
6619,M16618,M,302.67,314.04,1349.2,52.26,220.1,4.17,1,0,0,0,0,1,TWF,14.2
6620,M16619,M,301.88,310.17,1953.9,19.16,191.6,1.95,0,0,0,0,0,0,No Failure,71.7
6621,L16620,L,301.01,309.68,1406.8,47.55,60.7,2.88,0,0,0,0,0,0,No Failure,215.0
6622,L16621,L,300.31,308.63,1399.7,35.55,218.2,3.64,1,0,0,0,0,1,TWF,1.0
6623,L16622,L,300.64,310.89,1439.3,37.19,83.9,1.88,0,0,0,0,0,0,No Failure,196.9
6624,M16623,M,302.37,311.2,1567.5,39.13,227.7,6.2,1,0,0,0,0,1,TWF,10.1
6625,H16624,H,302.45,311.1,1704.6,38.08,206.1,2.54,0,0,0,0,0,0,No Failure,38.7
6626,L16625,L,302.67,312.87,1100.0,58.25,18.5,2.46,0,0,0,0,0,0,No Failure,274.8
6627,H16626,H,300.08,310.53,1703.8,28.6,192.8,1.78,0,0,0,0,0,0,No Failure,73.2
6628,M16627,M,301.11,311.15,1438.7,53.12,125.0,2.23,0,0,0,0,0,0,No Failure,134.1
6629,M16628,M,302.69,312.52,1464.1,38.06,244.3,5.39,1,0,0,0,0,1,TWF,12.8
6630,M16629,M,298.75,310.58,1845.0,27.48,114.6,1.96,0,0,0,0,0,0,No Failure,166.0
6631,L16630,L,299.36,309.51,1576.2,29.16,16.8,1.77,0,0,0,0,0,0,No Failure,280.2
6632,L16631,L,300.03,310.84,1618.1,27.49,73.3,3.55,0,0,0,0,0,0,No Failure,214.3
6633,M16632,M,301.8,311.94,1529.3,29.43,107.6,3.35,0,0,0,0,0,0,No Failure,173.0
6634,M16633,M,301.83,310.73,1674.7,38.03,148.0,2.44,0,0,0,0,0,0,No Failure,115.4
6635,M16634,M,299.54,310.09,1827.6,37.06,38.0,1.7,0,0,0,0,0,0,No Failure,253.3
6636,L16635,L,296.98,306.33,1100.0,48.5,128.8,1.46,0,0,0,0,0,0,No Failure,132.8
6637,H16636,H,300.49,310.4,1732.1,26.65,120.9,2.23,0,0,0,0,0,0,No Failure,159.3
6638,M16637,M,298.16,308.47,1814.9,31.58,209.2,3.09,1,0,0,0,0,1,TWF,1.1
6639,L16638,L,297.02,305.08,1627.7,37.54,75.6,2.23,0,0,0,0,0,0,No Failure,188.1
6640,L16639,L,297.47,305.86,1416.8,44.19,112.4,1.29,0,0,0,0,0,0,No Failure,144.9
6641,M16640,M,300.65,311.56,1331.7,38.3,97.2,2.44,0,0,0,0,0,0,No Failure,179.9
6642,M16641,M,302.72,312.06,1960.8,29.43,158.1,2.62,0,0,0,0,0,0,No Failure,113.3
6643,L16642,L,300.08,309.46,1376.0,54.57,209.0,4.62,1,0,0,1,0,1,TWF,7.5
6644,H16643,H,300.42,310.59,1809.7,24.79,168.9,3.8,0,0,0,0,0,0,No Failure,105.3
6645,L16644,L,302.37,311.98,1607.9,37.11,116.3,2.38,0,0,0,0,0,0,No Failure,157.2
6646,L16645,L,296.91,307.33,1904.2,35.01,159.5,3.54,0,0,0,0,0,0,No Failure,106.2
6647,H16646,H,301.04,310.99,1481.0,33.74,80.6,2.68,0,0,0,0,0,0,No Failure,202.7
6648,H16647,H,299.98,310.18,1250.2,52.27,36.0,3.71,0,0,0,0,0,0,No Failure,252.4
6649,M16648,M,301.13,310.43,1538.4,29.63,79.9,1.45,0,0,0,0,0,0,No Failure,205.5
6650,H16649,H,299.03,309.23,1271.9,51.61,110.9,1.85,0,0,0,0,0,0,No Failure,153.8
6651,L16650,L,298.36,309.47,2017.2,30.05,109.8,2.33,0,0,0,0,0,0,No Failure,169.9
6652,H16651,H,300.28,309.71,1650.7,26.41,184.4,3.46,0,0,0,0,0,0,No Failure,85.6
6653,L16652,L,303.3,314.21,1677.3,40.59,234.1,4.26,1,0,0,0,0,1,TWF,6.4
6654,L16653,L,301.72,311.67,1677.4,29.5,97.2,2.09,0,0,0,0,0,0,No Failure,185.1
6655,L16654,L,298.98,309.72,1413.8,41.36,21.6,2.86,0,0,0,0,0,0,No Failure,272.9
6656,L16655,L,297.32,307.45,1514.4,44.03,8.4,3.04,0,0,0,0,0,0,No Failure,289.4
6657,L16656,L,296.64,306.6,1557.8,31.77,1.0,2.04,0,0,0,0,0,0,No Failure,298.8
6658,L16657,L,302.63,312.98,1886.0,28.12,234.5,2.09,0,0,0,0,0,0,No Failure,24.9
6659,L16658,L,298.09,309.3,1330.9,52.97,248.9,6.95,1,0,0,1,0,1,TWF,8.1
6660,L16659,L,299.35,309.59,1407.6,28.14,12.8,3.25,0,0,0,0,0,0,No Failure,284.9
6661,M16660,M,302.64,313.12,1473.0,50.66,89.6,3.41,0,0,0,0,0,0,No Failure,182.5
6662,L16661,L,296.77,306.4,1417.4,32.08,167.3,3.06,0,0,0,0,0,0,No Failure,99.6
6663,L16662,L,302.98,314.56,1276.9,42.1,44.7,1.99,0,0,0,0,0,0,No Failure,243.7
6664,M16663,M,299.49,310.13,1100.0,56.52,148.6,2.48,0,0,0,0,0,0,No Failure,99.7
6665,H16664,H,297.7,307.78,1211.0,53.77,203.4,1.86,0,0,0,0,0,0,No Failure,29.3
6666,M16665,M,299.51,309.38,1734.7,36.67,214.5,3.09,0,0,0,0,0,0,No Failure,37.1
6667,L16666,L,298.55,309.53,1536.5,39.38,176.6,2.17,0,0,0,0,0,0,No Failure,80.6
6668,M16667,M,300.88,310.28,1687.6,32.5,20.4,1.47,0,0,0,0,0,0,No Failure,275.5
6669,L16668,L,298.7,306.92,1433.7,52.78,87.1,2.57,0,0,0,0,0,0,No Failure,169.0
6670,L16669,L,296.18,306.25,1520.4,44.87,241.8,3.18,0,0,0,0,0,0,No Failure,1.0
6671,L16670,L,299.56,310.75,1826.8,41.07,48.2,1.67,0,0,0,0,0,0,No Failure,239.6
6672,H16671,H,297.29,308.88,1815.9,30.09,113.5,2.42,0,0,0,0,0,0,No Failure,165.5
6673,L16672,L,300.41,310.3,1706.6,18.86,83.5,4.58,0,0,1,0,0,1,PWF,9.4
6674,L16673,L,297.63,307.67,1574.2,45.25,51.4,3.09,0,0,0,0,0,0,No Failure,234.3
6675,L16674,L,299.02,309.54,1630.7,39.29,80.9,1.27,0,0,0,0,0,0,No Failure,199.6
6676,H16675,H,300.37,310.1,1604.3,38.68,47.4,3.18,0,0,0,0,0,0,No Failure,241.3
6677,M16676,M,299.58,310.09,1508.1,35.81,219.3,2.08,0,0,0,0,0,0,No Failure,32.4
6678,L16677,L,300.5,310.42,1465.6,38.5,43.6,2.4,0,0,0,0,0,0,No Failure,246.1
6679,M16678,M,301.36,312.37,1738.9,30.31,155.9,3.02,0,0,0,0,0,0,No Failure,115.0
6680,M16679,M,297.68,308.41,1306.1,46.26,235.6,5.75,1,0,0,0,0,1,TWF,14.5
6681,M16680,M,299.87,310.68,1804.2,25.31,238.2,4.08,1,0,0,0,0,1,TWF,12.0
6682,L16681,L,293.34,303.14,1488.7,45.64,150.1,2.07,0,0,0,0,0,0,No Failure,107.7
6683,H16682,H,300.49,312.42,1302.8,60.31,67.7,2.18,0,0,0,0,0,0,No Failure,204.9
6684,L16683,L,299.4,309.88,1440.4,37.47,62.0,3.2,0,0,0,0,0,0,No Failure,223.7
6685,M16684,M,298.03,308.28,1381.5,32.28,186.9,1.97,0,0,0,0,0,0,No Failure,76.0
6686,L16685,L,300.63,309.87,1435.0,41.1,245.2,4.37,1,0,0,0,0,1,TWF,8.4
6687,L16686,L,302.35,312.25,1431.7,44.12,19.4,2.5,0,0,0,0,0,0,No Failure,275.3
6688,L16687,L,299.05,309.16,1424.6,45.29,197.4,2.96,0,0,0,0,0,0,No Failure,47.6
6689,M16688,M,298.11,307.32,1482.9,51.68,30.7,2.52,0,0,0,0,0,0,No Failure,259.2
6690,L16689,L,300.33,310.04,1526.4,45.02,74.5,2.24,0,0,0,0,0,0,No Failure,204.8
6691,M16690,M,297.33,307.16,1674.7,23.15,141.7,2.2,0,0,0,0,0,0,No Failure,138.2
6692,L16691,L,298.68,308.74,1494.2,31.5,74.3,2.19,0,0,0,0,0,0,No Failure,211.3
6693,M16692,M,302.44,310.68,1596.4,40.43,162.6,1.67,0,0,0,0,0,0,No Failure,81.7
6694,H16693,H,300.12,309.99,1539.3,35.8,104.3,2.8,0,0,0,0,0,0,No Failure,172.7
6695,M16694,M,296.24,305.86,1634.8,47.31,54.8,2.63,0,0,0,0,0,0,No Failure,228.3
6696,M16695,M,296.41,306.39,1546.4,32.24,132.7,1.62,0,0,0,0,0,0,No Failure,140.9
6697,M16696,M,300.32,311.36,1422.2,48.91,6.0,2.26,0,0,0,0,0,0,No Failure,292.2
6698,L16697,L,301.72,313.78,1373.6,39.13,185.3,2.33,0,0,0,0,0,0,No Failure,70.1
6699,H16698,H,296.76,307.44,1575.6,39.92,130.6,2.15,0,0,0,0,0,0,No Failure,137.4
6700,L16699,L,300.9,309.67,1765.9,28.18,236.7,2.43,0,0,0,0,0,0,No Failure,17.6
6701,M16700,M,302.66,312.32,1497.0,43.99,25.7,2.44,0,0,0,0,0,0,No Failure,267.3
6702,M16701,M,303.78,314.37,1412.5,49.99,183.1,3.04,0,0,0,0,0,0,No Failure,60.6
6703,L16702,L,300.66,311.15,1492.1,41.98,75.2,2.5,0,0,0,0,0,0,No Failure,205.3
6704,L16703,L,301.01,312.0,1437.5,55.1,93.3,2.86,0,0,0,0,0,0,No Failure,172.1
6705,L16704,L,295.73,305.64,1418.6,37.25,87.1,1.67,0,0,0,0,0,0,No Failure,192.9
6706,H16705,H,304.2,313.84,1279.6,47.58,89.5,1.86,0,0,0,0,0,0,No Failure,184.3
6707,H16706,H,298.85,310.6,1494.3,46.07,107.7,1.68,0,0,0,0,0,0,No Failure,161.8
6708,M16707,M,298.13,308.19,1580.2,31.32,5.3,2.26,0,0,0,0,0,0,No Failure,293.7
6709,M16708,M,299.49,308.47,1344.3,45.07,211.7,2.53,0,0,0,0,0,0,No Failure,29.3
6710,H16709,H,303.02,314.5,1380.8,48.1,220.4,3.5,0,0,0,0,0,0,No Failure,14.3
6711,L16710,L,304.42,312.92,1368.3,50.35,9.9,4.41,0,1,0,0,0,1,HDF,8.5
6712,L16711,L,300.25,306.76,1289.8,54.51,194.0,6.41,0,1,0,0,0,1,HDF,6.9
6713,M16712,M,302.0,312.77,1366.9,37.81,18.1,2.0,0,0,0,0,0,0,No Failure,277.7
6714,H16713,H,300.09,311.0,1502.6,41.95,202.0,2.51,0,0,0,0,0,0,No Failure,45.9
6715,H16714,H,297.92,308.34,1297.8,37.03,153.2,2.41,0,0,0,0,0,0,No Failure,111.8
6716,L16715,L,302.95,311.65,1513.4,34.58,76.6,1.95,0,0,0,0,0,0,No Failure,201.1
6717,L16716,L,298.76,308.7,1412.1,41.27,153.5,1.99,0,0,0,0,0,0,No Failure,107.6
6718,L16717,L,303.07,312.79,1371.7,51.75,126.7,3.46,0,0,0,0,0,0,No Failure,133.0
6719,L16718,L,302.6,312.06,1605.5,41.07,158.9,2.18,0,0,0,0,0,0,No Failure,100.9
6720,L16719,L,301.23,312.64,1423.4,42.43,118.8,3.1,0,0,0,0,0,0,No Failure,150.1
6721,M16720,M,303.66,312.61,1453.9,44.41,193.2,2.91,0,0,0,0,0,0,No Failure,53.0
6722,L16721,L,304.46,314.78,1770.3,37.54,11.3,2.13,0,0,0,0,0,0,No Failure,286.1
6723,H16722,H,299.65,310.84,1373.3,46.27,86.1,2.5,0,0,0,0,0,0,No Failure,189.4
6724,L16723,L,298.38,308.76,1818.3,28.97,139.8,2.57,0,0,0,0,0,0,No Failure,135.2
6725,M16724,M,296.27,307.51,1475.7,33.96,147.1,2.79,0,0,0,0,0,0,No Failure,122.2
6726,L16725,L,304.49,315.05,1334.6,43.39,42.4,2.26,0,0,0,0,0,0,No Failure,246.3
6727,L16726,L,299.12,309.55,1438.8,36.14,18.6,1.6,0,0,0,0,0,0,No Failure,277.2
6728,L16727,L,302.27,312.64,1550.3,43.05,5.2,2.08,0,0,0,0,0,0,No Failure,293.4
6729,H16728,H,298.52,309.13,1762.6,44.74,103.3,3.2,0,0,0,0,0,0,No Failure,165.7
6730,H16729,H,303.08,312.69,1681.0,39.64,82.6,2.48,0,0,0,0,0,0,No Failure,197.3
6731,L16730,L,298.6,307.3,1549.4,26.05,142.0,2.25,0,0,0,0,0,0,No Failure,129.3
6732,L16731,L,297.62,308.57,1763.5,29.59,112.4,1.61,0,0,0,0,0,0,No Failure,167.2
6733,H16732,H,299.58,310.74,1201.3,50.07,98.5,3.24,0,0,0,0,0,0,No Failure,171.1
6734,L16733,L,298.94,309.19,1582.7,27.87,210.8,2.38,0,0,0,0,0,0,No Failure,53.0
6735,L16734,L,301.19,310.64,1593.5,37.87,155.4,3.15,0,0,0,0,0,0,No Failure,108.4
6736,M16735,M,299.9,308.34,1595.7,40.89,161.5,2.91,0,0,0,0,0,0,No Failure,86.7
6737,H16736,H,301.26,311.34,1249.8,57.87,95.5,2.98,0,0,0,0,0,0,No Failure,170.5
6738,L16737,L,299.42,308.07,1356.0,56.98,194.2,5.96,0,0,0,1,0,1,OSF,3.6
6739,L16738,L,298.67,307.18,1508.2,31.44,38.0,2.57,0,0,0,0,0,0,No Failure,244.8
6740,H16739,H,298.83,308.81,1737.5,33.72,100.5,2.42,0,0,0,0,0,0,No Failure,178.6
6741,L16740,L,304.09,313.33,1880.8,31.17,11.8,3.44,0,0,0,0,0,0,No Failure,285.9
6742,L16741,L,300.45,310.8,1419.1,37.29,28.9,3.0,0,0,0,0,0,0,No Failure,264.5
6743,M16742,M,296.03,305.87,1303.5,46.72,20.4,2.08,0,0,0,0,0,0,No Failure,273.8
6744,H16743,H,298.96,308.35,1684.0,35.07,110.4,3.13,0,0,0,0,0,0,No Failure,165.8
6745,L16744,L,300.19,308.49,2006.0,34.21,174.3,3.41,0,0,0,0,0,0,No Failure,74.9
6746,H16745,H,303.69,312.84,1736.1,44.06,78.2,1.12,0,0,0,0,0,0,No Failure,200.5
6747,M16746,M,302.06,311.24,1404.0,43.66,6.7,1.75,0,0,0,0,0,0,No Failure,291.6
6748,L16747,L,298.16,306.93,2050.1,25.84,176.8,2.01,0,0,0,0,0,0,No Failure,90.6
6749,H16748,H,304.84,314.51,1660.9,28.95,51.9,2.93,0,0,0,0,0,0,No Failure,238.9
6750,L16749,L,299.94,308.79,1396.4,57.26,180.7,2.97,0,0,0,0,0,0,No Failure,49.0
6751,L16750,L,302.49,312.33,1884.2,38.19,1.8,2.81,0,0,0,0,0,0,No Failure,297.7
6752,M16751,M,297.69,307.93,1382.3,46.2,78.1,3.03,0,0,0,0,0,0,No Failure,199.7
6753,L16752,L,295.2,304.38,1426.8,40.89,155.3,1.84,0,0,0,0,0,0,No Failure,105.6
6754,L16753,L,297.18,307.61,1668.1,47.25,217.8,1.78,0,0,0,0,0,0,No Failure,16.3
6755,L16754,L,293.5,302.14,1533.5,38.01,188.5,3.25,0,0,0,0,0,0,No Failure,60.1
6756,L16755,L,304.22,313.11,1544.6,26.86,112.4,2.56,0,0,0,0,0,0,No Failure,166.8
6757,H16756,H,300.43,310.32,1544.9,40.69,179.6,3.23,0,0,0,0,0,0,No Failure,75.4
6758,M16757,M,298.15,308.84,1737.5,25.94,134.4,2.08,0,0,0,0,0,0,No Failure,144.2
6759,H16758,H,300.91,311.77,1121.9,55.36,203.3,1.87,0,0,0,0,0,0,No Failure,27.4
6760,L16759,L,300.38,311.99,1588.9,47.17,193.0,1.74,0,0,0,0,0,0,No Failure,51.0
6761,L16760,L,301.24,310.87,1486.1,28.67,244.0,5.41,1,0,0,0,0,1,TWF,12.7
6762,L16761,L,302.42,312.29,1403.3,36.46,26.2,3.18,0,0,0,0,0,0,No Failure,267.9
6763,L16762,L,299.42,308.39,1402.8,48.82,85.2,2.83,0,0,0,0,0,0,No Failure,188.6
6764,L16763,L,298.24,306.99,1100.0,51.05,48.1,2.21,0,0,0,0,0,0,No Failure,231.7
6765,M16764,M,301.66,311.88,1395.1,45.91,157.7,2.88,0,0,0,0,0,0,No Failure,97.8
6766,H16765,H,301.6,310.83,1769.0,36.84,166.0,2.87,0,0,0,0,0,0,No Failure,96.4
6767,H16766,H,300.2,311.43,1686.9,41.79,51.0,1.28,0,0,0,0,0,0,No Failure,235.9
6768,L16767,L,304.36,312.89,1503.7,35.37,105.4,2.29,0,0,0,0,0,0,No Failure,162.4
6769,H16768,H,299.12,309.61,1285.4,28.82,150.5,2.67,0,0,0,0,0,0,No Failure,122.8
6770,L16769,L,298.2,307.19,1685.1,38.38,164.7,3.16,0,0,0,0,0,0,No Failure,96.2
6771,L16770,L,300.84,310.02,1772.5,22.87,25.7,2.45,0,0,0,0,0,0,No Failure,270.7
6772,H16771,H,298.65,309.19,1723.1,41.37,230.3,4.28,1,0,0,0,0,1,TWF,8.9
6773,M16772,M,300.99,310.32,1364.6,43.67,8.5,2.46,0,0,0,0,0,0,No Failure,289.2
6774,L16773,L,298.33,307.82,1383.2,41.31,243.2,2.66,0,0,0,0,0,0,No Failure,1.0
6775,L16774,L,299.2,308.39,1834.4,37.54,79.1,1.68,0,0,0,0,0,0,No Failure,202.6
6776,L16775,L,303.78,315.57,1321.5,33.21,79.1,2.14,0,0,0,0,0,0,No Failure,204.8
6777,M16776,M,299.19,308.57,1623.6,35.55,111.5,1.16,0,0,0,0,0,0,No Failure,164.1
6778,L16777,L,298.4,308.45,1219.8,52.32,173.7,2.23,0,0,0,0,0,0,No Failure,70.3
6779,H16778,H,302.34,312.14,1484.2,42.19,39.9,2.8,0,0,0,0,0,0,No Failure,249.7
6780,L16779,L,297.9,308.12,1642.7,33.1,63.7,2.02,0,0,0,0,0,0,No Failure,223.3
6781,L16780,L,298.61,308.0,1532.6,35.8,240.4,4.99,1,0,0,0,0,1,TWF,7.1
6782,L16781,L,301.15,310.95,1631.8,47.57,219.2,2.73,0,0,0,0,0,0,No Failure,15.3
6783,M16782,M,301.88,312.27,1318.5,51.89,53.1,4.13,0,0,0,0,0,0,No Failure,229.9
6784,L16783,L,302.44,311.58,1391.2,38.48,143.3,2.45,0,0,0,0,0,0,No Failure,122.8
6785,M16784,M,298.51,309.59,1624.2,46.38,50.9,2.93,0,0,0,0,0,0,No Failure,234.6
6786,H16785,H,301.19,312.38,1662.7,41.37,137.5,2.39,0,0,0,0,0,0,No Failure,127.5
6787,H16786,H,299.07,309.67,1577.3,41.46,91.4,2.71,0,0,0,0,0,0,No Failure,185.2
6788,H16787,H,298.79,308.86,1707.5,38.82,90.6,2.48,0,0,0,0,0,0,No Failure,187.7
6789,H16788,H,302.41,309.42,1241.4,40.31,158.8,4.62,0,1,0,0,0,1,HDF,8.4
6790,M16789,M,298.9,309.33,1454.6,51.79,63.0,2.38,0,0,0,0,0,0,No Failure,217.0
6791,H16790,H,300.56,310.17,1864.3,38.84,101.1,3.25,0,0,0,0,0,0,No Failure,174.8
6792,L16791,L,300.31,310.06,1767.7,35.66,231.3,6.05,1,0,0,0,0,1,TWF,6.9
6793,L16792,L,297.86,305.96,1651.4,38.04,188.8,1.78,0,0,0,0,0,0,No Failure,49.0
6794,L16793,L,301.93,312.43,1510.2,39.09,95.8,2.25,0,0,0,0,0,0,No Failure,181.1
6795,L16794,L,301.12,309.67,1723.2,30.84,57.6,1.96,0,0,0,0,0,0,No Failure,222.5
6796,L16795,L,296.03,306.15,1614.8,40.9,164.8,3.06,0,0,0,0,0,0,No Failure,93.8
6797,H16796,H,300.55,311.46,1266.4,41.81,201.9,2.04,0,0,0,0,0,0,No Failure,46.1
6798,L16797,L,298.45,307.98,1716.2,36.02,215.2,3.02,0,0,0,0,0,0,No Failure,37.1
6799,L16798,L,302.19,313.41,1383.0,44.07,141.1,3.09,0,0,0,0,0,0,No Failure,120.7
6800,M16799,M,297.11,306.36,1674.0,38.54,129.2,2.59,0,0,0,0,0,0,No Failure,140.2
6801,L16800,L,299.29,309.89,1248.7,54.64,179.9,2.83,0,0,0,0,0,0,No Failure,59.6
6802,L16801,L,300.72,309.42,1824.2,35.71,43.9,2.2,0,0,0,0,0,0,No Failure,240.3
6803,L16802,L,300.11,311.14,1488.8,45.16,213.0,3.01,0,0,0,0,0,0,No Failure,27.8
6804,L16803,L,301.53,312.4,1339.4,31.22,18.5,1.76,0,0,0,0,0,0,No Failure,278.0
6805,L16804,L,296.96,307.43,1414.8,45.63,150.8,2.22,0,0,0,0,0,0,No Failure,106.9
6806,M16805,M,303.3,312.91,1477.7,41.13,147.4,2.32,0,0,0,0,0,0,No Failure,115.3
6807,M16806,M,301.05,309.65,1537.0,41.64,77.7,3.09,0,0,0,0,0,0,No Failure,194.4
6808,L16807,L,302.72,312.33,1773.9,30.12,8.9,3.52,0,0,0,0,0,0,No Failure,289.5
6809,L16808,L,301.75,312.86,1550.6,46.75,179.5,2.23,0,0,0,0,0,0,No Failure,68.9
6810,L16809,L,299.98,310.11,1149.4,53.95,6.0,2.44,0,0,0,0,0,0,No Failure,291.9
6811,M16810,M,297.43,305.88,1317.9,40.31,44.9,3.62,0,1,0,0,0,1,HDF,1.1
6812,L16811,L,298.87,307.75,2031.6,25.56,136.1,2.45,0,0,0,0,0,0,No Failure,140.0
6813,L16812,L,303.18,314.43,1562.2,44.73,235.0,5.43,1,0,0,0,0,1,TWF,8.0
6814,M16813,M,302.77,313.26,1708.2,34.53,16.5,1.42,0,0,0,0,0,0,No Failure,280.0
6815,L16814,L,298.76,307.53,1482.8,40.43,144.7,2.51,0,0,0,0,0,0,No Failure,114.6
6816,L16815,L,294.36,302.6,1358.2,42.79,82.2,5.97,0,1,0,0,0,1,HDF,14.1
6817,L16816,L,299.57,308.95,1451.9,48.4,167.4,2.53,0,0,0,0,0,0,No Failure,82.8
6818,H16817,H,299.42,307.57,1561.0,41.81,238.2,5.08,1,0,0,0,0,1,TWF,4.0
6819,H16818,H,299.5,309.34,1455.6,32.91,67.1,3.03,0,0,0,0,0,0,No Failure,219.3
6820,M16819,M,301.06,313.51,1881.4,25.06,239.0,4.03,1,0,0,0,0,1,TWF,12.7
6821,L16820,L,301.75,310.16,1427.7,42.06,217.7,2.03,0,0,0,0,0,0,No Failure,14.1
6822,M16821,M,301.98,311.79,1349.2,39.97,151.8,1.39,0,0,0,0,0,0,No Failure,110.9
6823,H16822,H,300.89,312.2,1682.8,20.53,189.6,2.7,0,0,0,0,0,0,No Failure,86.5
6824,H16823,H,296.4,307.15,1704.8,29.98,216.2,2.63,0,0,0,0,0,0,No Failure,43.9
6825,L16824,L,299.32,309.17,1543.4,36.93,200.9,2.16,0,0,0,0,0,0,No Failure,53.5
6826,H16825,H,304.61,314.46,1430.2,39.15,81.7,1.96,0,0,0,0,0,0,No Failure,198.6
6827,L16826,L,300.75,309.59,1197.8,55.14,203.2,5.3,0,0,0,1,0,1,OSF,7.6
6828,L16827,L,300.74,310.47,1756.5,18.52,78.4,5.07,0,0,1,0,0,1,PWF,13.9
6829,M16828,M,300.72,310.96,1693.5,30.02,216.8,1.78,0,0,0,0,0,0,No Failure,43.2
6830,L16829,L,300.83,311.94,1459.3,46.69,63.9,1.33,0,0,0,0,0,0,No Failure,217.8
6831,H16830,H,295.23,304.61,1548.7,34.07,143.1,1.46,0,0,0,0,0,0,No Failure,126.9
6832,L16831,L,299.52,309.33,1497.4,31.59,173.2,1.63,0,0,0,0,0,0,No Failure,93.1
6833,M16832,M,299.92,308.98,1829.5,28.03,106.4,1.78,0,0,0,0,0,0,No Failure,175.2
6834,H16833,H,302.56,312.79,1352.2,47.5,195.7,2.45,0,0,0,0,0,0,No Failure,47.0
6835,H16834,H,300.1,310.88,1427.0,40.27,231.3,4.99,1,0,0,0,0,1,TWF,12.4
6836,L16835,L,296.71,307.34,1409.7,37.49,46.6,2.4,0,0,0,0,0,0,No Failure,242.7
6837,L16836,L,300.86,309.69,1593.5,41.02,8.4,2.72,0,0,0,0,0,0,No Failure,286.1
6838,M16837,M,298.39,308.54,1548.0,41.38,156.6,2.74,0,0,0,0,0,0,No Failure,103.5
6839,L16838,L,297.57,306.89,1573.8,29.28,150.5,2.7,0,0,0,0,0,0,No Failure,122.3
6840,H16839,H,298.33,309.34,1380.4,44.13,85.3,2.55,0,0,0,0,0,0,No Failure,191.5
6841,H16840,H,301.09,310.92,1803.8,24.17,196.4,1.87,0,0,0,0,0,0,No Failure,74.4
6842,L16841,L,302.52,311.0,1456.7,49.38,206.5,1.7,0,0,0,0,0,0,No Failure,20.3
6843,L16842,L,300.97,310.75,1750.6,42.89,83.0,2.16,0,0,0,0,0,0,No Failure,195.1
6844,L16843,L,301.26,311.72,2099.9,26.56,170.6,3.18,0,0,0,0,0,0,No Failure,101.6
6845,H16844,H,300.95,311.19,1381.7,50.88,160.5,3.91,0,0,0,0,0,0,No Failure,89.2
6846,L16845,L,300.2,309.69,1599.3,32.22,85.7,2.83,0,0,0,0,0,0,No Failure,197.4
6847,L16846,L,301.39,310.81,1514.4,38.64,242.3,5.18,1,0,0,0,0,1,TWF,1.5
6848,L16847,L,295.16,304.17,1901.5,27.46,86.6,3.14,0,0,0,0,0,0,No Failure,198.8
6849,M16848,M,300.22,309.83,1487.8,40.16,155.1,3.41,0,0,0,0,0,0,No Failure,106.6
6850,L16849,L,297.91,307.05,1582.5,38.38,95.0,1.95,0,0,0,0,0,0,No Failure,182.5
6851,L16850,L,302.33,313.3,1578.6,37.99,3.0,4.24,0,0,0,0,0,0,No Failure,296.4
6852,H16851,H,299.71,308.8,1520.0,38.84,22.9,3.45,0,0,0,0,0,0,No Failure,271.6
6853,H16852,H,300.06,310.18,1673.2,36.75,58.1,1.68,0,0,0,0,0,0,No Failure,228.8
6854,M16853,M,296.99,307.04,1554.7,47.38,203.0,1.9,0,0,0,0,0,0,No Failure,37.8
6855,L16854,L,302.03,312.98,1624.3,22.86,110.5,4.19,0,0,0,0,0,0,No Failure,173.9
6856,L16855,L,301.25,312.34,1576.2,51.51,147.2,3.12,0,0,0,0,0,0,No Failure,101.2
6857,M16856,M,301.11,311.81,1429.8,39.51,236.0,3.89,1,0,0,0,0,1,TWF,9.2
6858,L16857,L,298.37,308.73,1489.9,39.73,36.8,2.55,0,0,0,0,0,0,No Failure,254.3
6859,H16858,H,298.45,307.4,1637.4,45.95,215.5,2.95,0,0,0,0,0,0,No Failure,22.7
6860,M16859,M,300.45,309.38,1636.7,40.91,94.8,3.03,0,0,0,0,0,0,No Failure,179.9
6861,L16860,L,298.61,307.77,1760.9,37.82,84.4,3.32,0,0,0,0,0,0,No Failure,196.0
6862,H16861,H,300.87,311.62,1870.8,40.79,156.4,2.65,0,0,0,0,0,0,No Failure,104.4
6863,H16862,H,295.68,305.75,1444.7,40.38,224.7,4.84,1,0,0,0,0,1,TWF,6.3
6864,L16863,L,299.02,309.89,1562.1,44.84,87.1,2.28,0,0,0,0,0,0,No Failure,188.8
6865,M16864,M,303.59,314.6,1503.4,31.09,190.4,1.94,0,0,0,0,0,0,No Failure,73.2
6866,L16865,L,300.88,310.15,1339.8,47.71,4.8,1.91,0,0,0,0,0,0,No Failure,293.8
6867,L16866,L,300.33,310.37,1639.1,40.54,155.8,2.41,0,0,0,0,0,0,No Failure,105.4
6868,L16867,L,303.97,313.96,1677.2,43.8,157.6,2.71,0,0,0,0,0,0,No Failure,99.9
6869,M16868,M,295.33,305.0,1345.2,49.56,139.0,1.63,0,0,0,0,0,0,No Failure,118.6
6870,H16869,H,298.37,307.83,1471.0,42.22,234.5,6.33,1,0,0,0,0,1,TWF,3.3
6871,M16870,M,299.2,310.38,1453.5,39.06,234.6,2.08,0,0,0,0,0,0,No Failure,9.0
6872,L16871,L,301.72,311.77,1268.0,45.02,85.5,1.99,0,0,0,0,0,0,No Failure,190.8
6873,M16872,M,301.75,311.76,1531.5,36.94,114.1,2.48,0,0,0,0,0,0,No Failure,160.0
6874,L16873,L,298.27,307.47,1333.0,35.93,198.1,1.08,0,0,0,0,0,0,No Failure,58.1
6875,H16874,H,302.0,312.67,1566.5,50.51,211.0,2.72,0,0,0,0,0,0,No Failure,20.6
6876,L16875,L,299.19,308.19,1586.2,44.82,104.5,1.91,0,0,0,0,0,0,No Failure,166.6
6877,L16876,L,302.42,312.88,1608.4,39.09,87.3,1.35,0,0,0,0,0,0,No Failure,191.8
6878,L16877,L,297.93,308.42,1617.0,42.81,205.2,2.59,0,0,0,0,0,0,No Failure,40.8
6879,M16878,M,299.75,309.34,1812.0,38.38,94.2,2.59,0,0,0,0,0,0,No Failure,183.5
6880,L16879,L,299.02,309.34,1393.3,36.11,101.3,3.67,0,0,0,0,0,0,No Failure,176.2
6881,M16880,M,302.11,312.3,1402.2,47.25,33.9,2.61,0,0,0,0,0,0,No Failure,256.3
6882,L16881,L,298.95,308.92,1655.3,45.14,135.7,2.6,0,0,0,0,0,0,No Failure,126.6
6883,L16882,L,299.92,309.93,1514.4,34.88,81.6,2.52,0,0,0,0,0,0,No Failure,200.9
6884,L16883,L,301.01,311.08,1739.4,23.76,147.7,0.95,0,0,0,0,0,0,No Failure,130.8
6885,H16884,H,301.09,311.22,1638.5,28.48,112.1,2.55,0,0,0,0,0,0,No Failure,168.3
6886,H16885,H,301.77,311.83,1881.3,31.22,187.0,2.47,0,0,0,0,0,0,No Failure,77.0
6887,L16886,L,300.42,309.32,1521.7,30.89,69.4,2.41,0,0,0,0,0,0,No Failure,215.3
6888,L16887,L,299.16,309.01,1272.7,45.94,43.0,2.0,0,0,0,0,0,0,No Failure,244.8
6889,L16888,L,299.3,309.57,1599.0,32.94,175.7,2.84,0,0,0,0,0,0,No Failure,88.6
6890,M16889,M,300.05,310.15,1525.2,39.33,96.0,1.91,0,0,0,0,0,0,No Failure,180.7
6891,L16890,L,300.5,311.45,1633.7,33.16,140.9,2.92,0,0,0,0,0,0,No Failure,130.3
6892,H16891,H,299.71,310.33,1656.6,35.97,235.3,2.73,0,0,0,0,0,0,No Failure,12.7
6893,H16892,H,300.04,309.17,1442.3,45.82,121.0,3.34,0,0,0,0,0,0,No Failure,144.9
6894,L16893,L,296.97,306.8,1357.4,37.5,38.1,2.22,0,0,0,0,0,0,No Failure,253.1
6895,L16894,L,301.33,311.02,1511.9,41.66,106.7,3.3,0,0,0,0,0,0,No Failure,166.0
6896,H16895,H,300.36,310.36,1111.8,48.0,119.6,2.63,0,0,0,0,0,0,No Failure,145.0
6897,H16896,H,302.0,312.0,1552.4,38.61,191.5,2.45,0,0,0,0,0,0,No Failure,63.0
6898,L16897,L,300.0,310.61,1465.1,40.38,48.8,1.99,0,0,0,0,0,0,No Failure,239.1
6899,L16898,L,296.52,306.7,1692.2,37.95,86.7,2.74,0,0,0,0,0,0,No Failure,193.0
6900,L16899,L,299.28,310.51,1182.5,52.03,12.5,2.21,0,0,0,0,0,0,No Failure,283.5
6901,L16900,L,299.6,309.84,1539.1,47.66,175.5,2.48,0,0,0,0,0,0,No Failure,73.0
6902,L16901,L,301.49,310.66,1820.1,32.78,186.0,2.97,0,0,0,0,0,0,No Failure,76.5
6903,L16902,L,295.86,305.39,1658.9,31.78,114.3,2.48,0,0,0,0,0,0,No Failure,163.4
6904,M16903,M,300.08,310.69,1713.5,41.52,134.6,2.69,0,0,0,0,0,0,No Failure,131.0
6905,L16904,L,301.03,309.41,1598.8,39.84,187.5,3.41,0,0,0,0,0,0,No Failure,54.3
6906,L16905,L,298.68,307.33,1240.6,54.55,67.1,2.84,0,0,0,0,0,0,No Failure,203.5
6907,L16906,L,300.15,310.16,1567.8,37.43,151.7,2.09,0,0,0,0,0,0,No Failure,113.3
6908,H16907,H,298.75,309.7,1611.1,28.08,241.0,5.21,1,0,0,0,0,1,TWF,3.7
6909,H16908,H,298.54,309.85,1345.0,60.32,164.5,2.58,0,0,0,0,0,0,No Failure,69.5
6910,L16909,L,299.18,308.97,1515.3,35.38,19.5,3.77,0,0,0,0,0,0,No Failure,276.2
6911,L16910,L,298.58,309.64,1100.0,46.42,72.6,1.7,0,0,0,0,0,0,No Failure,206.7
6912,H16911,H,301.37,311.44,1478.2,45.61,129.8,2.61,0,0,0,0,0,0,No Failure,133.8
6913,L16912,L,298.53,307.0,1459.9,34.48,18.2,3.32,0,0,0,0,0,0,No Failure,267.3
6914,L16913,L,298.19,308.19,1789.0,30.79,169.1,2.87,0,0,0,0,0,0,No Failure,98.8
6915,L16914,L,303.54,312.92,1430.0,42.83,163.6,2.42,0,0,0,0,0,0,No Failure,93.3
6916,L16915,L,301.92,312.84,1490.3,39.26,219.1,1.47,0,0,0,0,0,0,No Failure,28.0
6917,L16916,L,296.28,306.25,1523.8,36.83,125.0,3.41,0,0,0,0,0,0,No Failure,146.7
6918,H16917,H,298.47,307.19,1432.3,53.02,173.0,2.22,0,0,0,0,0,0,No Failure,65.0
6919,M16918,M,300.48,308.99,1666.8,35.22,45.5,1.93,0,0,0,0,0,0,No Failure,234.6
6920,L16919,L,300.65,310.63,1181.4,44.49,0.7,2.65,0,0,0,0,0,0,No Failure,299.1
6921,H16920,H,297.02,304.6,1741.4,41.29,43.1,3.36,0,0,0,0,0,0,No Failure,217.6
6922,L16921,L,302.32,311.8,1535.9,34.01,15.6,2.74,0,0,0,0,0,0,No Failure,281.2
6923,L16922,L,301.65,311.88,1771.0,33.12,106.9,2.28,0,0,0,0,0,0,No Failure,171.3
6924,M16923,M,300.96,309.91,1100.0,48.21,117.1,2.65,0,0,0,0,0,0,No Failure,147.0
6925,M16924,M,302.71,313.71,1101.9,55.93,161.1,2.57,0,0,0,0,0,0,No Failure,83.4
6926,L16925,L,300.9,312.1,1485.7,40.66,35.2,2.22,0,0,0,0,0,0,No Failure,256.0
6927,L16926,L,300.9,309.88,1628.6,36.64,53.7,2.54,0,0,0,0,0,0,No Failure,233.9
6928,M16927,M,303.12,312.82,1438.7,42.76,199.6,2.01,0,0,0,0,0,0,No Failure,47.9
6929,M16928,M,302.2,313.2,1642.5,42.25,144.1,1.91,0,0,0,0,0,0,No Failure,118.4
6930,M16929,M,298.32,308.32,1713.7,39.93,7.3,2.83,0,0,0,0,0,0,No Failure,290.9
6931,L16930,L,301.27,309.87,1657.2,28.93,212.1,2.26,0,0,0,0,0,0,No Failure,42.2
6932,L16931,L,298.67,308.53,1556.5,33.83,157.5,2.48,0,0,0,0,0,0,No Failure,109.8
6933,L16932,L,301.01,310.16,1555.1,45.05,46.7,2.04,0,0,0,0,0,0,No Failure,240.4
6934,L16933,L,300.95,312.06,1428.0,36.54,63.0,2.16,0,0,0,0,0,0,No Failure,222.8
6935,H16934,H,297.23,307.84,1528.1,42.71,138.4,2.21,0,0,0,0,0,0,No Failure,125.2
6936,L16935,L,299.76,309.44,1354.7,50.17,140.2,2.15,0,0,0,0,0,0,No Failure,116.5
6937,L16936,L,300.53,310.67,1397.5,31.44,201.3,2.25,0,0,0,0,0,0,No Failure,59.8
6938,M16937,M,299.13,307.82,1630.1,33.96,89.6,2.62,0,0,0,0,0,0,No Failure,185.5
6939,L16938,L,300.63,309.88,1455.1,46.94,137.3,3.33,0,0,0,0,0,0,No Failure,123.0
6940,L16939,L,301.61,313.17,1406.0,41.65,145.6,2.96,0,0,0,0,0,0,No Failure,117.0
6941,H16940,H,299.94,309.99,1618.4,34.24,139.7,2.3,0,0,0,0,0,0,No Failure,130.9
6942,H16941,H,300.45,311.38,1606.0,43.18,18.2,2.12,0,0,0,0,0,0,No Failure,276.9
6943,M16942,M,302.77,313.0,1499.5,47.74,102.8,1.43,0,0,0,0,0,0,No Failure,167.0
6944,L16943,L,300.95,312.26,1511.3,34.95,84.7,2.1,0,0,0,0,0,0,No Failure,197.1
6945,M16944,M,300.4,308.4,1612.5,49.58,248.2,3.99,0,0,0,1,0,1,OSF,14.7
6946,M16945,M,298.08,307.9,1711.4,22.57,116.4,2.53,0,0,0,0,0,0,No Failure,167.4
6947,L16946,L,301.34,312.99,1574.0,27.57,108.8,3.5,0,0,0,0,0,0,No Failure,172.7
6948,L16947,L,300.66,311.62,1324.6,42.12,120.9,2.26,0,0,0,0,0,0,No Failure,147.7
6949,H16948,H,302.57,313.89,1498.4,37.7,229.8,1.63,0,0,0,0,0,0,No Failure,16.9
6950,L16949,L,300.09,310.09,1465.1,38.93,152.9,2.38,0,0,0,0,0,0,No Failure,110.5
6951,M16950,M,296.37,305.83,1349.5,40.72,97.3,2.24,0,0,0,0,0,0,No Failure,178.3
6952,L16951,L,296.6,305.57,1627.1,31.8,228.1,6.08,1,0,0,0,0,1,TWF,12.3
6953,L16952,L,301.47,310.37,1640.9,35.02,232.5,1.37,0,0,0,0,0,0,No Failure,15.5
6954,L16953,L,298.86,309.67,1668.0,31.84,66.1,1.91,0,0,0,0,0,0,No Failure,221.0
6955,H16954,H,300.87,311.39,1360.6,48.87,98.3,2.96,0,0,0,0,0,0,No Failure,172.1
6956,L16955,L,300.23,310.16,1566.2,38.52,241.6,4.82,1,0,0,0,0,1,TWF,11.3
6957,M16956,M,299.67,310.17,1536.9,37.49,135.3,2.84,0,0,0,0,0,0,No Failure,133.5
6958,M16957,M,299.81,309.95,1593.0,37.16,107.9,2.1,0,0,0,0,0,0,No Failure,167.4
6959,M16958,M,298.27,309.23,1561.2,46.23,48.9,3.12,0,0,0,0,0,0,No Failure,237.3
6960,H16959,H,299.97,310.92,1535.8,35.68,96.1,2.47,0,0,0,0,0,0,No Failure,182.8
6961,M16960,M,298.83,307.77,1514.2,30.71,157.8,2.4,0,0,0,0,0,0,No Failure,111.1
6962,L16961,L,299.26,309.53,1736.1,27.72,9.7,2.86,0,0,0,0,0,0,No Failure,288.7
6963,H16962,H,299.35,307.68,1383.7,41.73,20.8,2.51,0,0,0,0,0,0,No Failure,260.4
6964,M16963,M,299.55,309.68,1507.0,43.18,1.3,1.76,0,0,0,0,0,0,No Failure,298.3
6965,L16964,L,301.84,312.45,1731.6,40.81,54.7,2.19,0,0,0,0,0,0,No Failure,231.5
6966,L16965,L,299.74,308.43,1392.8,54.62,45.7,1.52,0,0,0,0,0,0,No Failure,232.6
6967,H16966,H,302.05,311.63,1401.9,47.97,212.7,4.33,1,0,0,0,0,1,TWF,5.5
6968,L16967,L,303.08,313.09,1669.4,29.76,46.3,1.22,0,0,0,0,0,0,No Failure,245.2
6969,M16968,M,301.71,311.94,1283.1,45.34,165.3,3.9,0,0,0,0,0,0,No Failure,88.6
6970,L16969,L,301.07,310.79,1656.3,21.08,29.6,2.48,0,0,0,0,0,0,No Failure,266.6
6971,L16970,L,300.65,309.48,1450.4,39.19,148.4,2.82,0,0,0,0,0,0,No Failure,112.4
6972,M16971,M,301.73,311.68,1611.4,33.0,108.9,2.0,0,0,0,0,0,0,No Failure,169.0
6973,L16972,L,300.18,308.53,1319.5,29.28,102.2,4.5,0,1,0,0,0,1,HDF,3.5
6974,L16973,L,301.97,311.74,1750.1,49.04,214.1,2.96,0,0,0,0,0,0,No Failure,11.4
6975,M16974,M,301.23,310.79,1320.1,42.8,41.9,3.06,0,0,0,0,0,0,No Failure,247.0
6976,L16975,L,299.28,309.15,1667.8,21.23,148.8,2.45,0,0,0,0,0,0,No Failure,131.8
6977,M16976,M,301.79,311.23,1327.6,43.28,205.5,3.11,0,0,0,0,0,0,No Failure,39.8
6978,H16977,H,300.18,308.68,1861.7,43.78,178.5,2.14,0,0,0,0,0,0,No Failure,57.9
6979,M16978,M,299.79,309.42,1525.2,52.69,245.8,5.5,0,0,0,1,0,1,OSF,4.8
6980,L16979,L,299.05,309.98,1887.2,32.2,0.5,2.53,0,0,0,0,0,0,No Failure,299.4
6981,L16980,L,300.33,311.59,1391.4,43.8,221.1,1.79,0,0,0,0,0,0,No Failure,19.3
6982,M16981,M,301.99,314.43,1458.8,49.71,153.4,1.4,0,0,0,0,0,0,No Failure,99.7
6983,H16982,H,301.78,313.47,1754.7,33.14,0.6,2.32,0,0,0,0,0,0,No Failure,299.3
6984,H16983,H,300.71,309.51,1282.7,50.0,116.4,2.32,0,0,0,0,0,0,No Failure,143.9
6985,H16984,H,301.2,310.79,1412.8,48.35,191.9,2.34,0,0,0,0,0,0,No Failure,51.1
6986,L16985,L,302.54,312.52,1626.6,29.35,45.6,3.13,0,0,0,0,0,0,No Failure,246.1
6987,L16986,L,299.7,309.61,1355.6,55.02,169.6,3.33,0,0,0,0,0,0,No Failure,73.0
6988,L16987,L,297.77,307.84,1631.4,30.62,34.9,2.89,0,0,0,0,0,0,No Failure,258.5
6989,L16988,L,302.6,315.01,1568.5,33.82,200.9,2.85,0,0,0,0,0,0,No Failure,57.3
6990,L16989,L,298.94,307.86,1267.1,48.05,142.1,2.45,0,0,0,0,0,0,No Failure,114.2
6991,H16990,H,298.62,307.91,1711.2,41.64,8.5,2.61,0,0,0,0,0,0,No Failure,289.4
6992,L16991,L,296.41,308.05,1312.0,50.47,22.7,2.76,0,0,0,0,0,0,No Failure,270.2
6993,L16992,L,301.14,310.53,1676.1,35.45,216.0,4.88,1,0,0,0,0,1,TWF,5.8
6994,L16993,L,296.76,307.15,1561.0,40.43,8.3,2.86,0,0,0,0,0,0,No Failure,289.7
6995,H16994,H,298.5,309.53,1456.6,48.71,74.6,2.53,0,0,0,0,0,0,No Failure,203.0
6996,M16995,M,301.18,311.66,1340.1,44.83,141.7,2.2,0,0,0,0,0,0,No Failure,119.2
6997,M16996,M,301.44,311.64,1596.9,31.89,53.4,2.66,0,0,0,0,0,0,No Failure,236.2
6998,H16997,H,298.7,309.64,1381.8,39.2,56.1,2.36,0,0,0,0,0,0,No Failure,230.4
6999,L16998,L,299.73,308.84,1754.2,40.57,194.0,3.37,0,0,0,0,0,0,No Failure,57.6
7000,M16999,M,298.25,307.76,1760.8,28.4,72.7,2.24,0,0,0,0,0,0,No Failure,214.5
7001,L17000,L,298.9,309.44,1831.9,21.78,9.6,4.22,0,0,0,0,0,0,No Failure,289.1
7002,L17001,L,300.53,308.46,1588.3,35.65,180.3,3.48,0,0,0,0,0,0,No Failure,58.8
7003,H17002,H,299.0,310.41,1465.6,40.41,238.6,4.02,1,0,0,0,0,1,TWF,8.3
7004,M17003,M,299.51,309.81,1484.9,46.43,208.0,3.25,0,0,0,0,0,0,No Failure,32.6
7005,L17004,L,297.07,307.22,1471.8,30.56,137.1,2.42,0,0,0,0,0,0,No Failure,137.1
7006,L17005,L,302.27,310.64,1582.4,40.34,106.2,2.84,0,0,0,0,0,0,No Failure,154.8
7007,M17006,M,301.02,309.73,1616.2,45.18,231.3,3.45,0,0,0,0,0,0,No Failure,1.0
7008,L17007,L,301.59,311.19,1758.5,28.4,191.6,2.03,0,0,0,0,0,0,No Failure,75.0
7009,L17008,L,302.58,313.39,1541.6,39.49,142.7,2.22,0,0,0,0,0,0,No Failure,122.7
7010,L17009,L,298.35,306.27,1286.8,31.57,220.0,5.61,0,1,0,0,0,1,HDF,4.2
7011,L17010,L,299.28,310.07,1465.1,47.07,150.4,2.28,0,0,0,0,0,0,No Failure,106.0
7012,H17011,H,296.21,305.85,1816.5,38.6,243.4,4.53,1,0,0,0,0,1,TWF,13.1
7013,L17012,L,306.28,316.06,1259.4,47.5,214.6,3.08,0,0,0,0,0,0,No Failure,22.7
7014,L17013,L,299.7,309.95,1670.3,26.63,137.6,2.72,0,0,0,0,0,0,No Failure,139.8
7015,M17014,M,302.08,312.35,1468.1,45.54,230.7,5.09,1,0,0,0,0,1,TWF,2.6
7016,H17015,H,297.52,306.81,1379.9,41.77,85.6,2.58,0,0,0,0,0,0,No Failure,192.4
7017,L17016,L,301.99,312.62,1608.8,17.83,175.2,6.08,0,0,1,0,0,1,PWF,7.9
7018,L17017,L,303.72,311.4,1817.4,38.46,42.8,3.11,0,0,0,0,0,0,No Failure,220.7
7019,L17018,L,299.88,309.43,1598.9,45.67,223.8,5.44,1,0,0,0,0,1,TWF,11.8
7020,M17019,M,297.98,308.13,1491.0,49.62,62.0,2.57,0,0,0,0,0,0,No Failure,219.1
7021,M17020,M,299.72,309.38,1306.0,37.0,237.3,5.28,1,0,0,0,0,1,TWF,2.9
7022,H17021,H,295.55,303.72,1520.3,26.05,4.2,3.2,0,0,0,0,0,0,No Failure,278.5
7023,H17022,H,299.92,310.68,1299.5,43.3,170.5,1.6,0,0,0,0,0,0,No Failure,84.1
7024,M17023,M,301.64,310.39,1482.5,44.1,37.5,2.2,0,0,0,0,0,0,No Failure,247.3
7025,M17024,M,299.93,309.86,1526.7,32.7,192.7,1.82,0,0,0,0,0,0,No Failure,68.5
7026,L17025,L,299.43,309.58,1115.5,42.65,123.0,2.88,0,0,0,0,0,0,No Failure,144.7
7027,L17026,L,301.06,311.07,1786.5,38.66,227.4,1.96,0,0,0,0,0,0,No Failure,18.5
7028,H17027,H,301.21,312.38,1316.3,43.17,178.8,3.43,0,0,0,0,0,0,No Failure,73.7
7029,L17028,L,296.68,306.63,1504.7,44.23,192.1,3.28,0,0,0,0,0,0,No Failure,55.7
7030,L17029,L,300.18,310.61,1633.6,36.84,30.1,2.35,0,0,0,0,0,0,No Failure,263.1
7031,M17030,M,304.87,314.82,1772.2,32.69,24.1,1.74,0,0,0,0,0,0,No Failure,271.0
7032,L17031,L,297.33,307.94,1396.2,42.52,212.6,2.03,0,0,0,0,0,0,No Failure,31.7
7033,M17032,M,299.83,311.22,1100.0,52.04,56.4,2.77,0,0,0,0,0,0,No Failure,225.5
7034,M17033,M,303.88,314.02,1731.1,31.45,216.7,6.45,1,0,0,0,0,1,TWF,3.5
7035,L17034,L,302.21,312.99,1314.3,37.94,35.6,2.48,0,0,0,0,0,0,No Failure,256.0
7036,H17035,H,298.97,310.43,1602.3,40.83,77.1,0.96,0,0,0,0,0,0,No Failure,203.5
7037,L17036,L,300.41,311.77,1613.5,45.92,232.2,5.9,1,0,0,0,0,1,TWF,13.4
7038,L17037,L,300.0,309.61,1100.0,51.04,209.9,3.13,1,0,0,0,0,1,TWF,12.6
7039,M17038,M,298.5,309.54,1248.9,61.1,13.6,1.23,0,0,0,0,0,0,No Failure,281.3
7040,M17039,M,299.85,310.1,1455.5,43.86,112.0,3.1,0,0,0,0,0,0,No Failure,157.7
7041,M17040,M,299.44,310.56,1100.0,56.35,227.5,5.1,1,0,0,1,0,1,TWF,13.2
7042,L17041,L,300.23,310.79,1298.5,50.79,3.7,2.65,0,0,0,0,0,0,No Failure,295.2
7043,M17042,M,298.5,308.78,1560.0,45.29,26.8,2.56,0,0,0,0,0,0,No Failure,265.7
7044,L17043,L,297.45,307.88,1522.2,36.24,161.3,2.02,0,0,0,0,0,0,No Failure,102.7
7045,H17044,H,299.92,310.17,1592.2,41.57,26.2,2.62,0,0,0,0,0,0,No Failure,267.0
7046,L17045,L,303.43,313.72,1618.4,44.4,112.2,2.17,0,0,0,0,0,0,No Failure,157.1
7047,M17046,M,300.16,310.01,1237.0,45.85,127.0,2.53,0,0,0,0,0,0,No Failure,137.2
7048,L17047,L,299.34,309.09,1308.0,45.9,215.1,2.27,0,0,0,0,0,0,No Failure,24.2
7049,L17048,L,301.51,313.27,1674.3,30.47,239.3,2.2,0,0,0,0,0,0,No Failure,15.8
7050,L17049,L,299.68,310.16,1810.9,29.68,128.1,2.1,0,0,0,0,0,0,No Failure,148.6
7051,H17050,H,303.74,313.16,1364.8,41.51,127.6,1.96,0,0,0,0,0,0,No Failure,139.8
7052,M17051,M,299.99,309.71,1584.3,31.54,181.7,3.01,0,0,0,0,0,0,No Failure,83.0
7053,H17052,H,301.4,312.46,1682.5,35.22,48.1,2.23,0,0,0,0,0,0,No Failure,241.4
7054,L17053,L,298.49,307.75,1580.5,40.28,235.2,1.82,0,0,0,0,0,0,No Failure,6.5
7055,L17054,L,301.01,309.52,1493.5,43.17,0.3,2.25,0,0,0,0,0,0,No Failure,290.0
7056,L17055,L,300.55,309.14,1423.3,36.5,0.4,2.18,0,0,0,0,0,0,No Failure,291.3
7057,H17056,H,299.89,308.16,1893.4,27.45,156.4,2.26,0,0,0,0,0,0,No Failure,102.6
7058,L17057,L,299.0,307.7,1555.2,44.54,85.4,2.93,0,0,0,0,0,0,No Failure,185.3
7059,H17058,H,298.72,307.54,1607.6,33.06,99.5,2.12,0,0,0,0,0,0,No Failure,176.6
7060,H17059,H,300.56,311.95,1596.1,43.36,55.4,2.27,0,0,0,0,0,0,No Failure,229.9
7061,H17060,H,301.26,311.21,1392.6,37.96,102.0,2.89,0,0,0,0,0,0,No Failure,174.2
7062,M17061,M,299.75,309.38,1547.1,41.42,207.0,2.77,0,0,0,0,0,0,No Failure,40.2
7063,M17062,M,300.57,309.13,1480.3,45.8,174.8,2.09,0,0,0,0,0,0,No Failure,67.1
7064,M17063,M,299.92,309.78,1477.1,22.07,23.7,6.31,0,0,1,0,0,1,PWF,12.1
7065,L17064,L,300.2,308.46,1594.7,43.7,14.2,3.05,0,0,0,0,0,0,No Failure,267.3
7066,M17065,M,299.6,309.23,1374.1,52.79,126.5,3.0,0,0,0,0,0,0,No Failure,132.3
7067,L17066,L,300.04,312.1,1322.3,43.21,182.5,2.68,0,0,0,0,0,0,No Failure,68.9
7068,L17067,L,305.4,316.06,1628.0,39.28,166.1,2.4,0,0,0,0,0,0,No Failure,93.7
7069,L17068,L,300.62,310.41,1442.8,35.71,216.0,1.86,0,0,0,0,0,0,No Failure,36.5
7070,L17069,L,301.29,311.99,1476.2,43.19,33.3,1.67,0,0,0,0,0,0,No Failure,257.8
7071,L17070,L,300.88,310.35,1192.7,67.53,151.4,2.45,0,0,0,0,0,0,No Failure,81.3
7072,L17071,L,299.47,308.67,1710.4,19.7,191.5,2.51,0,0,0,0,0,0,No Failure,85.3
7073,M17072,M,302.59,314.29,1631.8,33.26,234.5,2.34,0,0,0,0,0,0,No Failure,17.5
7074,L17073,L,299.42,308.28,1664.7,41.62,25.2,2.43,0,0,0,0,0,0,No Failure,265.5
7075,M17074,M,302.11,311.76,1607.3,46.16,59.9,3.32,0,0,0,0,0,0,No Failure,223.1
7076,L17075,L,299.33,309.64,1266.6,37.69,88.6,3.48,0,0,0,0,0,0,No Failure,190.8
7077,M17076,M,298.08,307.14,1579.0,33.53,135.2,1.84,0,0,0,0,0,0,No Failure,136.9
7078,M17077,M,300.73,311.38,1429.0,37.93,102.2,2.67,0,0,0,0,0,0,No Failure,174.0
7079,M17078,M,297.79,307.48,1365.6,39.36,215.3,2.53,0,0,0,0,0,0,No Failure,32.6
7080,M17079,M,301.07,311.74,1627.5,36.05,237.6,5.33,1,0,0,0,0,1,TWF,12.7
7081,L17080,L,297.61,308.2,1834.9,22.7,17.5,3.54,0,0,0,0,0,0,No Failure,280.0
7082,M17081,M,299.36,309.12,1805.3,31.45,174.9,3.81,0,0,0,0,0,0,No Failure,91.2
7083,L17082,L,297.14,308.85,1649.4,29.82,28.6,2.93,0,0,0,0,0,0,No Failure,266.2
7084,L17083,L,305.65,314.98,1532.6,38.67,224.5,2.52,0,0,0,0,0,0,No Failure,22.1
7085,M17084,M,296.69,308.04,1499.4,35.08,35.5,2.28,0,0,0,0,0,0,No Failure,256.8
7086,L17085,L,300.02,311.19,1376.1,42.42,247.9,3.99,0,0,0,0,0,0,No Failure,1.0
7087,M17086,M,302.29,314.06,1489.7,33.02,106.9,2.04,0,0,0,0,0,0,No Failure,171.3
7088,M17087,M,302.07,312.25,1700.6,41.95,95.5,2.99,0,0,0,0,0,0,No Failure,179.9
7089,L17088,L,301.7,310.91,1864.3,29.9,146.6,2.34,0,0,0,0,0,0,No Failure,126.5
7090,L17089,L,299.37,311.44,1391.8,43.2,98.6,1.7,0,0,0,0,0,0,No Failure,175.2
7091,L17090,L,302.7,312.37,1180.9,49.79,58.7,3.53,0,0,0,0,0,0,No Failure,223.3
7092,H17091,H,301.83,311.01,1443.0,41.63,157.3,1.45,0,0,0,0,0,0,No Failure,102.4
7093,M17092,M,300.42,310.23,1699.8,35.31,182.1,1.21,0,0,0,0,0,0,No Failure,78.3
7094,L17093,L,300.48,309.5,1908.9,37.07,236.3,2.92,0,0,0,0,0,0,No Failure,9.8
7095,L17094,L,299.39,309.92,1772.5,31.85,102.3,2.32,0,0,0,0,0,0,No Failure,177.7
7096,M17095,M,298.18,307.58,1768.1,28.9,176.4,2.76,0,0,0,0,0,0,No Failure,92.2
7097,H17096,H,302.47,312.19,1385.9,43.58,208.4,2.5,0,0,0,0,0,0,No Failure,35.7
7098,L17097,L,302.62,313.59,1391.0,38.84,207.8,2.86,0,0,0,0,0,0,No Failure,42.5
7099,L17098,L,298.23,308.86,1301.0,45.59,8.6,2.32,0,0,0,0,0,0,No Failure,289.0
7100,H17099,H,299.69,309.71,1418.9,34.92,88.9,3.04,0,0,0,0,0,0,No Failure,192.0
7101,L17100,L,299.71,309.88,1701.6,42.61,3.4,3.06,0,0,0,0,0,0,No Failure,295.8
7102,L17101,L,299.93,309.95,1828.8,27.34,139.8,3.43,0,0,0,0,0,0,No Failure,136.7
7103,H17102,H,300.13,309.7,1599.8,45.9,216.3,5.69,1,0,0,0,0,1,TWF,7.7
7104,M17103,M,301.89,311.89,1492.3,39.78,203.7,2.44,0,0,0,0,0,0,No Failure,46.4
7105,L17104,L,298.51,309.0,1347.1,50.53,202.8,5.2,1,0,0,0,0,1,TWF,6.6
7106,L17105,L,298.31,308.18,1517.9,34.16,88.0,2.75,0,0,0,0,0,0,No Failure,193.6
7107,L17106,L,302.47,312.89,1574.4,24.34,11.6,2.75,0,0,0,0,0,0,No Failure,286.7
7108,L17107,L,299.07,308.24,1276.1,35.48,43.1,1.71,0,0,0,0,0,0,No Failure,247.5
7109,H17108,H,297.47,306.87,1702.9,52.75,167.7,4.8,0,0,1,0,0,1,PWF,2.0
7110,L17109,L,299.03,308.3,1462.1,36.85,33.5,2.87,0,0,0,0,0,0,No Failure,259.0
7111,M17110,M,299.34,308.77,1692.2,43.13,31.3,3.59,0,0,0,0,0,0,No Failure,260.4
7112,H17111,H,303.11,314.4,1536.0,29.98,88.4,3.2,0,0,0,0,0,0,No Failure,195.3
7113,L17112,L,301.85,312.58,1591.2,38.96,23.6,2.59,0,0,0,0,0,0,No Failure,270.7
7114,L17113,L,302.3,311.22,1412.4,44.92,82.4,2.44,0,0,0,0,0,0,No Failure,193.2
7115,M17114,M,301.64,312.08,1476.3,60.5,242.4,4.83,1,0,1,1,0,1,TWF,14.6
7116,H17115,H,301.89,311.5,1652.9,34.07,5.0,3.59,0,0,0,0,0,0,No Failure,294.0
7117,H17116,H,298.62,307.94,1514.5,34.64,207.6,1.86,0,0,0,0,0,0,No Failure,48.1
7118,L17117,L,299.6,308.12,1340.2,47.23,248.4,3.52,1,1,0,1,0,1,TWF,15.0
7119,M17118,M,298.02,308.99,1558.0,32.04,109.1,3.04,0,0,0,0,0,0,No Failure,169.4
7120,M17119,M,299.58,308.22,1607.0,40.2,235.8,2.55,0,0,0,0,0,0,No Failure,1.0
7121,H17120,H,301.37,311.32,1783.7,33.26,65.3,2.66,0,0,0,0,0,0,No Failure,221.4
7122,L17121,L,300.27,309.32,1744.3,29.12,245.6,2.61,0,0,0,0,0,0,No Failure,10.4
7123,M17122,M,302.62,313.4,1526.4,42.77,215.4,1.87,0,0,0,0,0,0,No Failure,27.9
7124,H17123,H,297.72,307.38,1440.0,42.42,221.2,4.67,1,0,0,0,0,1,TWF,9.3
7125,L17124,L,301.0,310.87,1497.1,45.4,32.6,2.31,0,0,0,0,0,0,No Failure,258.3
7126,L17125,L,297.5,307.4,1444.3,53.11,217.5,4.93,0,0,0,1,0,1,OSF,7.0
7127,L17126,L,300.19,310.49,1628.6,33.33,235.5,3.35,0,0,0,0,0,0,No Failure,16.3
7128,L17127,L,301.48,311.49,1724.5,31.91,204.8,2.97,0,0,0,0,0,0,No Failure,55.0
7129,L17128,L,299.57,309.53,1759.9,24.67,22.8,1.12,0,0,0,0,0,0,No Failure,273.7
7130,H17129,H,301.1,310.58,1464.2,44.62,21.2,2.63,0,0,0,0,0,0,No Failure,273.0
7131,L17130,L,298.08,306.51,1446.3,36.97,89.4,3.14,0,0,0,0,0,0,No Failure,178.8
7132,L17131,L,296.67,305.55,1462.7,43.44,176.2,1.75,0,0,0,0,0,0,No Failure,74.3
7133,M17132,M,301.11,311.83,1192.2,58.49,3.1,1.98,0,0,0,0,0,0,No Failure,295.8
7134,L17133,L,303.49,313.18,1322.7,40.57,237.7,4.99,1,0,0,0,0,1,TWF,12.1
7135,L17134,L,298.01,307.34,1531.8,35.85,131.4,2.23,0,0,0,0,0,0,No Failure,139.7
7136,M17135,M,302.44,311.04,1605.9,44.46,89.6,1.31,0,0,0,0,0,0,No Failure,177.8
7137,H17136,H,300.09,308.37,1625.9,41.85,140.3,3.22,0,0,0,0,0,0,No Failure,109.2
7138,M17137,M,297.33,306.63,1398.3,47.12,178.9,2.4,0,0,0,0,0,0,No Failure,69.2
7139,M17138,M,297.74,308.63,1450.1,38.64,68.3,2.72,0,0,0,0,0,0,No Failure,215.4
7140,L17139,L,300.03,309.47,1489.8,30.22,72.8,2.47,0,0,0,0,0,0,No Failure,213.7
7141,H17140,H,299.19,309.59,1469.8,35.84,117.0,3.17,0,0,0,0,0,0,No Failure,157.1
7142,L17141,L,297.37,306.77,1661.2,29.05,167.5,1.84,0,0,0,0,0,0,No Failure,102.6
7143,M17142,M,296.61,307.25,1303.8,50.09,176.6,2.9,0,0,0,0,0,0,No Failure,69.0
7144,L17143,L,298.31,307.95,1332.3,47.03,81.0,3.29,0,0,0,0,0,0,No Failure,195.5
7145,H17144,H,300.39,309.16,1484.6,36.23,80.6,1.69,0,0,0,0,0,0,No Failure,196.8
7146,M17145,M,299.99,309.72,1293.6,43.39,121.8,2.06,0,0,0,0,0,0,No Failure,145.7
7147,M17146,M,299.0,310.83,1197.8,53.42,135.5,3.49,0,0,0,0,0,0,No Failure,120.0
7148,L17147,L,300.4,312.19,1270.7,44.98,162.4,3.15,0,0,0,0,0,0,No Failure,92.7
7149,L17148,L,302.08,312.57,1494.6,36.08,154.4,2.01,0,0,0,0,0,0,No Failure,111.3
7150,M17149,M,300.79,310.65,1650.9,50.19,93.1,1.77,0,0,0,0,0,0,No Failure,171.3
7151,M17150,M,299.76,310.06,1654.6,32.42,74.2,2.67,0,0,0,0,0,0,No Failure,211.0
7152,L17151,L,301.86,312.17,1822.2,37.61,77.0,2.7,0,0,0,0,0,0,No Failure,205.2
7153,H17152,H,298.08,308.04,1556.2,41.3,161.4,2.46,0,0,0,0,0,0,No Failure,97.6
7154,H17153,H,299.55,309.99,1580.3,27.31,108.3,3.9,0,0,0,0,0,0,No Failure,173.5
7155,L17154,L,299.6,309.81,1493.2,35.43,33.6,2.89,0,0,0,0,0,0,No Failure,259.1
7156,H17155,H,297.53,307.21,1501.9,45.68,1.5,2.0,0,0,0,0,0,0,No Failure,298.1
7157,M17156,M,299.16,307.96,1910.4,30.49,7.4,3.13,0,0,0,0,0,0,No Failure,287.3
7158,L17157,L,295.85,305.39,1584.8,27.61,216.9,2.53,0,0,0,0,0,0,No Failure,46.3
7159,L17158,L,303.82,314.62,1600.3,40.25,114.5,2.09,0,0,0,0,0,0,No Failure,157.2
7160,M17159,M,298.13,308.09,1333.0,40.93,164.4,3.04,0,0,0,0,0,0,No Failure,94.2
7161,M17160,M,303.17,313.47,1611.5,40.28,232.3,5.39,1,0,0,0,0,1,TWF,2.9
7162,L17161,L,300.08,309.79,1655.8,55.05,31.6,5.78,0,0,1,0,0,1,PWF,6.6
7163,M17162,M,301.13,310.07,1736.7,37.22,111.9,1.91,0,0,0,0,0,0,No Failure,161.3
7164,M17163,M,299.02,308.78,1650.8,40.63,134.8,2.57,0,0,0,0,0,0,No Failure,131.5
7165,M17164,M,300.42,309.39,1515.3,37.82,210.4,1.93,0,0,0,0,0,0,No Failure,40.2
7166,L17165,L,301.3,310.21,1507.7,31.96,248.4,5.38,1,0,0,0,0,1,TWF,6.4
7167,H17166,H,301.33,312.53,1525.1,46.51,177.9,2.95,0,0,0,0,0,0,No Failure,71.2
7168,L17167,L,301.55,311.13,1557.2,34.29,160.5,1.31,0,0,0,0,0,0,No Failure,105.7
7169,L17168,L,299.26,308.52,1764.9,32.39,230.1,2.93,0,0,0,0,0,0,No Failure,24.1
7170,L17169,L,299.04,310.66,1730.0,47.24,209.3,2.28,0,0,0,0,0,0,No Failure,24.2
7171,L17170,L,296.81,307.63,1672.8,33.5,216.3,2.16,0,0,0,0,0,0,No Failure,39.1
7172,H17171,H,301.05,310.67,1901.2,40.07,0.7,1.7,0,0,0,0,0,0,No Failure,299.2
7173,L17172,L,302.16,312.59,1100.0,57.26,128.6,1.86,0,0,0,0,0,0,No Failure,126.1
7174,M17173,M,303.23,313.0,1455.6,37.35,195.7,3.56,0,0,0,0,0,0,No Failure,59.3
7175,L17174,L,300.61,309.92,1536.0,41.45,45.4,3.01,0,0,0,0,0,0,No Failure,243.1
7176,L17175,L,298.47,308.94,1417.7,37.31,187.9,3.28,0,0,0,0,0,0,No Failure,69.0
7177,H17176,H,296.61,306.28,1371.6,50.08,2.3,1.99,0,0,0,0,0,0,No Failure,297.0
7178,M17177,M,302.08,312.16,1230.6,57.49,143.8,3.58,0,0,0,0,0,0,No Failure,105.3
7179,L17178,L,296.41,307.43,1482.3,40.82,212.8,2.46,0,0,0,0,0,0,No Failure,33.7
7180,M17179,M,299.32,310.23,1698.0,44.73,107.8,2.03,0,0,0,0,0,0,No Failure,162.5
7181,L17180,L,299.55,309.0,1676.5,36.91,184.9,1.85,0,0,0,0,0,0,No Failure,73.1
7182,L17181,L,299.86,310.35,1403.4,49.16,132.6,1.87,0,0,0,0,0,0,No Failure,127.3
7183,M17182,M,300.07,308.94,1577.4,58.7,161.8,4.62,0,0,1,0,0,1,PWF,9.5
7184,M17183,M,300.28,310.73,1781.0,51.01,129.2,3.63,0,0,1,0,0,1,PWF,1.6
7185,L17184,L,295.17,305.32,1265.9,46.12,119.0,3.04,0,0,0,0,0,0,No Failure,147.3
7186,H17185,H,300.03,310.41,1509.6,41.8,210.4,4.06,0,0,0,0,0,0,No Failure,35.5
7187,M17186,M,295.54,305.24,1589.3,30.38,23.2,2.35,0,0,0,0,0,0,No Failure,272.5
7188,L17187,L,301.46,313.55,1539.8,44.56,146.2,2.36,0,0,0,0,0,0,No Failure,113.8
7189,M17188,M,298.89,307.99,1690.3,38.22,28.7,1.39,0,0,0,0,0,0,No Failure,264.5
7190,M17189,M,295.69,306.66,1269.9,41.83,140.7,1.94,0,0,0,0,0,0,No Failure,123.1
7191,M17190,M,298.37,307.34,1358.0,52.49,240.9,4.49,1,0,0,1,0,1,TWF,10.3
7192,L17191,L,298.86,309.36,1660.1,34.28,14.3,2.99,0,0,0,0,0,0,No Failure,282.7
7193,M17192,M,302.38,312.96,1233.3,45.0,105.5,3.66,0,0,0,0,0,0,No Failure,165.3
7194,L17193,L,300.39,310.45,1683.3,38.44,200.5,1.85,0,0,0,0,0,0,No Failure,52.1
7195,H17194,H,300.69,310.19,1618.5,33.82,92.4,2.38,0,0,0,0,0,0,No Failure,188.3
7196,M17195,M,302.36,312.5,1670.8,35.69,130.1,2.35,0,0,0,0,0,0,No Failure,141.4
7197,L17196,L,299.81,310.07,1454.0,53.49,28.7,2.91,0,0,0,0,0,0,No Failure,260.4
7198,M17197,M,301.51,313.3,1629.3,32.52,55.8,2.56,0,0,0,0,0,0,No Failure,233.1
7199,H17198,H,301.37,310.5,1328.2,49.9,171.6,3.77,0,0,0,0,0,0,No Failure,75.7
7200,H17199,H,297.43,306.87,1463.8,36.9,207.1,2.05,0,0,0,0,0,0,No Failure,45.8
7201,L17200,L,302.95,313.23,1544.5,32.04,161.6,3.04,0,0,0,0,0,0,No Failure,106.5
7202,L17201,L,297.16,306.9,1377.1,43.0,209.2,2.14,0,0,0,0,0,0,No Failure,35.4
7203,M17202,M,301.83,311.73,1577.0,56.84,151.4,3.6,0,0,1,0,0,1,PWF,7.9
7204,L17203,L,296.97,308.04,1333.2,50.48,202.6,3.36,0,0,0,0,0,0,No Failure,34.5
7205,H17204,H,301.2,308.38,1586.1,41.06,245.7,6.73,1,0,0,0,0,1,TWF,14.0
7206,L17205,L,303.72,313.13,1849.8,28.76,20.7,2.75,0,0,0,0,0,0,No Failure,275.6
7207,L17206,L,299.57,307.83,1313.1,43.0,119.9,4.04,0,1,0,0,0,1,HDF,9.9
7208,L17207,L,299.49,308.29,1534.0,28.73,47.5,1.82,0,0,0,0,0,0,No Failure,240.2
7209,L17208,L,301.22,313.63,1248.4,60.63,116.3,2.84,0,0,0,0,0,0,No Failure,140.3
7210,M17209,M,299.34,309.94,1388.9,45.08,124.9,1.22,0,0,0,0,0,0,No Failure,140.5
7211,L17210,L,303.64,314.59,1663.6,37.34,155.5,3.02,0,0,0,0,0,0,No Failure,108.8
7212,L17211,L,300.38,310.3,1460.9,42.5,109.8,2.25,0,0,0,0,0,0,No Failure,161.5
7213,L17212,L,299.36,310.12,1670.9,50.54,81.2,2.24,0,0,0,0,0,0,No Failure,185.1
7214,M17213,M,298.92,307.15,1601.7,39.56,10.8,1.86,0,0,0,0,0,0,No Failure,271.2
7215,L17214,L,298.13,309.17,1526.5,37.96,8.7,1.64,0,0,0,0,0,0,No Failure,289.3
7216,M17215,M,298.74,307.92,1353.7,56.92,43.8,2.47,0,0,0,0,0,0,No Failure,240.2
7217,M17216,M,299.3,308.77,1660.7,35.22,112.2,2.62,0,0,0,0,0,0,No Failure,163.4
7218,M17217,M,299.02,309.53,1592.4,25.84,104.4,2.44,0,0,0,0,0,0,No Failure,179.0
7219,H17218,H,298.68,309.0,1264.5,36.76,47.7,3.16,0,0,0,0,0,0,No Failure,241.5
7220,H17219,H,304.2,314.28,1365.3,42.6,205.6,2.54,0,0,0,0,0,0,No Failure,40.5
7221,H17220,H,297.94,306.58,1100.0,56.59,170.9,2.93,0,0,0,0,0,0,No Failure,62.4
7222,L17221,L,300.29,310.39,1293.6,52.14,85.8,1.62,0,0,0,0,0,0,No Failure,186.7
7223,L17222,L,301.19,312.15,1481.9,34.06,199.2,2.23,0,0,0,0,0,0,No Failure,59.0
7224,L17223,L,301.26,310.73,1349.0,42.9,247.3,3.39,0,0,0,0,0,0,No Failure,1.0
7225,H17224,H,299.88,311.2,1389.1,37.52,61.3,3.08,0,0,0,0,0,0,No Failure,224.6
7226,H17225,H,299.52,308.65,1786.9,41.37,90.6,2.7,0,0,0,0,0,0,No Failure,186.3
7227,H17226,H,300.9,310.91,1722.2,43.82,248.2,4.43,1,0,0,0,0,1,TWF,8.5
7228,L17227,L,300.53,312.07,1413.7,56.15,34.5,1.94,0,0,0,0,0,0,No Failure,250.5
7229,H17228,H,299.48,308.8,1680.0,38.17,19.3,2.18,0,0,0,0,0,0,No Failure,276.2
7230,L17229,L,296.88,307.93,1755.5,47.24,130.2,2.88,0,0,0,0,0,0,No Failure,125.1
7231,L17230,L,299.06,311.04,1648.7,31.54,117.1,1.31,0,0,0,0,0,0,No Failure,160.2
7232,L17231,L,297.71,307.88,1591.5,39.21,19.6,3.58,0,0,0,0,0,0,No Failure,275.7
7233,L17232,L,298.67,308.14,1734.6,27.16,72.5,3.24,0,0,0,0,0,0,No Failure,215.4
7234,M17233,M,300.07,309.29,1675.7,39.82,104.7,3.23,0,0,0,0,0,0,No Failure,169.6
7235,L17234,L,300.72,312.02,1320.9,47.42,205.6,2.87,0,0,0,0,0,0,No Failure,34.5
7236,L17235,L,303.56,314.84,1504.2,22.71,177.0,2.56,0,0,0,0,0,0,No Failure,98.3
7237,M17236,M,298.93,310.37,1439.2,49.46,228.6,4.84,1,0,0,0,0,1,TWF,2.2
7238,H17237,H,301.55,311.52,1744.3,40.39,83.1,2.28,0,0,0,0,0,0,No Failure,196.2
7239,M17238,M,300.61,311.65,1434.1,37.95,77.3,3.77,0,0,0,0,0,0,No Failure,204.6
7240,L17239,L,302.59,312.54,1403.4,44.72,115.8,2.42,0,0,0,0,0,0,No Failure,152.3
7241,H17240,H,301.15,310.27,1721.8,24.39,1.9,2.21,0,0,0,0,0,0,No Failure,297.8
7242,H17241,H,297.98,309.11,1584.5,32.48,51.8,2.34,0,0,0,0,0,0,No Failure,237.8
7243,L17242,L,296.55,308.19,1916.0,43.0,52.9,2.07,0,0,0,0,0,0,No Failure,226.9
7244,M17243,M,300.62,309.6,1383.7,35.28,15.3,2.99,0,0,0,0,0,0,No Failure,281.0
7245,L17244,L,298.94,307.9,1445.1,41.59,113.8,2.19,0,0,0,0,0,0,No Failure,156.3
7246,L17245,L,298.04,308.08,1738.8,24.73,226.4,4.4,1,0,0,0,0,1,TWF,9.9
7247,M17246,M,297.46,308.42,1309.0,48.2,1.0,3.3,0,0,0,0,0,0,No Failure,298.7
7248,H17247,H,300.32,309.19,1774.2,37.76,157.1,3.14,0,0,0,0,0,0,No Failure,103.7
7249,L17248,L,303.02,313.24,1321.9,50.46,219.8,3.47,0,0,0,1,0,1,OSF,9.9
7250,H17249,H,299.18,308.59,1647.2,39.7,26.9,3.21,0,0,0,0,0,0,No Failure,266.6
7251,H17250,H,301.18,311.88,1208.1,59.65,229.3,5.08,1,0,0,1,0,1,TWF,4.5
7252,H17251,H,299.8,309.0,1546.1,34.93,204.6,1.6,0,0,0,0,0,0,No Failure,51.4
7253,L17252,L,297.42,308.19,1292.9,39.0,53.6,2.3,0,0,0,0,0,0,No Failure,233.5
7254,H17253,H,301.47,311.31,1882.8,27.76,226.3,2.68,0,0,0,0,0,0,No Failure,35.0
7255,L17254,L,297.81,306.87,1346.2,35.15,201.0,2.37,0,0,0,0,0,0,No Failure,55.5
7256,M17255,M,300.04,310.11,1389.6,43.73,27.8,2.76,0,0,0,0,0,0,No Failure,264.7
7257,L17256,L,299.32,307.38,1633.8,35.75,207.6,2.27,0,0,0,0,0,0,No Failure,27.9
7258,L17257,L,301.79,311.23,1430.4,45.29,135.5,1.26,0,0,0,0,0,0,No Failure,126.7
7259,M17258,M,297.88,308.22,1663.3,24.76,204.0,2.39,0,0,0,0,0,0,No Failure,64.9
7260,L17259,L,300.78,309.01,1410.8,42.44,154.4,1.59,0,0,0,0,0,0,No Failure,89.8
7261,L17260,L,298.32,305.75,1397.0,51.45,98.0,2.5,0,0,0,0,0,0,No Failure,139.6
7262,L17261,L,298.98,306.64,1533.1,43.14,150.3,1.75,0,0,0,0,0,0,No Failure,83.0
7263,M17262,M,292.73,304.06,1320.2,32.18,159.0,2.81,0,0,0,0,0,0,No Failure,109.5
7264,L17263,L,304.18,314.11,1608.9,37.21,191.6,3.31,0,0,0,0,0,0,No Failure,64.6
7265,H17264,H,301.1,310.57,1695.0,30.27,207.7,3.21,1,0,0,0,0,1,TWF,3.2
7266,L17265,L,298.47,309.41,1637.0,36.74,165.8,1.27,0,0,0,0,0,0,No Failure,96.7
7267,L17266,L,297.75,307.35,1653.1,33.63,247.4,4.62,1,0,0,0,0,1,TWF,9.8
7268,L17267,L,299.01,309.28,1193.5,62.45,194.6,6.29,0,0,0,1,0,1,OSF,6.8
7269,L17268,L,301.43,311.46,1455.4,41.83,227.7,5.28,1,0,0,0,0,1,TWF,10.9
7270,L17269,L,296.22,305.74,1497.4,42.29,79.9,2.24,0,0,0,0,0,0,No Failure,199.3
7271,L17270,L,299.72,310.01,1798.3,33.06,79.1,1.85,0,0,0,0,0,0,No Failure,204.9
7272,H17271,H,303.54,314.31,1433.9,45.16,90.6,2.93,0,0,0,0,0,0,No Failure,184.2
7273,M17272,M,297.73,307.55,1126.0,51.77,109.9,3.42,0,0,0,0,0,0,No Failure,155.1
7274,L17273,L,300.16,309.7,1358.3,49.59,240.4,4.6,1,0,0,1,0,1,TWF,1.5
7275,L17274,L,304.41,314.06,1419.6,39.52,18.4,2.68,0,0,0,0,0,0,No Failure,277.1
7276,H17275,H,301.26,308.97,1152.0,61.72,124.6,5.96,0,1,0,0,0,1,HDF,1.8
7277,L17276,L,300.25,310.53,1711.4,38.53,40.3,2.14,0,0,0,0,0,0,No Failure,250.2
7278,L17277,L,301.01,309.8,1257.0,46.66,202.7,2.39,0,0,0,0,0,0,No Failure,34.9
7279,M17278,M,299.2,309.83,1617.8,42.98,7.8,2.48,0,0,0,0,0,0,No Failure,290.2
7280,M17279,M,302.6,312.51,1342.5,48.15,113.8,2.25,0,0,0,0,0,0,No Failure,152.5
7281,M17280,M,299.2,309.31,1807.8,38.98,98.7,3.16,0,0,0,0,0,0,No Failure,177.6
7282,L17281,L,296.08,306.78,1488.6,40.91,23.0,3.58,0,0,0,0,0,0,No Failure,271.2
7283,L17282,L,299.22,308.29,1452.2,39.63,94.2,1.48,0,0,0,0,0,0,No Failure,182.9
7284,M17283,M,298.07,308.44,1632.6,37.7,202.3,1.94,0,0,0,0,0,0,No Failure,50.8
7285,L17284,L,299.44,309.71,1357.7,40.69,34.4,3.25,0,0,0,0,0,0,No Failure,257.0
7286,M17285,M,299.48,309.3,1641.0,43.42,245.9,5.61,1,0,0,0,0,1,TWF,3.2
7287,M17286,M,302.39,311.47,1451.8,51.61,14.6,2.76,0,0,0,0,0,0,No Failure,280.7
7288,L17287,L,301.39,311.99,1431.6,45.97,72.3,2.92,0,0,0,0,0,0,No Failure,207.3
7289,H17288,H,300.53,311.23,1522.3,49.34,193.7,2.56,0,0,0,0,0,0,No Failure,47.5
7290,H17289,H,299.99,310.11,1342.9,52.57,89.4,2.79,0,0,0,0,0,0,No Failure,181.7
7291,M17290,M,297.88,306.81,1503.8,38.02,120.1,2.3,0,0,0,0,0,0,No Failure,150.4
7292,L17291,L,295.64,305.11,1598.8,43.38,46.7,2.36,0,0,0,0,0,0,No Failure,240.9
7293,L17292,L,300.23,310.17,1124.7,44.37,178.9,2.44,0,0,0,0,0,0,No Failure,72.3
7294,L17293,L,301.59,312.28,1733.3,35.92,44.9,2.26,0,0,0,0,0,0,No Failure,245.2
7295,L17294,L,299.78,308.2,1684.1,27.35,212.2,2.78,0,0,0,0,0,0,No Failure,40.4
7296,H17295,H,298.93,308.37,1206.0,48.98,134.9,2.68,0,0,0,0,0,0,No Failure,124.5
7297,L17296,L,300.93,310.53,1178.1,40.85,137.0,1.38,0,0,0,0,0,0,No Failure,128.5
7298,L17297,L,299.83,309.75,1688.7,43.19,233.4,5.78,1,0,0,0,0,1,TWF,13.0
7299,L17298,L,303.37,312.07,1674.8,33.06,193.2,2.51,0,0,0,0,0,0,No Failure,61.4
7300,M17299,M,302.47,312.25,1649.5,42.72,185.8,3.42,0,0,0,0,0,0,No Failure,65.4
7301,L17300,L,301.92,311.61,1282.6,46.25,214.5,2.33,0,0,0,0,0,0,No Failure,24.4
7302,L17301,L,301.52,310.48,1865.3,19.26,23.0,2.56,0,0,0,0,0,0,No Failure,273.6
7303,L17302,L,297.42,307.3,1402.9,39.38,181.5,2.45,0,0,0,0,0,0,No Failure,74.5
7304,H17303,H,301.33,310.78,1580.9,34.24,58.3,3.29,0,0,0,0,0,0,No Failure,229.4
7305,L17304,L,300.75,311.25,1583.1,37.8,70.2,1.78,0,0,0,0,0,0,No Failure,213.4
7306,H17305,H,301.21,310.33,1823.1,43.47,3.8,2.03,0,0,0,0,0,0,No Failure,292.2
7307,H17306,H,300.99,311.08,1560.4,50.17,223.4,1.99,0,0,0,0,0,0,No Failure,5.6
7308,L17307,L,300.91,310.1,1612.4,35.59,184.8,2.51,0,0,0,0,0,0,No Failure,74.8
7309,M17308,M,305.4,314.8,1524.2,30.54,34.8,1.6,0,0,0,0,0,0,No Failure,258.6
7310,L17309,L,299.85,310.14,1323.8,40.12,82.0,3.38,0,0,0,0,0,0,No Failure,197.8
7311,H17310,H,301.87,312.11,1123.0,56.79,120.0,2.75,0,0,0,0,0,0,No Failure,138.1
7312,M17311,M,299.06,308.64,1543.8,38.11,123.5,2.85,0,0,0,0,0,0,No Failure,147.6
7313,L17312,L,301.58,311.31,1285.2,35.66,148.9,3.76,0,0,0,0,0,0,No Failure,118.4
7314,L17313,L,301.88,310.43,1600.7,33.96,118.0,2.29,0,0,0,0,0,0,No Failure,148.2
7315,L17314,L,300.73,312.13,1564.6,47.53,162.2,3.01,0,0,0,0,0,0,No Failure,90.4
7316,H17315,H,303.34,314.03,1560.3,40.5,221.0,2.85,0,0,0,0,0,0,No Failure,24.0
7317,L17316,L,298.23,308.88,1349.5,44.79,99.5,3.42,0,0,0,0,0,0,No Failure,173.1
7318,M17317,M,299.03,307.43,1723.5,32.09,219.2,5.51,1,0,0,0,0,1,TWF,1.0
7319,L17318,L,300.42,309.83,1623.0,33.75,54.9,2.19,0,0,0,0,0,0,No Failure,233.7
7320,H17319,H,301.76,311.43,1326.5,49.04,30.3,2.75,0,0,0,0,0,0,No Failure,260.5
7321,L17320,L,300.36,308.43,1908.3,32.44,59.9,2.11,0,0,0,0,0,0,No Failure,209.6
7322,M17321,M,302.57,313.46,1500.3,45.39,51.6,2.22,0,0,0,0,0,0,No Failure,233.9
7323,L17322,L,298.68,310.13,1299.2,50.01,246.3,5.61,1,0,0,1,0,1,TWF,3.8
7324,M17323,M,297.72,309.78,1402.3,42.93,95.3,2.39,0,0,0,0,0,0,No Failure,179.6
7325,L17324,L,300.62,309.57,1267.9,50.01,162.9,1.96,0,0,0,0,0,0,No Failure,86.1
7326,L17325,L,299.85,309.96,1781.3,29.53,174.0,1.14,0,0,0,0,0,0,No Failure,94.4
7327,L17326,L,301.09,312.41,1731.4,34.32,111.3,2.68,0,0,0,0,0,0,No Failure,165.2
7328,M17327,M,299.95,309.69,1670.4,45.31,55.9,2.72,0,0,0,0,0,0,No Failure,228.5
7329,L17328,L,299.32,308.75,1636.7,36.74,109.5,2.72,0,0,0,0,0,0,No Failure,165.7
7330,M17329,M,299.85,307.98,1761.5,32.54,118.4,3.64,0,0,0,0,0,0,No Failure,140.5
7331,L17330,L,300.06,311.19,1494.7,41.62,238.5,4.39,1,0,0,0,0,1,TWF,8.6
7332,H17331,H,299.39,309.37,1613.7,29.02,142.2,3.43,0,0,0,0,0,0,No Failure,132.5
7333,H17332,H,299.59,308.86,1392.7,44.63,242.5,5.79,1,0,0,0,0,1,TWF,13.4
7334,M17333,M,299.19,309.48,1510.5,51.59,144.2,3.56,0,0,0,0,0,0,No Failure,108.4
7335,L17334,L,301.71,311.87,1618.6,31.41,36.2,2.29,0,0,0,0,0,0,No Failure,256.7
7336,L17335,L,300.39,310.56,1100.0,56.41,96.1,2.77,0,0,0,0,0,0,No Failure,170.5
7337,L17336,L,304.51,314.3,1427.1,41.88,198.1,2.04,0,0,0,0,0,0,No Failure,50.9
7338,L17337,L,300.32,311.94,1567.5,37.93,105.4,2.09,0,0,0,0,0,0,No Failure,170.0
7339,M17338,M,298.9,308.76,1524.1,38.9,24.9,3.53,0,0,0,0,0,0,No Failure,269.1
7340,M17339,M,305.34,316.96,1457.0,46.18,24.0,2.92,0,0,0,0,0,0,No Failure,269.2
7341,H17340,H,300.83,311.39,1643.5,28.82,59.3,2.96,0,0,0,0,0,0,No Failure,230.2
7342,L17341,L,301.98,312.33,1411.3,47.33,141.2,1.83,0,0,0,0,0,0,No Failure,117.7
7343,M17342,M,301.18,311.07,1319.3,45.96,207.5,1.62,0,0,0,0,0,0,No Failure,33.8
7344,L17343,L,301.25,312.22,1749.9,21.95,133.4,3.13,0,0,0,0,0,0,No Failure,148.5
7345,M17344,M,301.07,311.18,1724.6,37.45,186.5,2.75,0,0,0,0,0,0,No Failure,70.5
7346,L17345,L,297.8,306.86,1430.8,42.73,161.4,2.32,0,0,0,0,0,0,No Failure,96.2
7347,L17346,L,300.74,309.77,1525.7,33.22,131.0,3.54,0,0,0,0,0,0,No Failure,142.2
7348,L17347,L,297.35,307.77,1689.4,36.64,53.7,2.86,0,0,0,0,0,0,No Failure,234.2
7349,M17348,M,299.65,308.74,1545.9,29.6,220.8,1.99,0,0,0,0,0,0,No Failure,39.0
7350,H17349,H,298.55,308.49,1632.9,31.95,68.9,1.34,0,0,0,0,0,0,No Failure,217.5
7351,L17350,L,300.71,311.77,1623.1,37.22,63.2,2.86,0,0,0,0,0,0,No Failure,222.3
7352,L17351,L,300.67,310.97,1480.9,28.72,64.4,2.22,0,0,0,0,0,0,No Failure,224.2
7353,L17352,L,300.96,310.24,1630.4,28.74,23.9,2.42,0,0,0,0,0,0,No Failure,271.8
7354,M17353,M,300.57,311.98,1365.3,36.93,124.7,2.37,0,0,0,0,0,0,No Failure,147.0
7355,L17354,L,298.79,309.33,1608.6,37.85,81.9,3.36,0,0,0,0,0,0,No Failure,199.0
7356,M17355,M,299.48,310.5,1524.7,42.44,130.5,3.01,0,0,0,0,0,0,No Failure,135.4
7357,H17356,H,301.84,309.57,1473.4,34.47,113.3,2.44,0,0,0,0,0,0,No Failure,137.3
7358,H17357,H,302.14,312.47,1314.8,38.99,129.9,2.43,0,0,0,0,0,0,No Failure,138.9
7359,L17358,L,297.71,308.55,1561.6,39.39,74.4,2.67,0,0,0,0,0,0,No Failure,207.5
7360,H17359,H,296.94,308.64,1544.9,39.62,203.8,3.29,0,0,0,0,0,0,No Failure,46.5
7361,M17360,M,298.55,307.08,1387.7,38.34,133.5,2.55,0,0,0,0,0,0,No Failure,125.7
7362,L17361,L,302.09,313.3,1252.2,60.72,52.1,2.16,0,0,0,0,0,0,No Failure,228.4
7363,M17362,M,302.43,314.07,1243.6,49.54,225.5,1.78,0,0,0,0,0,0,No Failure,5.8
7364,H17363,H,298.15,306.13,1492.5,39.01,27.4,2.45,0,0,0,0,0,0,No Failure,245.7
7365,L17364,L,300.61,311.09,1592.9,34.97,183.4,1.78,0,0,0,0,0,0,No Failure,77.2
7366,L17365,L,303.67,314.29,1869.1,39.16,169.6,2.7,0,0,0,0,0,0,No Failure,89.5
7367,L17366,L,300.83,310.5,1529.9,43.03,18.2,2.77,0,0,0,0,0,0,No Failure,277.0
7368,M17367,M,302.84,312.35,1247.1,35.95,225.4,5.52,1,0,0,0,0,1,TWF,1.1
7369,L17368,L,302.0,312.67,1501.0,35.1,79.1,2.37,0,0,0,0,0,0,No Failure,203.8
7370,H17369,H,298.18,307.56,1762.0,30.92,185.2,3.12,0,0,0,0,0,0,No Failure,79.5
7371,M17370,M,299.62,309.4,1415.8,42.3,69.3,3.47,0,0,0,0,0,0,No Failure,212.7
7372,M17371,M,300.07,310.88,1738.2,38.91,131.4,2.54,0,0,0,0,0,0,No Failure,137.1
7373,L17372,L,300.21,311.96,1569.5,30.74,243.1,7.17,1,0,0,0,0,1,TWF,6.3
7374,M17373,M,301.83,312.37,1653.8,35.72,152.7,3.36,0,0,0,0,0,0,No Failure,113.7
7375,L17374,L,300.82,310.95,1870.7,43.97,74.1,2.21,0,0,0,0,0,0,No Failure,199.7
7376,L17375,L,294.13,303.61,1209.1,49.83,114.6,4.27,0,0,0,0,0,0,No Failure,150.3
7377,M17376,M,297.37,306.36,1698.5,30.47,169.0,2.46,0,0,0,0,0,0,No Failure,99.1
7378,L17377,L,295.63,306.73,1521.0,30.11,111.3,3.34,0,0,0,0,0,0,No Failure,168.1
7379,M17378,M,300.35,310.2,1368.1,40.45,227.7,6.25,1,0,0,0,0,1,TWF,5.4
7380,L17379,L,300.48,311.63,1520.0,31.92,216.9,2.68,0,0,0,0,0,0,No Failure,40.5
7381,L17380,L,300.57,310.24,1840.7,29.83,36.7,3.29,0,0,0,0,0,0,No Failure,256.6
7382,L17381,L,298.08,307.43,1777.0,37.56,196.2,2.59,0,0,0,0,0,0,No Failure,58.4
7383,H17382,H,301.35,311.77,1179.9,51.11,235.6,4.49,1,0,0,0,0,1,TWF,1.0
7384,M17383,M,301.43,311.36,1400.2,39.49,79.2,2.47,0,0,0,0,0,0,No Failure,201.5
7385,M17384,M,297.49,306.28,1706.8,22.62,59.6,1.81,0,0,0,0,0,0,No Failure,228.0
7386,L17385,L,297.07,308.89,1534.1,44.93,2.4,3.14,0,0,0,0,0,0,No Failure,296.9
7387,L17386,L,300.0,309.37,1534.8,36.63,28.9,2.1,0,0,0,0,0,0,No Failure,264.6
7388,H17387,H,303.58,314.51,1257.3,48.48,240.2,2.63,0,0,0,0,0,0,No Failure,1.0
7389,L17388,L,303.4,314.24,1404.6,36.34,97.8,2.51,0,0,0,0,0,0,No Failure,180.4
7390,L17389,L,301.13,309.87,1294.9,43.47,96.8,2.86,0,0,0,0,0,0,No Failure,172.1
7391,M17390,M,298.54,307.54,1242.1,44.25,66.7,2.49,0,0,0,0,0,0,No Failure,215.1
7392,L17391,L,301.77,311.47,1312.9,36.36,41.0,2.34,0,0,0,0,0,0,No Failure,249.8
7393,H17392,H,299.1,308.23,1371.9,37.38,127.2,2.75,0,0,0,0,0,0,No Failure,143.5
7394,M17393,M,298.46,310.19,1401.8,42.7,180.8,2.7,0,0,0,0,0,0,No Failure,71.7
7395,L17394,L,295.71,305.51,1387.3,45.34,137.7,1.86,0,0,0,0,0,0,No Failure,123.9
7396,L17395,L,300.2,311.09,1720.7,30.08,8.9,2.43,0,0,0,0,0,0,No Failure,289.5
7397,L17396,L,298.74,309.25,1375.6,35.2,200.9,3.26,0,0,0,0,0,0,No Failure,55.6
7398,H17397,H,300.19,310.46,1793.3,30.96,232.9,5.9,1,0,0,0,0,1,TWF,7.9
7399,M17398,M,295.4,305.44,1451.4,46.8,110.1,1.48,0,0,0,0,0,0,No Failure,158.2
7400,L17399,L,300.34,311.58,1616.6,30.54,91.6,3.0,0,0,0,0,0,0,No Failure,191.2
7401,L17400,L,295.14,304.31,1622.3,37.07,57.5,2.56,0,0,0,0,0,0,No Failure,229.4
7402,M17401,M,302.18,313.9,1377.3,38.94,75.5,2.14,0,0,0,0,0,0,No Failure,206.4
7403,M17402,M,301.04,309.76,1479.3,48.46,161.1,2.24,0,0,0,0,0,0,No Failure,85.1
7404,L17403,L,299.44,310.22,1448.0,37.89,192.5,1.94,0,0,0,0,0,0,No Failure,62.6
7405,L17404,L,301.13,309.72,1604.7,42.02,83.1,1.68,0,0,0,0,0,0,No Failure,187.4
7406,L17405,L,298.04,307.73,1514.9,46.71,84.9,2.73,0,0,0,0,0,0,No Failure,190.7
7407,M17406,M,300.14,310.24,1404.0,53.52,112.8,3.57,0,0,0,0,0,0,No Failure,150.1
7408,H17407,H,301.59,311.1,1559.3,29.01,42.6,2.71,0,0,0,0,0,0,No Failure,249.9
7409,L17408,L,293.81,303.63,1598.8,27.74,231.8,5.36,1,0,0,0,0,1,TWF,1.0
7410,M17409,M,299.11,307.72,1869.2,40.26,176.4,2.13,0,0,0,0,0,0,No Failure,72.2
7411,L17410,L,299.95,308.97,1550.2,45.72,108.4,1.94,0,0,0,0,0,0,No Failure,161.1
7412,L17411,L,299.61,310.11,1539.8,34.65,30.6,2.51,0,0,0,0,0,0,No Failure,262.9
7413,L17412,L,302.91,312.94,1614.7,14.5,212.2,3.67,0,0,1,0,0,1,PWF,4.4
7414,H17413,H,297.75,307.06,1368.1,44.42,120.9,3.17,0,0,0,0,0,0,No Failure,146.0
7415,L17414,L,298.76,310.08,1229.1,38.19,199.2,2.15,0,0,0,0,0,0,No Failure,54.0
7416,M17415,M,296.17,304.95,1482.1,34.69,8.3,1.99,0,0,0,0,0,0,No Failure,285.5
7417,L17416,L,303.02,312.66,1729.9,35.95,68.4,3.85,0,0,0,0,0,0,No Failure,216.5
7418,L17417,L,299.51,309.0,1758.8,36.32,155.5,3.28,0,0,0,0,0,0,No Failure,109.7
7419,L17418,L,299.12,309.74,1201.6,61.0,122.0,1.78,0,0,0,0,0,0,No Failure,132.2
7420,M17419,M,299.9,309.94,1657.2,33.6,73.8,1.97,0,0,0,0,0,0,No Failure,211.0
7421,L17420,L,301.27,311.16,1146.9,45.48,50.3,2.38,0,0,0,0,0,0,No Failure,235.6
7422,M17421,M,300.69,308.85,1620.2,43.45,75.5,2.4,0,0,0,0,0,0,No Failure,187.5
7423,L17422,L,305.3,316.16,1609.5,39.92,185.6,2.22,0,0,0,0,0,0,No Failure,68.8
7424,L17423,L,300.91,310.69,1229.4,46.26,45.9,3.3,0,0,0,0,0,0,No Failure,241.0
7425,L17424,L,299.07,309.19,1717.0,35.17,148.5,2.63,0,0,0,0,0,0,No Failure,119.4
7426,L17425,L,298.88,308.13,1850.1,29.78,105.9,2.48,0,0,0,0,0,0,No Failure,174.7
7427,L17426,L,299.21,308.31,1526.8,44.14,190.8,2.14,0,0,0,0,0,0,No Failure,57.4
7428,L17427,L,297.0,308.5,1563.2,50.2,50.4,1.87,0,0,0,0,0,0,No Failure,231.9
7429,M17428,M,300.08,308.31,1802.8,28.2,67.5,2.13,0,0,0,0,0,0,No Failure,205.3
7430,M17429,M,301.57,310.51,1336.4,47.84,99.7,1.97,0,0,0,0,0,0,No Failure,169.9
7431,L17430,L,298.77,310.25,1340.9,34.04,41.6,1.74,0,0,0,0,0,0,No Failure,249.6
7432,L17431,L,298.39,309.03,1387.8,35.73,115.3,3.15,0,0,0,0,0,0,No Failure,159.4
7433,L17432,L,303.03,312.71,1544.6,42.78,104.0,3.06,0,0,0,0,0,0,No Failure,168.6
7434,L17433,L,297.15,308.39,1544.2,38.36,247.5,4.42,1,0,0,0,0,1,TWF,3.9
7435,L17434,L,295.86,306.31,1439.0,33.93,148.5,3.29,0,0,0,0,0,0,No Failure,120.5
7436,H17435,H,297.69,307.93,1484.2,40.49,17.4,2.85,0,0,0,0,0,0,No Failure,278.3
7437,L17436,L,296.92,307.14,1441.4,47.78,115.0,1.85,0,0,0,0,0,0,No Failure,151.2
7438,L17437,L,300.77,311.24,1450.0,31.25,219.6,1.63,0,0,0,0,0,0,No Failure,38.1
7439,L17438,L,299.28,309.78,1400.4,55.07,216.7,4.97,0,0,0,1,0,1,OSF,14.7
7440,L17439,L,299.56,311.76,1401.9,46.81,240.5,6.03,1,0,0,1,0,1,TWF,7.7
7441,M17440,M,302.31,312.11,1179.8,55.01,223.6,4.99,0,0,0,1,0,1,OSF,12.1
7442,L17441,L,298.62,308.45,1498.0,40.04,44.1,2.18,0,0,0,0,0,0,No Failure,245.1
7443,L17442,L,301.55,310.31,1188.0,62.74,0.9,3.01,0,0,0,0,0,0,No Failure,294.0
7444,M17443,M,303.02,312.97,1672.4,42.61,154.1,3.44,0,0,0,0,0,0,No Failure,105.5
7445,L17444,L,299.09,310.95,1437.8,39.16,175.6,2.55,0,0,0,0,0,0,No Failure,82.1
7446,M17445,M,301.47,312.46,1516.6,44.86,32.8,2.53,0,0,0,0,0,0,No Failure,258.1
7447,M17446,M,299.52,308.97,1471.2,35.65,41.7,2.23,0,0,0,0,0,0,No Failure,249.1
7448,L17447,L,301.85,311.88,1494.3,38.19,240.8,6.79,1,0,0,0,0,1,TWF,5.4
7449,M17448,M,296.86,305.56,1764.1,44.28,236.0,2.83,0,0,0,0,0,0,No Failure,1.0
7450,L17449,L,296.71,305.74,1296.1,49.01,39.2,2.0,0,0,0,0,0,0,No Failure,248.9
7451,M17450,M,299.22,309.37,1247.4,52.73,61.8,2.97,0,0,0,0,0,0,No Failure,218.2
7452,L17451,L,298.22,307.73,1559.4,46.66,223.0,5.43,1,0,0,0,0,1,TWF,14.3
7453,L17452,L,298.97,307.92,1449.2,45.24,108.7,1.93,0,0,0,0,0,0,No Failure,160.1
7454,M17453,M,299.56,310.05,1602.4,31.77,199.5,2.23,0,0,0,0,0,0,No Failure,61.5
7455,H17454,H,301.44,311.36,1666.3,47.64,99.0,1.98,0,0,0,0,0,0,No Failure,168.9
7456,H17455,H,299.18,307.62,1340.0,48.39,184.1,4.53,0,1,0,0,0,1,HDF,7.6
7457,M17456,M,298.35,306.28,1646.0,40.56,99.2,1.66,0,0,0,0,0,0,No Failure,154.5
7458,L17457,L,299.3,308.73,1355.1,44.67,224.8,4.74,1,0,0,0,0,1,TWF,14.0
7459,L17458,L,298.46,306.87,1551.3,46.45,81.4,2.18,0,0,0,0,0,0,No Failure,183.6
7460,L17459,L,298.13,306.26,1316.6,58.98,130.8,4.36,0,1,0,0,0,1,HDF,11.4
7461,L17460,L,296.77,307.9,1561.7,35.79,130.4,2.82,0,0,0,0,0,0,No Failure,140.8
7462,L17461,L,300.14,310.04,1534.3,46.56,162.2,1.44,0,0,0,0,0,0,No Failure,91.3
7463,H17462,H,298.86,308.6,1340.6,45.0,76.7,2.27,0,0,0,0,0,0,No Failure,202.1
7464,L17463,L,301.93,311.74,1294.8,32.35,160.7,2.9,0,0,0,0,0,0,No Failure,107.3
7465,L17464,L,297.11,305.97,1672.4,26.05,35.3,3.18,0,0,0,0,0,0,No Failure,256.3
7466,L17465,L,298.92,309.33,1456.9,44.15,223.4,4.17,1,0,0,0,0,1,TWF,14.3
7467,H17466,H,303.63,313.5,1719.2,41.97,36.0,3.11,0,0,0,0,0,0,No Failure,254.6
7468,M17467,M,298.12,307.36,1440.7,45.91,210.1,2.28,0,0,0,0,0,0,No Failure,30.6
7469,M17468,M,299.53,308.92,1771.1,39.26,173.3,3.85,0,0,0,0,0,0,No Failure,84.8
7470,L17469,L,297.57,306.34,1368.2,61.98,85.3,1.62,0,0,0,0,0,0,No Failure,168.9
7471,H17470,H,297.3,306.9,1801.6,37.0,81.9,1.9,0,0,0,0,0,0,No Failure,199.5
7472,L17471,L,303.09,312.85,1569.2,36.38,241.5,2.6,0,0,0,0,0,0,No Failure,4.4
7473,H17472,H,300.34,309.91,1609.6,36.39,48.7,1.74,0,0,0,0,0,0,No Failure,240.3
7474,M17473,M,300.27,310.32,1358.3,55.62,180.7,2.08,0,0,0,0,0,0,No Failure,57.4
7475,L17474,L,296.61,306.53,1668.5,27.08,45.9,2.77,0,0,0,0,0,0,No Failure,246.4
7476,L17475,L,300.72,310.95,1674.7,44.49,226.3,2.61,0,0,0,0,0,0,No Failure,11.7
7477,M17476,M,302.31,313.26,1479.9,40.66,185.5,2.48,0,0,0,0,0,0,No Failure,68.1
7478,L17477,L,302.3,312.89,1156.0,46.08,233.2,5.46,1,0,0,0,0,1,TWF,2.9
7479,H17478,H,301.34,312.29,1338.7,34.67,219.8,4.01,1,0,0,0,0,1,TWF,9.8
7480,L17479,L,297.74,306.89,1338.7,55.18,137.4,2.59,0,0,0,0,0,0,No Failure,116.0
7481,L17480,L,300.63,310.12,1618.4,31.07,38.1,2.12,0,0,0,0,0,0,No Failure,254.7
7482,L17481,L,301.34,311.99,1454.8,41.68,55.4,2.28,0,0,0,0,0,0,No Failure,230.4
7483,L17482,L,296.41,307.08,1458.2,34.32,50.5,1.55,0,0,0,0,0,0,No Failure,238.9
7484,L17483,L,297.76,307.08,1436.6,55.53,55.2,2.9,0,0,0,0,0,0,No Failure,222.5
7485,L17484,L,301.78,312.39,1801.0,34.0,119.1,2.83,0,0,0,0,0,0,No Failure,156.0
7486,M17485,M,301.75,310.81,1546.1,29.38,216.9,4.83,1,0,0,0,0,1,TWF,8.1
7487,L17486,L,296.9,307.38,1573.4,35.13,5.8,2.61,0,0,0,0,0,0,No Failure,293.0
7488,H17487,H,301.59,311.56,1427.1,51.79,59.6,3.49,0,0,0,0,0,0,No Failure,221.4
7489,M17488,M,300.19,308.81,1532.7,32.31,149.2,2.58,0,0,0,0,0,0,No Failure,113.4
7490,H17489,H,301.56,311.13,1363.4,41.48,216.3,1.29,0,0,0,0,0,0,No Failure,28.4
7491,L17490,L,298.73,310.91,1599.5,45.82,74.4,2.16,0,0,0,0,0,0,No Failure,204.7
7492,L17491,L,301.29,311.49,1332.8,47.42,95.6,2.58,0,0,0,0,0,0,No Failure,176.5
7493,L17492,L,301.69,313.99,1671.2,27.37,93.4,3.77,0,0,0,0,0,0,No Failure,190.9
7494,M17493,M,299.3,307.85,1406.4,44.22,73.4,1.77,0,0,0,0,0,0,No Failure,197.7
7495,H17494,H,300.04,310.79,1707.8,34.06,174.7,2.41,0,0,0,0,0,0,No Failure,88.7
7496,L17495,L,298.7,306.17,1879.4,32.29,164.0,1.86,0,0,0,0,0,0,No Failure,72.8
7497,L17496,L,303.3,313.3,1538.2,45.63,210.8,3.03,0,0,0,0,0,0,No Failure,30.0
7498,H17497,H,299.76,310.39,1772.8,35.53,229.4,2.28,0,0,0,0,0,0,No Failure,20.5
7499,L17498,L,298.16,308.99,1672.5,35.22,225.1,0.86,0,0,0,0,0,0,No Failure,26.1
7500,M17499,M,298.57,307.77,1281.5,45.83,135.0,2.26,0,0,0,0,0,0,No Failure,126.9
7501,M17500,M,300.25,311.29,1557.9,46.05,46.4,2.43,0,0,0,0,0,0,No Failure,240.4
7502,H17501,H,301.51,310.97,1627.7,31.82,55.5,2.73,0,0,0,0,0,0,No Failure,233.6
7503,L17502,L,297.33,307.16,1645.0,21.3,147.6,2.61,0,0,0,0,0,0,No Failure,133.1
7504,L17503,L,303.7,313.26,1569.9,36.64,229.6,2.89,0,0,0,0,0,0,No Failure,18.6
7505,M17504,M,300.62,309.48,1567.6,40.92,132.6,2.43,0,0,0,0,0,0,No Failure,131.3
7506,H17505,H,300.93,312.5,1538.9,36.07,233.9,5.67,1,0,0,0,0,1,TWF,1.9
7507,L17506,L,299.81,309.85,1561.8,34.74,65.6,2.51,0,0,0,0,0,0,No Failure,220.4
7508,L17507,L,300.04,311.13,1319.0,42.94,21.6,2.25,0,0,0,0,0,0,No Failure,272.7
7509,M17508,M,299.7,310.75,1495.7,39.94,199.1,2.84,0,0,0,0,0,0,No Failure,52.0
7510,H17509,H,302.04,311.07,1277.9,37.86,219.8,5.78,1,0,0,0,0,1,TWF,5.6
7511,H17510,H,299.98,311.2,1448.9,46.04,112.0,2.47,0,0,0,0,0,0,No Failure,156.2
7512,H17511,H,301.53,312.04,1432.2,23.26,25.6,4.46,0,0,1,0,0,1,PWF,8.8
7513,L17512,L,299.13,308.09,1420.8,46.01,10.6,1.85,0,0,0,0,0,0,No Failure,285.6
7514,L17513,L,300.39,310.84,1349.7,46.65,15.6,2.71,0,0,0,0,0,0,No Failure,279.9
7515,M17514,M,298.39,307.37,1586.2,41.31,109.8,1.9,0,0,0,0,0,0,No Failure,161.9
7516,H17515,H,302.43,314.04,1481.1,27.01,58.7,2.6,0,0,0,0,0,0,No Failure,231.5
7517,L17516,L,298.33,309.15,1462.7,43.07,115.5,2.58,0,0,0,0,0,0,No Failure,153.9
7518,L17517,L,299.35,309.28,1286.0,42.86,122.1,3.14,0,0,0,0,0,0,No Failure,145.7
7519,M17518,M,299.37,310.63,1484.7,51.63,114.5,3.33,0,0,0,0,0,0,No Failure,148.8
7520,L17519,L,299.29,307.71,1743.1,36.95,155.0,0.68,0,0,0,0,0,0,No Failure,98.1
7521,L17520,L,301.44,310.7,1745.8,26.13,169.9,2.38,0,0,0,0,0,0,No Failure,102.8
7522,M17521,M,299.37,309.11,1604.9,25.55,99.0,1.24,0,0,0,0,0,0,No Failure,185.4
7523,M17522,M,302.79,315.02,1485.2,36.1,84.3,3.2,0,0,0,0,0,0,No Failure,197.0
7524,M17523,M,298.36,307.29,1638.1,42.31,92.1,2.49,0,0,0,0,0,0,No Failure,182.5
7525,L17524,L,300.34,308.63,1418.5,50.36,17.5,3.19,0,0,0,0,0,0,No Failure,262.9
7526,M17525,M,298.45,307.0,1484.4,41.69,80.4,2.65,0,0,0,0,0,0,No Failure,190.1
7527,M17526,M,300.84,311.75,1405.1,43.26,50.0,1.69,0,0,0,0,0,0,No Failure,236.7
7528,M17527,M,299.97,309.37,1700.6,32.96,72.7,1.92,0,0,0,0,0,0,No Failure,212.5
7529,M17528,M,299.69,309.53,1677.6,35.62,178.6,2.42,0,0,0,0,0,0,No Failure,82.3
7530,L17529,L,302.38,313.14,1531.8,47.68,247.1,5.02,1,0,0,1,0,1,TWF,10.3
7531,L17530,L,298.69,308.53,1847.9,30.04,230.9,2.53,0,0,0,0,0,0,No Failure,26.4
7532,L17531,L,301.17,311.38,1611.8,41.84,205.4,2.61,0,0,0,0,0,0,No Failure,41.7
7533,L17532,L,298.46,309.0,1601.8,33.76,184.3,2.29,0,0,0,0,0,0,No Failure,77.4
7534,M17533,M,300.23,309.79,1582.6,45.01,236.2,3.18,0,0,0,0,0,0,No Failure,1.0
7535,H17534,H,297.61,307.44,1312.1,49.78,188.0,2.59,0,0,0,0,0,0,No Failure,54.4
7536,M17535,M,298.67,308.92,1377.9,50.35,117.7,2.53,0,0,0,0,0,0,No Failure,145.8
7537,M17536,M,299.84,310.7,1528.2,52.44,150.3,2.68,0,0,0,0,0,0,No Failure,97.2
7538,L17537,L,303.63,312.84,1529.7,21.15,76.4,4.62,0,0,1,0,0,1,PWF,1.9
7539,L17538,L,300.2,307.18,1643.6,41.78,0.8,2.29,0,0,0,0,0,0,No Failure,258.5
7540,L17539,L,303.31,313.99,1418.5,45.58,88.4,2.79,0,0,0,0,0,0,No Failure,186.8
7541,L17540,L,300.44,311.37,1550.7,41.83,101.2,2.97,0,0,0,0,0,0,No Failure,172.7
7542,L17541,L,299.23,309.43,1553.9,40.3,183.3,3.03,0,0,0,0,0,0,No Failure,71.3
7543,M17542,M,303.08,313.35,1560.9,40.12,214.8,2.38,0,0,0,0,0,0,No Failure,32.2
7544,H17543,H,300.87,310.31,1540.9,41.29,240.7,2.57,0,0,0,0,0,0,No Failure,1.0
7545,L17544,L,298.71,309.21,1286.7,52.97,87.9,2.14,0,0,0,0,0,0,No Failure,183.4
7546,L17545,L,300.94,311.79,1133.2,58.73,239.3,6.02,1,0,0,1,0,1,TWF,8.7
7547,M17546,M,299.41,309.47,1369.4,43.64,199.8,1.93,0,0,0,0,0,0,No Failure,46.5
7548,L17547,L,296.02,308.51,1442.9,40.27,7.7,2.63,0,0,0,0,0,0,No Failure,290.4
7549,H17548,H,301.87,310.31,1327.1,45.35,148.8,6.2,0,1,0,0,0,1,HDF,7.0
7550,M17549,M,302.19,312.35,1528.0,36.38,91.4,2.58,0,0,0,0,0,0,No Failure,188.1
7551,H17550,H,303.68,312.5,1733.1,47.08,8.5,2.68,0,0,0,0,0,0,No Failure,280.1
7552,L17551,L,300.84,311.72,1668.0,27.08,132.9,2.34,0,0,0,0,0,0,No Failure,145.0
7553,M17552,M,299.5,307.92,1621.5,42.25,146.2,1.39,0,0,0,0,0,0,No Failure,104.2
7554,L17553,L,301.67,310.34,1714.4,40.21,63.1,2.1,0,0,0,0,0,0,No Failure,214.7
7555,M17554,M,301.7,311.07,1372.5,40.0,235.0,5.15,1,0,0,0,0,1,TWF,10.9
7556,L17555,L,303.28,313.54,1456.2,43.27,152.6,2.09,0,0,0,0,0,0,No Failure,106.7
7557,L17556,L,299.91,309.32,1648.1,45.25,44.0,2.79,0,0,0,0,0,0,No Failure,243.8
7558,M17557,M,299.67,309.08,1453.1,38.98,180.3,1.62,0,0,0,0,0,0,No Failure,76.4
7559,M17558,M,298.57,308.39,1462.9,50.2,124.8,1.34,0,0,0,0,0,0,No Failure,136.7
7560,H17559,H,301.07,310.83,1871.4,39.89,118.3,2.92,0,0,0,0,0,0,No Failure,152.6
7561,M17560,M,296.9,308.39,1555.1,33.61,208.6,5.04,1,0,0,0,0,1,TWF,13.5
7562,M17561,M,301.55,312.24,1853.7,24.61,34.5,2.71,0,0,0,0,0,0,No Failure,260.2
7563,L17562,L,301.18,310.85,1211.6,50.68,122.7,2.19,0,0,0,0,0,0,No Failure,139.0
7564,M17563,M,301.17,313.27,1425.1,33.42,195.2,2.84,0,0,0,0,0,0,No Failure,64.7
7565,M17564,M,300.28,310.77,1611.2,16.91,165.1,6.01,0,0,1,0,0,1,PWF,1.0
7566,H17565,H,303.07,312.1,1554.8,35.16,1.4,3.36,0,0,0,0,0,0,No Failure,298.4
7567,H17566,H,301.74,312.0,1170.1,66.5,196.9,5.5,0,0,0,1,0,1,OSF,9.3
7568,L17567,L,298.79,309.32,1496.9,36.95,236.2,2.25,0,0,0,0,0,0,No Failure,10.1
7569,H17568,H,298.82,308.13,1980.7,32.95,176.2,2.6,0,0,0,0,0,0,No Failure,88.1
7570,L17569,L,298.24,307.19,1582.2,42.82,219.0,3.62,0,0,0,0,0,0,No Failure,22.3
7571,L17570,L,301.1,311.19,1646.2,36.16,90.2,1.81,0,0,0,0,0,0,No Failure,189.7
7572,M17571,M,298.0,307.64,1422.7,39.84,87.7,1.81,0,0,0,0,0,0,No Failure,190.9
7573,L17572,L,302.17,313.65,1581.5,46.54,80.2,3.02,0,0,0,0,0,0,No Failure,196.8
7574,M17573,M,302.65,313.39,1535.8,39.35,183.7,2.1,0,0,0,0,0,0,No Failure,71.8
7575,L17574,L,298.24,307.6,1738.3,33.88,235.5,6.07,1,0,0,0,0,1,TWF,2.7
7576,L17575,L,299.63,310.05,1732.6,40.21,221.4,5.27,1,0,0,0,0,1,TWF,6.1
7577,M17576,M,300.03,311.3,1610.9,30.04,37.6,2.71,0,0,0,0,0,0,No Failure,255.5
7578,M17577,M,301.77,310.37,1550.7,29.85,156.5,2.19,0,0,0,0,0,0,No Failure,106.8
7579,H17578,H,303.22,312.2,1237.4,37.11,249.0,4.94,1,0,0,0,0,1,TWF,12.5
7580,M17579,M,296.63,306.62,1231.2,52.71,73.8,2.59,0,0,0,0,0,0,No Failure,202.2
7581,M17580,M,299.36,309.4,1552.7,37.5,158.7,1.77,0,0,0,0,0,0,No Failure,104.7
7582,L17581,L,299.47,309.42,1694.6,41.19,226.7,2.77,0,0,0,0,0,0,No Failure,15.9
7583,L17582,L,297.2,306.89,1776.4,34.13,224.9,2.36,0,0,0,0,0,0,No Failure,27.9
7584,L17583,L,299.03,308.7,1378.7,33.92,80.4,1.68,0,0,0,0,0,0,No Failure,202.9
7585,M17584,M,300.86,311.24,1267.8,44.84,23.5,2.68,0,0,0,0,0,0,No Failure,270.0
7586,M17585,M,299.44,310.58,1705.0,41.47,161.5,2.67,0,0,0,0,0,0,No Failure,97.3
7587,L17586,L,296.91,306.43,1392.2,41.26,236.7,3.98,1,0,0,0,0,1,TWF,11.1
7588,M17587,M,305.75,318.19,1255.7,56.09,127.0,2.47,0,0,0,0,0,0,No Failure,129.2
7589,M17588,M,300.53,312.49,1449.6,38.21,114.4,2.51,0,0,0,0,0,0,No Failure,158.7
7590,L17589,L,300.22,311.55,1446.5,46.51,216.0,2.56,0,0,0,0,0,0,No Failure,22.2
7591,L17590,L,297.8,308.43,1774.3,21.34,106.1,1.41,0,0,0,0,0,0,No Failure,179.9
7592,H17591,H,300.52,312.53,1692.9,33.86,170.2,2.71,0,0,0,0,0,0,No Failure,94.3
7593,M17592,M,299.67,309.38,1406.0,39.96,97.2,2.81,0,0,0,0,0,0,No Failure,178.9
7594,H17593,H,296.22,305.39,1788.2,23.77,94.3,1.94,0,0,0,0,0,0,No Failure,191.9
7595,L17594,L,297.86,307.33,1560.4,46.24,47.0,1.66,0,0,0,0,0,0,No Failure,239.7
7596,H17595,H,301.59,310.59,1727.9,30.24,22.1,1.91,0,0,0,0,0,0,No Failure,273.7
7597,L17596,L,303.89,314.01,1775.6,28.59,221.3,2.58,0,0,0,0,0,0,No Failure,39.8
7598,L17597,L,300.73,311.03,1491.0,49.35,45.3,1.76,0,0,0,0,0,0,No Failure,240.9
7599,H17598,H,302.21,312.41,1640.3,37.71,15.6,1.69,0,0,0,0,0,0,No Failure,280.8
7600,L17599,L,299.69,309.68,1465.2,46.41,145.6,3.76,0,0,0,0,0,0,No Failure,112.8
7601,M17600,M,299.83,309.96,1704.5,23.28,136.5,2.5,0,0,0,0,0,0,No Failure,143.9
7602,L17601,L,302.18,313.92,1554.2,33.02,141.9,2.31,0,0,0,0,0,0,No Failure,129.2
7603,M17602,M,303.33,313.95,1709.9,49.69,117.0,2.1,0,0,0,0,0,0,No Failure,138.2
7604,H17603,H,302.6,313.52,1810.9,39.11,35.5,2.25,0,0,0,0,0,0,No Failure,256.0
7605,L17604,L,297.87,308.06,1636.0,29.16,5.2,3.58,0,0,0,0,0,0,No Failure,293.8
7606,M17605,M,299.87,308.25,1521.3,41.02,11.6,2.99,0,0,0,0,0,0,No Failure,273.2
7607,L17606,L,300.56,308.74,1524.2,32.39,235.8,6.28,1,0,0,0,0,1,TWF,13.8
7608,M17607,M,299.48,311.56,1100.0,64.3,133.0,2.74,0,0,0,0,0,0,No Failure,114.4
7609,L17608,L,300.78,310.24,1410.4,26.65,99.9,1.93,0,0,0,0,0,0,No Failure,183.7
7610,L17609,L,301.64,311.02,1704.9,37.12,102.7,2.66,0,0,0,0,0,0,No Failure,173.8
7611,L17610,L,302.01,312.25,1711.6,36.88,163.0,2.83,0,0,0,0,0,0,No Failure,99.9
7612,L17611,L,303.37,313.92,1406.5,34.87,94.2,2.87,0,0,0,0,0,0,No Failure,185.6
7613,H17612,H,299.34,310.02,1567.5,36.37,199.1,2.23,0,0,0,0,0,0,No Failure,56.3
7614,L17613,L,297.27,309.05,1504.1,42.52,65.0,3.58,0,0,0,0,0,0,No Failure,218.0
7615,L17614,L,300.72,312.22,1661.4,23.67,91.8,1.74,0,0,0,0,0,0,No Failure,194.8
7616,L17615,L,303.77,312.96,1933.3,22.08,233.7,2.7,0,0,0,0,0,0,No Failure,34.5
7617,L17616,L,299.05,310.01,1664.8,34.95,65.1,2.32,0,0,0,0,0,0,No Failure,220.9
7618,M17617,M,301.37,310.99,1418.0,36.48,165.4,2.03,0,0,0,0,0,0,No Failure,97.5
7619,H17618,H,301.39,311.25,1524.0,36.13,91.1,2.65,0,0,0,0,0,0,No Failure,188.6
7620,L17619,L,300.38,309.29,1788.9,33.4,117.8,3.25,0,0,0,0,0,0,No Failure,156.1
7621,H17620,H,300.01,308.32,1285.8,40.29,11.3,5.92,0,1,0,0,0,1,HDF,2.2
7622,M17621,M,298.15,308.12,1427.9,41.83,41.8,2.66,0,0,0,0,0,0,No Failure,247.4
7623,L17622,L,295.44,304.48,1665.1,38.12,25.5,1.29,0,0,0,0,0,0,No Failure,268.5
7624,M17623,M,297.78,308.7,1769.7,39.36,211.2,3.05,0,0,0,0,0,0,No Failure,37.7
7625,M17624,M,299.22,308.94,1647.0,27.71,240.4,2.26,0,0,0,0,0,0,No Failure,18.6
7626,M17625,M,302.19,312.5,1429.4,37.58,17.0,2.82,0,0,0,0,0,0,No Failure,279.1
7627,H17626,H,299.79,311.16,1634.0,40.84,19.2,3.05,0,0,0,0,0,0,No Failure,276.0
7628,L17627,L,298.96,307.48,1612.2,26.84,138.0,2.62,0,0,0,0,0,0,No Failure,129.4
7629,H17628,H,298.22,307.49,1600.8,38.22,126.0,1.3,0,0,0,0,0,0,No Failure,144.4
7630,M17629,M,301.31,311.49,1520.6,39.65,162.6,3.35,0,0,0,0,0,0,No Failure,97.7
7631,L17630,L,302.72,313.03,1547.5,20.66,184.2,5.41,0,0,1,0,0,1,PWF,12.3
7632,M17631,M,302.13,313.23,1375.6,40.16,199.3,2.99,0,0,0,0,0,0,No Failure,51.4
7633,L17632,L,301.21,312.08,1982.0,32.59,37.3,2.06,0,0,0,0,0,0,No Failure,255.3
7634,H17633,H,297.05,307.15,1566.1,36.83,9.5,3.24,0,0,0,0,0,0,No Failure,288.4
7635,M17634,M,299.3,309.6,1636.2,33.35,222.3,2.33,0,0,0,0,0,0,No Failure,32.1
7636,L17635,L,303.89,314.23,1499.0,41.12,117.4,2.46,0,0,0,0,0,0,No Failure,152.9
7637,L17636,L,302.24,310.77,1689.3,42.44,242.8,5.96,1,0,0,0,0,1,TWF,5.7
7638,M17637,M,296.92,306.77,1305.6,49.72,133.2,2.89,0,0,0,0,0,0,No Failure,126.1
7639,L17638,L,299.89,310.14,1225.5,43.67,127.5,1.09,0,0,0,0,0,0,No Failure,138.2
7640,L17639,L,300.73,311.18,1532.5,28.94,155.7,2.62,0,0,0,0,0,0,No Failure,116.5
7641,L17640,L,298.48,307.55,1905.7,35.12,42.5,3.21,0,0,0,0,0,0,No Failure,248.3
7642,L17641,L,295.38,304.11,1754.3,25.96,63.5,1.68,0,0,0,0,0,0,No Failure,221.0
7643,L17642,L,300.2,309.96,1393.3,39.37,226.5,5.86,1,0,0,0,0,1,TWF,6.9
7644,L17643,L,298.42,310.39,1630.4,38.21,53.1,1.5,0,0,0,0,0,0,No Failure,234.4
7645,L17644,L,298.43,307.61,1424.2,50.16,58.2,2.37,0,0,0,0,0,0,No Failure,223.8
7646,M17645,M,299.29,310.46,1614.3,46.17,127.5,2.82,0,0,0,0,0,0,No Failure,136.3
7647,M17646,M,299.73,311.32,1628.3,37.27,160.3,2.35,0,0,0,0,0,0,No Failure,102.9
7648,L17647,L,299.98,310.03,1703.8,31.65,0.2,3.21,0,0,0,0,0,0,No Failure,299.7
7649,L17648,L,298.23,307.55,1257.7,39.3,114.2,1.65,0,0,0,0,0,0,No Failure,158.2
7650,M17649,M,299.56,310.07,1311.5,59.46,99.8,2.99,0,0,0,0,0,0,No Failure,162.1
7651,L17650,L,296.49,306.68,1524.5,37.33,216.4,4.92,1,0,0,0,0,1,TWF,13.4
7652,L17651,L,300.62,309.76,1353.2,49.08,209.9,1.99,0,0,0,0,0,0,No Failure,26.7
7653,L17652,L,294.29,303.63,1339.4,46.17,226.5,2.76,0,0,0,0,0,0,No Failure,9.2
7654,H17653,H,299.42,309.87,1586.7,34.35,210.5,5.14,1,0,0,0,0,1,TWF,1.4
7655,M17654,M,301.84,312.77,1374.0,39.9,196.7,3.39,0,0,0,0,0,0,No Failure,55.0
7656,M17655,M,297.88,307.56,1942.1,21.21,214.8,2.85,0,0,0,0,0,0,No Failure,57.2
7657,M17656,M,301.43,311.36,1442.6,49.45,43.7,2.75,0,0,0,0,0,0,No Failure,243.0
7658,M17657,M,302.31,312.98,1489.6,39.43,85.2,2.1,0,0,0,0,0,0,No Failure,194.1
7659,L17658,L,293.38,303.21,1591.3,47.71,170.9,2.59,0,0,0,0,0,0,No Failure,78.9
7660,M17659,M,299.7,309.4,1268.1,44.17,230.8,2.15,0,0,0,0,0,0,No Failure,6.5
7661,L17660,L,294.25,303.49,1629.0,34.75,166.7,2.46,0,0,0,0,0,0,No Failure,97.6
7662,M17661,M,299.76,308.99,1599.1,29.59,52.0,3.25,0,0,0,0,0,0,No Failure,238.5
7663,M17662,M,299.99,312.65,1475.5,38.48,236.2,4.11,1,0,0,0,0,1,TWF,10.5
7664,M17663,M,295.03,304.84,1587.0,29.13,190.1,1.63,0,0,0,0,0,0,No Failure,75.8
7665,L17664,L,303.85,315.21,1614.7,39.98,179.1,2.8,0,0,0,0,0,0,No Failure,76.8
7666,L17665,L,300.57,312.26,1794.9,34.18,190.6,2.97,0,0,0,0,0,0,No Failure,69.3
7667,M17666,M,298.3,308.12,1985.5,40.54,164.8,3.45,0,0,0,0,0,0,No Failure,89.8
7668,M17667,M,302.93,313.3,1348.0,34.31,5.5,3.02,0,0,0,0,0,0,No Failure,293.3
7669,H17668,H,296.41,306.51,1305.8,54.46,63.4,2.34,0,0,0,0,0,0,No Failure,215.3
7670,L17669,L,297.54,305.93,1556.4,31.7,239.1,2.66,0,0,0,0,0,0,No Failure,2.0
7671,M17670,M,295.4,303.85,1165.9,53.87,72.2,4.41,0,1,0,0,0,1,HDF,8.9
7672,M17671,M,303.6,313.65,1654.2,28.25,192.9,2.76,0,0,0,0,0,0,No Failure,73.6
7673,H17672,H,300.66,310.24,1558.2,39.92,106.1,1.02,0,0,0,0,0,0,No Failure,167.8
7674,M17673,M,301.32,313.21,1603.7,19.84,226.9,4.85,1,0,1,0,0,1,TWF,1.7
7675,M17674,M,300.6,310.37,1483.7,35.75,139.4,2.79,0,0,0,0,0,0,No Failure,129.9
7676,M17675,M,301.15,313.1,1583.6,38.63,158.0,3.16,0,0,0,0,0,0,No Failure,104.5
7677,M17676,M,300.16,309.68,1622.5,49.27,59.9,2.12,0,0,0,0,0,0,No Failure,218.2
7678,H17677,H,300.54,312.45,1573.8,23.23,14.4,2.25,0,0,0,0,0,0,No Failure,283.6
7679,L17678,L,300.22,310.72,1297.2,46.24,189.1,2.36,0,0,0,0,0,0,No Failure,57.0
7680,L17679,L,298.78,309.35,1568.8,34.61,16.9,2.42,0,0,0,0,0,0,No Failure,279.5
7681,H17680,H,299.91,309.39,1869.9,18.68,180.4,3.01,0,0,0,0,0,0,No Failure,98.8
7682,M17681,M,300.55,311.12,1581.1,30.07,138.9,2.06,0,0,0,0,0,0,No Failure,135.4
7683,M17682,M,300.22,311.91,1562.5,35.1,205.0,3.02,0,0,0,0,0,0,No Failure,50.7
7684,L17683,L,297.04,306.9,1817.2,36.29,51.4,3.35,0,0,0,0,0,0,No Failure,237.1
7685,L17684,L,297.31,306.97,1404.5,43.33,135.4,2.26,0,0,0,0,0,0,No Failure,128.5
7686,M17685,M,302.17,311.92,1697.3,26.16,153.5,2.24,0,0,0,0,0,0,No Failure,121.7
7687,M17686,M,299.39,311.01,1443.1,28.74,18.6,2.59,0,0,0,0,0,0,No Failure,278.1
7688,L17687,L,301.17,312.02,1732.5,37.56,184.7,2.15,0,0,0,0,0,0,No Failure,72.6
7689,L17688,L,297.82,309.26,1680.9,34.33,97.3,2.45,0,0,0,0,0,0,No Failure,182.2
7690,H17689,H,297.05,307.37,1464.2,52.26,32.2,1.62,0,0,0,0,0,0,No Failure,257.3
7691,L17690,L,298.31,308.35,1490.4,37.79,96.8,3.01,0,0,0,0,0,0,No Failure,180.7
7692,H17691,H,299.55,309.98,1713.0,43.03,24.6,3.5,0,0,0,0,0,0,No Failure,268.9
7693,L17692,L,298.67,309.74,1205.9,53.56,222.0,3.75,0,0,0,1,0,1,OSF,5.6
7694,M17693,M,302.59,312.34,1458.9,46.88,114.2,1.51,0,0,0,0,0,0,No Failure,152.9
7695,H17694,H,300.36,311.73,1649.1,39.41,34.5,3.05,0,0,0,0,0,0,No Failure,257.1
7696,M17695,M,303.7,314.06,1482.8,43.64,63.0,2.25,0,0,0,0,0,0,No Failure,220.0
7697,L17696,L,300.81,308.4,1562.1,22.37,181.2,2.1,0,0,0,0,0,0,No Failure,65.8
7698,M17697,M,295.17,306.06,1172.6,49.51,196.5,2.43,0,0,0,0,0,0,No Failure,43.6
7699,L17698,L,302.11,310.84,1385.0,38.67,10.3,1.77,0,0,0,0,0,0,No Failure,281.8
7700,L17699,L,296.98,307.84,1659.6,45.05,15.0,2.79,0,0,0,0,0,0,No Failure,280.9
7701,H17700,H,300.46,311.36,1403.6,35.74,229.3,1.74,0,0,0,0,0,0,No Failure,20.3
7702,M17701,M,298.45,308.78,1304.9,44.02,82.7,1.79,0,0,0,0,0,0,No Failure,194.8
7703,M17702,M,304.29,314.83,1728.0,40.33,48.3,1.78,0,0,0,0,0,0,No Failure,239.7
7704,L17703,L,302.88,313.98,1630.3,38.91,30.8,2.6,0,0,0,0,0,0,No Failure,261.9
7705,L17704,L,298.52,308.02,1343.2,45.84,119.0,1.41,0,0,0,0,0,0,No Failure,147.4
7706,L17705,L,299.75,310.54,1562.8,46.16,192.8,3.75,0,0,0,0,0,0,No Failure,52.5
7707,M17706,M,300.49,311.65,1349.0,46.3,130.3,2.27,0,0,0,0,0,0,No Failure,132.6
7708,M17707,M,301.73,313.49,1510.7,35.9,5.2,1.23,0,0,0,0,0,0,No Failure,293.7
7709,M17708,M,300.06,308.95,1569.5,29.15,121.0,1.86,0,0,0,0,0,0,No Failure,155.2
7710,H17709,H,297.95,308.36,1393.3,46.47,77.9,2.86,0,0,0,0,0,0,No Failure,199.8
7711,L17710,L,298.56,307.6,1670.9,30.52,170.7,3.31,0,0,0,0,0,0,No Failure,97.2
7712,L17711,L,299.99,308.99,1698.6,33.63,130.9,2.6,0,0,0,0,0,0,No Failure,142.0
7713,L17712,L,302.47,312.83,1585.2,45.4,241.3,4.8,1,0,0,0,0,1,TWF,1.0
7714,L17713,L,300.86,310.93,1612.1,35.67,149.5,1.58,0,0,0,0,0,0,No Failure,117.6
7715,L17714,L,298.45,309.6,1277.9,43.84,158.1,3.39,0,0,0,0,0,0,No Failure,99.2
7716,H17715,H,301.3,310.95,1781.8,31.72,130.1,2.83,0,0,0,0,0,0,No Failure,144.6
7717,L17716,L,299.23,309.09,1521.7,37.66,77.8,2.69,0,0,0,0,0,0,No Failure,204.2
7718,H17717,H,301.78,311.99,1370.6,36.84,157.7,2.51,0,0,0,0,0,0,No Failure,106.6
7719,L17718,L,305.05,314.19,1564.1,50.1,83.2,2.82,0,0,0,0,0,0,No Failure,189.0
7720,H17719,H,299.28,308.56,1671.4,32.05,179.3,2.02,0,0,0,0,0,0,No Failure,85.3
7721,M17720,M,301.6,312.72,1629.7,42.31,59.2,3.06,0,0,0,0,0,0,No Failure,225.4
7722,H17721,H,298.51,307.96,1343.8,37.52,91.9,2.98,0,0,0,0,0,0,No Failure,186.9
7723,L17722,L,299.78,310.96,1673.6,39.7,145.9,2.44,0,0,0,0,0,0,No Failure,118.4
7724,M17723,M,300.06,310.67,1527.1,40.47,157.1,2.34,0,0,0,0,0,0,No Failure,103.7
7725,H17724,H,299.61,308.07,1627.7,37.04,167.2,1.2,0,0,0,0,0,0,No Failure,83.8
7726,L17725,L,304.93,315.46,1394.5,44.25,175.1,1.46,0,0,0,0,0,0,No Failure,77.2
7727,L17726,L,299.39,309.91,1725.2,37.69,79.6,2.83,0,0,0,0,0,0,No Failure,202.0
7728,L17727,L,301.17,311.6,1570.7,36.61,223.1,3.04,0,0,0,0,0,0,No Failure,26.6
7729,H17728,H,296.14,306.0,1750.8,33.03,7.5,3.14,0,0,0,0,0,0,No Failure,291.0
7730,M17729,M,300.86,309.92,1263.3,51.54,47.1,1.69,0,0,0,0,0,0,No Failure,238.0
7731,M17730,M,302.28,313.63,1287.1,38.62,17.5,3.88,0,0,0,0,0,0,No Failure,278.3
7732,L17731,L,298.94,308.84,1495.0,31.06,167.9,3.1,0,0,0,0,0,0,No Failure,100.0
7733,L17732,L,294.98,304.1,1800.7,34.57,68.4,2.16,0,0,0,0,0,0,No Failure,217.0
7734,H17733,H,299.92,310.38,1889.3,17.69,49.8,5.01,0,0,1,0,0,1,PWF,3.7
7735,L17734,L,300.03,309.29,1379.0,31.73,120.2,1.48,0,0,0,0,0,0,No Failure,156.4
7736,M17735,M,301.45,310.5,1547.5,51.41,154.8,2.13,0,0,0,0,0,0,No Failure,93.0
7737,H17736,H,304.02,313.65,1565.8,49.17,154.8,2.82,0,0,0,0,0,0,No Failure,97.7
7738,L17737,L,299.24,308.57,1666.6,32.01,139.4,2.54,0,0,0,0,0,0,No Failure,133.2
7739,M17738,M,298.29,307.38,1696.4,42.36,248.0,3.55,0,0,0,0,0,0,No Failure,1.0
7740,L17739,L,297.67,308.47,1338.5,52.06,215.1,4.24,0,0,0,1,0,1,OSF,5.3
7741,M17740,M,300.4,310.28,1549.6,42.02,59.7,2.43,0,0,0,0,0,0,No Failure,224.8
7742,L17741,L,300.96,312.21,1178.5,50.36,189.7,1.82,0,0,0,0,0,0,No Failure,51.5
7743,M17742,M,298.91,308.05,1683.1,40.03,142.3,3.42,0,0,0,0,0,0,No Failure,122.6
7744,L17743,L,301.56,309.83,1477.4,46.2,17.6,2.66,0,0,0,0,0,0,No Failure,262.8
7745,L17744,L,300.93,311.08,1322.2,49.87,12.4,2.51,0,0,0,0,0,0,No Failure,283.8
7746,M17745,M,300.09,311.94,1597.5,26.71,199.9,2.42,0,0,0,0,0,0,No Failure,67.2
7747,L17746,L,298.2,308.73,1471.8,55.0,136.2,1.97,0,0,0,0,0,0,No Failure,112.9
7748,M17747,M,299.04,312.25,1763.8,50.84,142.8,6.05,0,0,1,0,0,1,PWF,9.7
7749,L17748,L,295.14,305.47,1378.2,30.17,84.1,2.6,0,0,0,0,0,0,No Failure,200.3
7750,M17749,M,300.47,310.71,1935.9,34.57,232.6,2.65,0,0,0,0,0,0,No Failure,17.9
7751,L17750,L,300.05,307.9,1691.0,49.8,178.3,2.85,0,0,0,0,0,0,No Failure,35.7
7752,M17751,M,300.38,310.8,1768.5,40.94,231.9,1.98,0,0,0,0,0,0,No Failure,9.6
7753,L17752,L,301.01,311.18,1353.8,51.41,24.8,3.7,0,0,0,0,0,0,No Failure,267.3
7754,L17753,L,300.77,310.36,1858.1,22.22,145.9,6.41,0,0,0,0,1,1,RNF,11.7
7755,L17754,L,299.78,309.64,1321.0,50.96,159.4,2.48,0,0,0,0,0,0,No Failure,90.6
7756,M17755,M,300.1,310.03,1500.4,41.66,31.5,2.32,0,0,0,0,0,0,No Failure,260.4
7757,L17756,L,297.19,307.01,1771.5,39.33,86.6,2.88,0,0,0,0,0,0,No Failure,192.5
7758,H17757,H,298.83,310.92,1628.7,29.59,53.7,3.17,0,0,0,0,0,0,No Failure,236.5
7759,H17758,H,300.1,309.73,1316.2,38.09,246.1,6.72,1,0,0,0,0,1,TWF,6.1
7760,L17759,L,298.53,308.7,1741.2,33.46,135.9,2.89,0,0,0,0,0,0,No Failure,136.2
7761,M17760,M,301.72,311.32,1598.9,34.87,78.8,2.58,0,0,0,0,0,0,No Failure,204.3
7762,L17761,L,298.68,309.47,1463.5,39.9,166.1,2.58,0,0,0,0,0,0,No Failure,93.1
7763,L17762,L,300.43,310.61,1262.0,44.19,164.9,1.37,0,0,0,0,0,0,No Failure,90.3
7764,M17763,M,300.23,309.95,1615.8,35.73,86.8,2.24,0,0,0,0,0,0,No Failure,194.1
7765,M17764,M,301.49,309.57,1508.7,35.11,248.5,4.8,1,0,0,0,0,1,TWF,3.9
7766,M17765,M,301.8,312.04,1566.0,37.98,202.2,1.15,0,0,0,0,0,0,No Failure,50.5
7767,L17766,L,301.39,311.08,1254.2,37.87,100.1,2.61,0,0,0,0,0,0,No Failure,176.6
7768,L17767,L,295.79,305.73,1463.1,44.61,165.0,2.01,0,0,0,0,0,0,No Failure,89.7
7769,L17768,L,302.39,311.21,1624.0,38.77,177.6,3.45,0,0,0,0,0,0,No Failure,76.3
7770,M17769,M,303.05,314.49,1873.9,23.19,43.5,2.33,0,0,0,0,0,0,No Failure,250.3
7771,M17770,M,299.04,309.89,1501.3,49.25,219.5,2.34,0,0,0,0,0,0,No Failure,13.9
7772,M17771,M,300.47,311.9,1796.4,27.61,206.5,2.42,0,0,0,0,0,0,No Failure,58.4
7773,L17772,L,298.22,309.37,1678.9,44.06,188.9,2.5,0,0,0,0,0,0,No Failure,59.9
7774,L17773,L,296.1,306.7,1579.8,40.28,55.7,2.98,0,0,0,0,0,0,No Failure,230.5
7775,L17774,L,298.52,307.38,1356.8,51.23,34.1,2.29,0,0,0,0,0,0,No Failure,252.4
7776,L17775,L,298.92,310.76,1364.3,45.21,45.1,2.51,0,0,0,0,0,0,No Failure,242.3
7777,L17776,L,299.29,308.36,1648.5,40.36,23.3,2.98,0,0,0,0,0,0,No Failure,271.0
7778,H17777,H,298.08,307.81,1443.8,48.49,235.1,2.51,0,0,0,0,0,0,No Failure,1.0
7779,H17778,H,298.53,309.24,1427.9,55.37,212.9,2.89,0,0,0,0,0,0,No Failure,11.8
7780,M17779,M,299.98,310.73,1505.7,47.37,22.7,2.23,0,0,0,0,0,0,No Failure,270.7
7781,L17780,L,298.46,309.03,1508.7,42.91,169.5,2.71,0,0,0,0,0,0,No Failure,85.8
7782,L17781,L,301.09,310.69,1699.2,25.87,61.4,3.29,0,0,0,0,0,0,No Failure,228.8
7783,H17782,H,301.36,310.76,1447.5,24.54,4.3,2.86,0,0,0,0,0,0,No Failure,295.0
7784,L17783,L,304.76,317.3,1681.4,34.77,73.1,1.38,0,0,0,0,0,0,No Failure,211.3
7785,H17784,H,302.25,312.21,1616.7,32.11,110.0,2.83,0,0,0,0,0,0,No Failure,168.3
7786,L17785,L,300.49,310.32,1238.4,43.71,5.0,1.81,0,0,0,0,0,0,No Failure,293.6
7787,L17786,L,298.76,308.05,1590.7,37.14,80.9,1.95,0,0,0,0,0,0,No Failure,200.6
7788,H17787,H,300.59,310.83,1100.0,59.19,175.1,2.8,0,0,0,0,0,0,No Failure,61.1
7789,L17788,L,300.65,310.85,1377.8,39.2,57.1,1.92,0,0,0,0,0,0,No Failure,229.1
7790,M17789,M,298.97,308.96,1620.9,43.28,121.2,1.83,0,0,0,0,0,0,No Failure,146.5
7791,M17790,M,301.57,311.95,1536.1,39.29,221.9,4.66,1,0,0,0,0,1,TWF,8.4
7792,L17791,L,297.2,308.97,1221.5,49.38,7.1,2.13,0,0,0,0,0,0,No Failure,290.7
7793,L17792,L,299.51,308.92,1337.7,57.98,196.4,4.61,0,0,0,1,0,1,OSF,12.8
7794,M17793,M,301.11,311.15,1100.0,55.79,96.0,2.83,0,0,0,0,0,0,No Failure,171.1
7795,M17794,M,299.42,308.78,1297.7,45.86,135.3,3.09,0,0,0,0,0,0,No Failure,126.5
7796,L17795,L,299.59,309.88,1641.7,40.22,57.7,3.04,0,0,0,0,0,0,No Failure,228.0
7797,H17796,H,299.72,309.16,1438.2,54.3,144.7,1.96,0,0,0,0,0,0,No Failure,105.1
7798,L17797,L,298.33,307.8,1568.4,37.93,182.7,2.75,0,0,0,0,0,0,No Failure,74.7
7799,L17798,L,302.35,310.89,1540.4,42.03,50.4,2.2,0,0,0,0,0,0,No Failure,227.4
7800,L17799,L,297.96,308.06,1543.8,38.11,85.8,1.74,0,0,0,0,0,0,No Failure,194.1
7801,L17800,L,300.64,311.07,1721.1,34.14,141.8,2.05,0,0,0,0,0,0,No Failure,128.4
7802,L17801,L,300.83,312.69,1501.7,36.52,104.2,0.81,0,0,0,0,0,0,No Failure,172.4
7803,H17802,H,298.1,308.57,1701.0,31.35,73.3,1.87,0,0,0,0,0,0,No Failure,212.6
7804,L17803,L,300.15,309.7,1100.0,66.42,112.9,1.62,0,0,0,0,0,0,No Failure,140.9
7805,L17804,L,298.18,306.82,1736.9,30.67,72.7,2.62,0,0,0,0,0,0,No Failure,206.4
7806,L17805,L,302.78,311.56,1307.1,35.12,75.5,2.67,0,0,0,0,0,0,No Failure,203.8
7807,M17806,M,297.72,306.43,1345.9,45.46,152.7,1.49,0,0,0,0,0,0,No Failure,98.7
7808,H17807,H,298.69,310.57,1411.9,49.62,119.3,3.0,0,0,0,0,0,0,No Failure,144.3
7809,L17808,L,297.55,307.84,1732.0,43.34,169.3,2.14,0,0,0,0,0,0,No Failure,85.6
7810,L17809,L,297.28,306.7,1378.8,35.15,209.4,1.86,0,0,0,0,0,0,No Failure,45.3
7811,L17810,L,303.18,312.22,1420.6,50.03,235.7,4.81,1,0,0,1,0,1,TWF,1.0
7812,L17811,L,301.09,310.23,1365.9,58.34,37.8,2.02,0,0,0,0,0,0,No Failure,245.1
7813,L17812,L,300.28,309.67,1583.7,33.1,156.5,2.42,0,0,0,0,0,0,No Failure,111.6
7814,L17813,L,298.69,310.0,1671.1,34.69,145.6,3.1,0,0,0,0,0,0,No Failure,123.3
7815,L17814,L,301.82,311.79,1843.1,23.93,216.7,2.44,0,0,0,0,0,0,No Failure,51.3
7816,M17815,M,298.35,306.9,1967.6,43.47,224.0,4.62,1,0,0,0,0,1,TWF,12.6
7817,L17816,L,301.59,313.9,1654.4,25.82,190.1,2.85,0,0,0,0,0,0,No Failure,79.7
7818,H17817,H,298.25,307.11,1603.5,34.62,148.9,2.58,0,0,0,0,0,0,No Failure,116.6
7819,H17818,H,298.71,308.12,1320.1,50.94,49.8,1.6,0,0,0,0,0,0,No Failure,234.6
7820,M17819,M,301.52,312.83,1879.8,27.13,69.2,2.24,0,0,0,0,0,0,No Failure,219.3
7821,L17820,L,301.73,312.14,1576.6,31.13,150.7,2.15,0,0,0,0,0,0,No Failure,120.4
7822,L17821,L,301.19,310.73,1486.3,40.0,34.8,2.41,0,0,0,0,0,0,No Failure,256.6
7823,L17822,L,297.9,306.67,1607.4,54.06,46.0,5.29,0,0,1,0,0,1,PWF,7.9
7824,M17823,M,299.11,308.14,1424.1,40.34,227.9,4.5,1,0,0,0,0,1,TWF,1.5
7825,L17824,L,300.31,309.41,1119.6,52.14,239.1,5.49,1,0,0,1,0,1,TWF,8.9
7826,H17825,H,298.3,308.31,1640.4,28.77,1.3,2.47,0,0,0,0,0,0,No Failure,298.5
7827,H17826,H,302.74,312.93,1778.3,36.44,215.6,2.79,0,0,0,0,0,0,No Failure,36.0
7828,L17827,L,295.2,305.05,1637.7,42.82,234.5,2.43,0,0,0,0,0,0,No Failure,3.7
7829,M17828,M,298.44,308.4,1536.7,34.8,131.4,2.99,0,0,0,0,0,0,No Failure,140.4
7830,L17829,L,298.98,307.93,1540.4,42.7,112.2,2.45,0,0,0,0,0,0,No Failure,157.3
7831,L17830,L,294.31,304.61,1568.8,34.06,229.7,3.08,0,0,0,0,0,0,No Failure,22.2
7832,L17831,L,297.21,308.49,1563.4,25.12,1.9,0.78,0,0,0,0,0,0,No Failure,297.8
7833,L17832,L,301.25,311.09,1527.1,42.49,210.1,5.29,1,0,0,0,0,1,TWF,11.2
7834,H17833,H,300.06,309.88,1542.5,53.42,74.1,2.66,0,0,0,0,0,0,No Failure,195.2
7835,L17834,L,303.15,313.23,1816.3,24.66,160.3,2.68,0,0,0,0,0,0,No Failure,115.4
7836,L17835,L,303.09,314.21,1622.5,38.23,80.8,1.85,0,0,0,0,0,0,No Failure,200.2
7837,M17836,M,300.87,309.97,1556.8,47.71,130.7,2.07,0,0,0,0,0,0,No Failure,130.9
7838,M17837,M,300.63,312.08,1656.0,35.52,202.1,1.87,0,0,0,0,0,0,No Failure,53.8
7839,L17838,L,300.13,310.55,1656.0,26.24,45.3,2.79,0,0,0,0,0,0,No Failure,247.4
7840,H17839,H,294.69,304.72,1707.3,35.46,166.0,3.04,0,0,0,0,0,0,No Failure,97.8
7841,M17840,M,297.21,308.42,1402.5,53.21,224.6,3.48,1,0,0,0,0,1,TWF,11.2
7842,L17841,L,300.2,309.02,1452.0,37.78,225.3,2.62,0,0,0,0,0,0,No Failure,18.7
7843,L17842,L,301.23,311.75,1392.4,44.72,223.5,4.14,1,0,0,0,0,1,TWF,1.4
7844,L17843,L,300.58,311.01,1675.2,28.44,129.6,3.55,0,0,0,0,0,0,No Failure,147.7
7845,H17844,H,298.22,307.28,1666.5,35.31,191.9,2.84,0,0,0,0,0,0,No Failure,66.4
7846,M17845,M,301.87,312.34,1310.1,48.51,111.7,2.29,0,0,0,0,0,0,No Failure,154.9
7847,H17846,H,302.96,313.25,1608.0,38.2,115.0,2.42,0,0,0,0,0,0,No Failure,157.9
7848,L17847,L,301.88,311.7,1783.6,30.62,71.0,3.28,0,0,0,0,0,0,No Failure,215.7
7849,L17848,L,301.98,312.84,1495.9,43.21,71.3,2.53,0,0,0,0,0,0,No Failure,209.7
7850,L17849,L,298.88,308.31,1594.2,42.32,9.5,1.43,0,0,0,0,0,0,No Failure,288.1
7851,L17850,L,302.15,312.42,1668.8,41.1,132.9,3.41,0,0,0,0,0,0,No Failure,133.5
7852,M17851,M,300.29,310.16,1301.6,44.05,77.2,2.99,0,0,0,0,0,0,No Failure,201.9
7853,M17852,M,301.02,310.41,1565.2,33.99,46.9,2.18,0,0,0,0,0,0,No Failure,243.3
7854,L17853,L,300.73,311.23,1765.7,47.72,30.4,2.86,0,0,0,0,0,0,No Failure,252.4
7855,L17854,L,299.76,309.55,1431.8,42.87,86.7,2.13,0,0,0,0,0,0,No Failure,190.4
7856,L17855,L,298.28,306.81,1687.0,33.76,224.8,2.12,0,0,0,0,0,0,No Failure,19.1
7857,L17856,L,299.84,308.03,1542.9,28.55,129.1,2.43,0,0,0,0,0,0,No Failure,132.2
7858,L17857,L,301.97,312.76,1417.3,35.81,139.2,2.86,0,0,0,0,0,0,No Failure,130.1
7859,L17858,L,299.12,307.9,1520.7,34.96,13.6,2.78,0,0,0,0,0,0,No Failure,279.1
7860,L17859,L,301.79,312.07,1443.8,44.63,130.0,3.06,0,0,0,0,0,0,No Failure,134.3
7861,L17860,L,301.47,311.53,1379.0,41.02,166.9,2.78,0,0,0,0,0,0,No Failure,91.0
7862,L17861,L,299.4,309.03,1492.5,40.31,37.7,3.37,0,0,0,0,0,0,No Failure,253.0
7863,L17862,L,302.78,314.73,1550.2,28.67,245.9,5.87,1,0,0,0,0,1,TWF,9.3
7864,M17863,M,299.29,309.47,1508.3,49.61,228.8,2.68,0,0,0,0,0,0,No Failure,1.4
7865,L17864,L,303.02,313.77,1490.5,35.09,248.3,5.02,1,0,0,0,0,1,TWF,1.9
7866,H17865,H,300.87,311.15,1578.5,39.66,90.1,2.39,0,0,0,0,0,0,No Failure,187.9
7867,L17866,L,299.97,309.74,1633.1,33.03,205.6,1.34,0,0,0,0,0,0,No Failure,52.6
7868,L17867,L,298.22,308.21,1333.2,42.78,82.2,2.51,0,0,0,0,0,0,No Failure,196.2
7869,L17868,L,299.82,311.28,1492.8,34.63,187.3,2.13,0,0,0,0,0,0,No Failure,72.8
7870,L17869,L,299.59,310.68,1184.7,52.72,237.0,5.25,0,0,0,1,0,1,OSF,1.0
7871,H17870,H,297.48,309.44,1509.0,32.9,38.8,2.48,0,0,0,0,0,0,No Failure,253.4
7872,L17871,L,299.56,309.79,1564.9,40.54,35.1,1.24,0,0,0,0,0,0,No Failure,256.2
7873,H17872,H,298.39,307.52,1640.0,35.75,26.1,2.39,0,0,0,0,0,0,No Failure,268.2
7874,H17873,H,301.17,310.73,1565.6,42.73,199.6,2.62,0,0,0,0,0,0,No Failure,47.9
7875,M17874,M,302.61,311.42,1636.1,41.77,166.7,1.58,0,0,0,0,0,0,No Failure,86.7
7876,M17875,M,297.55,308.31,1549.7,36.49,130.6,3.31,0,0,0,0,0,0,No Failure,140.1
7877,M17876,M,303.42,312.84,1417.1,44.9,193.5,2.77,0,0,0,0,0,0,No Failure,53.1
7878,L17877,L,299.74,306.69,1338.2,41.7,212.5,5.02,0,1,0,0,0,1,HDF,1.0
7879,M17878,M,298.05,310.51,1490.9,49.46,237.4,2.76,0,0,0,0,0,0,No Failure,1.0
7880,L17879,L,301.52,310.94,1400.8,40.32,50.3,2.72,0,0,0,0,0,0,No Failure,237.2
7881,L17880,L,299.11,308.53,1516.6,38.15,110.4,3.41,0,0,0,0,0,0,No Failure,163.7
7882,L17881,L,299.84,311.51,1450.0,38.1,230.8,5.32,1,0,0,0,0,1,TWF,4.6
7883,M17882,M,299.19,307.98,1613.0,32.07,115.3,3.66,0,0,0,0,0,0,No Failure,157.7
7884,H17883,H,298.37,309.5,1546.8,53.03,121.9,2.43,0,0,0,0,0,0,No Failure,132.4
7885,L17884,L,301.45,310.86,1618.1,40.49,235.6,3.83,1,0,0,0,0,1,TWF,4.8
7886,H17885,H,299.43,308.1,1617.2,37.58,183.7,1.81,0,0,0,0,0,0,No Failure,67.4
7887,L17886,L,297.13,308.83,1505.8,36.51,138.0,1.91,0,0,0,0,0,0,No Failure,131.0
7888,L17887,L,301.1,312.03,1516.8,47.35,89.3,2.91,0,0,0,0,0,0,No Failure,184.7
7889,L17888,L,297.59,308.51,1627.8,33.04,228.8,6.48,1,0,0,0,0,1,TWF,5.4
7890,L17889,L,297.69,308.06,1975.8,31.21,2.2,3.41,0,0,0,0,0,0,No Failure,297.3
7891,L17890,L,302.39,312.98,1360.9,59.51,80.3,2.39,0,0,0,0,0,0,No Failure,185.6
7892,M17891,M,297.61,306.38,1545.5,32.12,236.5,2.96,0,0,0,0,0,0,No Failure,12.1
7893,H17892,H,295.37,305.48,1324.0,49.1,124.6,2.17,0,0,0,0,0,0,No Failure,137.8
7894,L17893,L,301.25,310.32,1534.3,41.13,156.0,2.21,0,0,0,0,0,0,No Failure,104.6
7895,L17894,L,299.39,308.0,1417.3,46.03,133.2,1.88,0,0,0,0,0,0,No Failure,121.4
7896,H17895,H,299.56,309.98,1516.5,37.57,99.3,1.92,0,0,0,0,0,0,No Failure,177.7
7897,M17896,M,299.37,310.53,1565.8,34.17,166.3,2.83,0,0,0,0,0,0,No Failure,98.7
7898,L17897,L,300.46,310.08,1450.4,42.95,191.6,3.39,0,0,0,0,0,0,No Failure,57.7
7899,L17898,L,298.49,308.28,1218.7,46.04,91.1,3.12,0,0,0,0,0,0,No Failure,183.1
7900,H17899,H,302.95,311.81,1793.2,17.14,147.6,6.86,0,0,1,0,0,1,PWF,4.6
7901,M17900,M,297.05,307.05,1688.2,29.77,20.7,2.97,0,0,0,0,0,0,No Failure,275.5
7902,L17901,L,300.89,311.65,1514.6,37.4,136.9,2.48,0,0,0,0,0,0,No Failure,131.6
7903,L17902,L,301.28,312.08,1377.8,36.0,186.9,2.18,0,0,0,0,0,0,No Failure,71.6
7904,H17903,H,298.48,309.03,1553.2,39.69,146.3,2.85,0,0,0,0,0,0,No Failure,118.0
7905,L17904,L,297.95,307.33,1602.6,32.14,219.6,3.4,1,0,0,0,0,1,TWF,4.8
7906,H17905,H,302.03,311.38,1675.8,35.5,71.5,2.14,0,0,0,0,0,0,No Failure,212.8
7907,L17906,L,298.02,308.81,1692.3,50.63,122.9,2.03,0,0,0,0,0,0,No Failure,129.0
7908,M17907,M,298.79,309.6,1726.1,43.35,21.9,3.25,0,0,0,0,0,0,No Failure,272.3
7909,L17908,L,301.77,311.6,1226.4,53.06,175.0,1.67,0,0,0,0,0,0,No Failure,67.8
7910,L17909,L,300.07,309.64,1483.5,53.11,110.7,3.06,0,0,0,0,0,0,No Failure,150.6
7911,H17910,H,296.41,307.57,1715.8,34.46,132.6,2.73,0,0,0,0,0,0,No Failure,139.3
7912,L17911,L,303.49,313.13,1372.7,43.27,32.1,2.74,0,0,0,0,0,0,No Failure,259.4
7913,M17912,M,298.94,309.69,1756.2,26.77,249.3,4.83,1,0,0,0,0,1,TWF,8.3
7914,L17913,L,299.19,309.06,1862.1,41.17,193.0,1.62,0,0,0,0,0,0,No Failure,57.9
7915,L17914,L,300.51,309.46,1751.2,47.96,100.2,2.8,0,0,0,0,0,0,No Failure,161.4
7916,L17915,L,301.25,312.86,1656.4,42.57,142.5,3.03,0,0,0,0,0,0,No Failure,120.2
7917,M17916,M,303.92,314.04,1457.9,51.12,154.7,2.8,0,0,0,0,0,0,No Failure,96.7
7918,L17917,L,296.68,305.97,1588.4,18.61,240.2,5.83,0,0,1,0,0,1,PWF,14.9
7919,L17918,L,301.65,310.26,1297.0,62.64,192.1,4.42,0,0,0,1,0,1,OSF,11.5
7920,L17919,L,301.49,310.2,1398.2,42.18,87.4,2.13,0,0,0,0,0,0,No Failure,184.1
7921,M17920,M,299.73,309.35,1410.8,59.02,244.4,4.7,1,0,0,1,0,1,TWF,10.2
7922,M17921,M,301.57,313.5,1549.1,50.85,75.4,2.03,0,0,0,0,0,0,No Failure,198.4
7923,L17922,L,301.87,311.28,1467.8,46.28,144.2,1.92,0,0,0,0,0,0,No Failure,114.7
7924,L17923,L,297.24,308.68,1584.8,35.46,175.2,1.63,0,0,0,0,0,0,No Failure,86.6
7925,H17924,H,303.5,313.37,1695.1,36.5,67.8,2.82,0,0,0,0,0,0,No Failure,217.0
7926,L17925,L,296.88,305.7,1411.0,29.15,239.1,2.81,0,0,0,0,0,0,No Failure,14.4
7927,H17926,H,297.73,307.26,1564.6,44.86,54.0,3.19,0,0,0,0,0,0,No Failure,231.1
7928,H17927,H,299.48,308.2,1463.5,23.11,110.4,1.21,0,0,0,0,0,0,No Failure,168.2
7929,M17928,M,303.85,312.99,1572.0,36.08,45.0,3.2,0,0,0,0,0,0,No Failure,245.0
7930,L17929,L,299.38,308.5,1660.8,46.93,218.7,5.45,1,0,0,0,0,1,TWF,10.9
7931,H17930,H,299.94,308.03,1702.9,40.28,55.4,3.23,0,0,0,0,0,0,No Failure,212.8
7932,M17931,M,302.86,314.38,1658.0,25.48,8.7,2.57,0,0,0,0,0,0,No Failure,290.0
7933,M17932,M,299.4,309.61,1612.1,27.84,9.7,2.63,0,0,0,0,0,0,No Failure,288.6
7934,L17933,L,297.64,306.96,1283.8,42.55,103.4,2.63,0,0,0,0,0,0,No Failure,169.5
7935,L17934,L,299.17,309.39,1344.5,45.18,130.7,1.95,0,0,0,0,0,0,No Failure,133.0
7936,L17935,L,302.74,311.91,1390.5,49.29,10.4,1.98,0,0,0,0,0,0,No Failure,286.4
7937,M17936,M,300.14,307.47,1602.2,41.68,23.2,2.64,0,0,0,0,0,0,No Failure,237.4
7938,M17937,M,303.86,316.82,1306.9,38.5,24.4,2.35,0,0,0,0,0,0,No Failure,269.9
7939,L17938,L,301.48,311.67,1598.4,41.87,167.1,2.93,0,0,0,0,0,0,No Failure,89.8
7940,L17939,L,298.71,308.12,1585.3,42.92,75.0,2.29,0,0,0,0,0,0,No Failure,205.2
7941,L17940,L,300.1,308.17,1191.5,53.78,140.6,4.0,0,1,0,0,0,1,HDF,9.0
7942,M17941,M,298.29,306.8,1343.3,62.01,18.4,4.77,0,1,0,0,0,1,HDF,4.4
7943,H17942,H,298.66,310.32,1724.9,39.87,223.0,2.04,0,0,0,0,0,0,No Failure,22.3
7944,L17943,L,308.96,320.46,1662.8,42.86,76.1,2.94,0,0,0,0,0,0,No Failure,203.8
7945,L17944,L,302.04,312.79,1385.8,56.43,194.6,2.19,0,0,0,0,0,0,No Failure,36.0
7946,L17945,L,301.72,310.61,1352.8,50.3,206.7,2.68,0,0,0,0,0,0,No Failure,27.0
7947,M17946,M,298.75,310.26,1100.0,50.69,247.0,4.46,1,0,0,1,0,1,TWF,13.1
7948,M17947,M,303.14,313.59,1801.4,42.01,185.3,2.6,0,0,0,0,0,0,No Failure,66.8
7949,H17948,H,302.2,312.85,1545.3,36.02,110.7,2.52,0,0,0,0,0,0,No Failure,164.8
7950,L17949,L,303.76,314.21,1875.2,25.12,38.2,3.21,0,0,0,0,0,0,No Failure,255.9
7951,H17950,H,303.67,312.16,1503.7,33.62,12.0,2.59,0,0,0,0,0,0,No Failure,275.4
7952,L17951,L,297.04,305.84,1588.6,46.39,221.6,2.96,0,0,0,0,0,0,No Failure,11.2
7953,M17952,M,297.78,307.27,1697.5,39.69,111.7,3.67,0,0,0,0,0,0,No Failure,161.1
7954,L17953,L,297.99,308.64,1831.4,40.19,187.5,2.52,0,0,0,0,0,0,No Failure,66.1
7955,H17954,H,298.11,306.73,1627.7,41.24,124.1,3.42,0,0,0,0,0,0,No Failure,136.8
7956,M17955,M,300.65,310.47,1538.4,40.32,219.9,4.15,1,0,0,0,0,1,TWF,5.2
7957,M17956,M,298.87,308.69,1543.0,41.11,187.4,2.18,0,0,0,0,0,0,No Failure,65.2
7958,H17957,H,304.15,314.94,1350.8,48.56,21.4,2.43,0,0,0,0,0,0,No Failure,272.3
7959,L17958,L,303.81,314.48,1469.6,36.61,188.0,2.2,0,0,0,0,0,0,No Failure,69.6
7960,L17959,L,299.99,308.98,1547.2,29.75,66.7,2.22,0,0,0,0,0,0,No Failure,220.9
7961,H17960,H,303.91,315.36,1785.4,30.21,193.3,2.16,0,0,0,0,0,0,No Failure,70.8
7962,L17961,L,302.98,311.81,1461.0,44.88,237.1,5.09,1,0,0,0,0,1,TWF,3.0
7963,L17962,L,299.1,310.19,1728.2,30.18,232.5,5.55,1,0,0,0,0,1,TWF,4.2
7964,L17963,L,295.98,305.43,1523.4,54.29,31.3,1.48,0,0,0,0,0,0,No Failure,251.7
7965,M17964,M,299.56,309.73,1760.6,37.17,13.7,2.67,0,0,0,0,0,0,No Failure,283.2
7966,L17965,L,298.71,308.94,1659.1,37.0,194.2,2.57,0,0,0,0,0,0,No Failure,61.5
7967,L17966,L,300.41,310.61,1647.0,32.18,177.5,3.33,0,0,0,0,0,0,No Failure,87.4
7968,L17967,L,300.18,310.85,1713.2,41.43,44.0,2.28,0,0,0,0,0,0,No Failure,244.7
7969,L17968,L,300.13,310.52,1687.1,27.08,171.1,3.18,0,0,0,0,0,0,No Failure,100.3
7970,H17969,H,301.05,311.83,1728.4,36.92,3.9,1.98,0,0,0,0,0,0,No Failure,295.2
7971,H17970,H,297.57,308.04,1919.6,28.21,157.8,2.23,0,0,0,0,0,0,No Failure,114.8
7972,M17971,M,300.82,309.56,1827.4,33.68,208.1,2.75,0,0,0,0,0,0,No Failure,43.5
7973,L17972,L,299.12,309.39,1621.5,40.41,160.5,2.86,0,0,0,0,0,0,No Failure,99.6
7974,H17973,H,300.4,309.84,1458.9,33.11,16.3,2.34,0,0,0,0,0,0,No Failure,280.3
7975,M17974,M,301.91,310.81,1603.6,25.72,247.7,5.39,1,0,0,0,0,1,TWF,4.4
7976,L17975,L,297.55,307.26,1193.2,43.76,89.0,2.4,0,0,0,0,0,0,No Failure,187.0
7977,H17976,H,299.44,309.62,1686.4,41.73,95.1,2.97,0,0,0,0,0,0,No Failure,180.5
7978,M17977,M,299.76,310.01,1348.3,47.11,21.2,2.41,0,0,0,0,0,0,No Failure,272.7
7979,M17978,M,298.97,310.03,1738.9,31.68,41.8,2.37,0,0,0,0,0,0,No Failure,250.1
7980,M17979,M,301.8,313.11,1892.5,45.48,67.8,4.87,0,0,1,0,0,1,PWF,2.2
7981,L17980,L,298.56,308.9,1278.3,55.93,199.8,4.95,0,0,0,1,0,1,OSF,6.3
7982,L17981,L,298.89,309.41,1529.0,46.55,172.9,2.9,0,0,0,0,0,0,No Failure,77.5
7983,M17982,M,298.58,308.68,1347.5,39.46,145.9,4.0,0,0,0,0,0,0,No Failure,118.7
7984,L17983,L,302.18,312.95,1228.6,56.06,216.0,4.54,1,0,0,1,0,1,TWF,4.5
7985,L17984,L,299.02,309.5,1519.0,41.89,249.5,1.88,0,0,0,0,0,0,No Failure,1.0
7986,M17985,M,300.92,310.87,1651.7,31.27,96.2,1.94,0,0,0,0,0,0,No Failure,185.3
7987,M17986,M,303.95,316.1,1673.0,35.13,97.8,1.99,0,0,0,0,0,0,No Failure,181.0
7988,L17987,L,299.85,309.3,1565.6,31.06,184.0,3.35,0,0,0,0,0,0,No Failure,80.8
7989,M17988,M,302.22,313.68,1240.1,43.39,161.1,0.9,0,0,0,0,0,0,No Failure,95.9
7990,H17989,H,303.34,311.99,1560.1,30.45,3.3,2.79,0,0,0,0,0,0,No Failure,288.9
7991,M17990,M,302.05,312.87,1270.8,53.91,163.9,1.58,0,0,0,0,0,0,No Failure,81.8
7992,L17991,L,299.97,311.4,1282.6,46.28,179.9,2.52,0,0,0,0,0,0,No Failure,68.9
7993,L17992,L,301.28,309.38,1359.6,37.54,246.5,6.06,0,1,0,0,0,1,HDF,10.9
7994,L17993,L,297.43,307.56,1725.9,38.39,146.7,3.04,0,0,0,0,0,0,No Failure,118.7
7995,L17994,L,298.44,309.16,1635.6,36.69,171.1,2.34,0,0,0,0,0,0,No Failure,90.3
7996,L17995,L,298.79,309.04,1595.7,44.95,197.2,2.4,0,0,0,0,0,0,No Failure,48.3
7997,L17996,L,304.48,314.86,1383.6,44.3,24.0,1.27,0,0,0,0,0,0,No Failure,269.5
7998,L17997,L,298.37,308.51,1468.6,30.8,183.7,3.87,0,0,0,0,0,0,No Failure,81.5
7999,H17998,H,298.35,307.25,1292.7,42.94,136.7,2.68,0,0,0,0,0,0,No Failure,125.3
8000,L17999,L,297.91,310.28,1782.2,25.57,25.0,2.76,0,0,0,0,0,0,No Failure,271.0
8001,M18000,M,301.12,310.62,1931.3,35.01,167.5,3.14,0,0,0,0,0,0,No Failure,96.5
8002,M18001,M,300.29,310.72,1637.6,44.23,58.6,2.46,0,0,0,0,0,0,No Failure,225.4
8003,L18002,L,302.17,311.53,1669.0,25.14,134.5,2.75,0,0,0,0,0,0,No Failure,144.7
8004,H18003,H,301.34,309.07,1509.5,38.88,70.2,2.93,0,0,0,0,0,0,No Failure,187.4
8005,M18004,M,297.24,306.31,1248.1,56.14,26.1,1.62,0,0,0,0,0,0,No Failure,264.8
8006,L18005,L,298.39,306.94,1386.9,32.35,62.7,2.82,0,0,0,0,0,0,No Failure,215.8
8007,M18006,M,302.73,313.82,1454.7,38.2,109.7,3.75,0,0,0,0,0,0,No Failure,164.5
8008,L18007,L,299.59,308.99,1469.0,40.84,123.5,3.55,0,0,0,0,0,0,No Failure,145.4
8009,M18008,M,302.38,311.86,1427.8,49.49,37.1,3.42,0,0,0,0,0,0,No Failure,251.6
8010,L18009,L,299.7,308.64,1546.5,42.61,80.2,3.65,0,0,0,0,0,0,No Failure,197.4
8011,H18010,H,298.06,308.16,1385.8,48.54,214.8,1.74,0,0,0,0,0,0,No Failure,21.0
8012,L18011,L,299.39,308.68,1926.0,35.37,227.6,5.48,1,0,0,0,0,1,TWF,11.6
8013,M18012,M,298.06,309.06,1293.6,43.77,133.8,1.95,0,0,0,0,0,0,No Failure,130.2
8014,L18013,L,298.87,309.17,1696.8,46.86,122.6,4.6,0,0,0,0,0,0,No Failure,138.8
8015,M18014,M,300.4,309.83,1491.1,35.54,145.4,2.65,0,0,0,0,0,0,No Failure,122.9
8016,M18015,M,301.02,311.87,1620.8,17.57,53.6,3.51,0,0,1,0,0,1,PWF,8.3
8017,L18016,L,296.82,306.83,1629.0,24.23,248.4,1.84,0,0,0,0,0,0,No Failure,14.6
8018,M18017,M,299.97,309.99,1566.1,37.49,186.3,2.56,0,0,0,0,0,0,No Failure,70.7
8019,L18018,L,298.83,307.36,1335.1,42.62,59.7,3.94,0,1,0,0,0,1,HDF,4.9
8020,H18019,H,298.7,308.63,1478.6,36.83,68.0,3.62,0,0,0,0,0,0,No Failure,216.5
8021,L18020,L,300.27,310.59,1568.3,39.31,162.1,2.97,0,0,0,0,0,0,No Failure,98.7
8022,H18021,H,298.9,310.23,1557.1,46.94,80.7,2.69,0,0,0,0,0,0,No Failure,196.0
8023,H18022,H,302.76,312.01,1354.9,47.46,88.8,1.87,0,0,0,0,0,0,No Failure,185.2
8024,L18023,L,302.38,314.65,1769.1,38.45,195.2,1.71,0,0,0,0,0,0,No Failure,58.6
8025,L18024,L,302.36,312.92,1100.0,46.99,66.7,2.71,0,0,0,0,0,0,No Failure,214.0
8026,L18025,L,299.01,307.49,1493.2,36.55,176.3,2.58,0,0,0,0,0,0,No Failure,73.7
8027,H18026,H,298.08,307.23,1373.1,48.6,233.7,1.73,0,0,0,0,0,0,No Failure,1.0
8028,L18027,L,300.16,311.59,1570.6,38.96,31.0,2.47,0,0,0,0,0,0,No Failure,261.5
8029,M18028,M,299.7,310.94,1720.0,38.22,36.1,2.47,0,0,0,0,0,0,No Failure,255.4
8030,H18029,H,298.78,308.8,1286.2,50.95,235.7,6.12,1,0,0,0,0,1,TWF,6.8
8031,L18030,L,297.65,307.8,1959.3,31.79,50.9,3.76,0,0,0,0,0,0,No Failure,239.2
8032,M18031,M,299.92,308.75,1574.1,49.19,5.2,1.25,0,0,0,0,0,0,No Failure,288.8
8033,L18032,L,299.19,310.51,1606.3,33.63,217.1,2.98,0,0,0,0,0,0,No Failure,37.9
8034,L18033,L,301.38,310.39,1280.3,41.13,70.6,2.08,0,0,0,0,0,0,No Failure,211.6
8035,M18034,M,301.33,312.17,1529.7,26.87,74.6,2.75,0,0,0,0,0,0,No Failure,213.1
8036,L18035,L,302.2,313.55,1711.9,40.29,56.7,2.58,0,0,0,0,0,0,No Failure,229.2
8037,L18036,L,297.48,307.53,1575.6,34.09,229.4,2.8,0,0,0,0,0,0,No Failure,22.5
8038,H18037,H,300.8,311.77,1563.1,47.25,193.6,1.75,0,0,0,0,0,0,No Failure,50.1
8039,L18038,L,298.55,310.39,1528.7,40.98,149.2,3.08,0,0,0,0,0,0,No Failure,113.2
8040,H18039,H,297.56,307.83,1291.3,44.09,113.3,2.52,0,0,0,0,0,0,No Failure,155.9
8041,H18040,H,299.14,308.97,1290.3,39.12,35.9,3.34,0,0,0,0,0,0,No Failure,255.5
8042,L18041,L,302.14,312.07,1747.3,40.26,231.5,3.46,0,0,0,0,0,0,No Failure,11.1
8043,L18042,L,299.26,308.51,1695.9,35.0,187.4,2.64,0,0,0,0,0,0,No Failure,72.2
8044,M18043,M,303.13,312.37,1722.4,36.71,69.7,3.09,0,0,0,0,0,0,No Failure,214.5
8045,L18044,L,301.1,311.54,1390.7,47.37,236.9,4.77,0,0,0,1,0,1,OSF,1.0
8046,L18045,L,299.21,309.05,1509.8,41.6,233.8,3.3,0,0,0,0,0,0,No Failure,6.3
8047,M18046,M,302.32,312.65,1758.5,28.17,164.9,3.26,0,0,0,0,0,0,No Failure,106.5
8048,L18047,L,300.89,309.4,1318.1,49.17,246.3,3.38,0,1,0,1,0,1,HDF,3.0
8049,H18048,H,298.13,308.04,1740.2,40.22,46.8,2.67,0,0,0,0,0,0,No Failure,241.6
8050,L18049,L,303.72,314.75,1433.0,44.39,182.8,1.67,0,0,0,0,0,0,No Failure,67.2
8051,L18050,L,300.52,309.4,1384.9,47.75,38.0,2.19,0,0,0,0,0,0,No Failure,248.4
8052,L18051,L,300.04,310.05,1532.3,44.24,172.9,2.21,0,0,0,0,0,0,No Failure,80.0
8053,H18052,H,298.29,306.43,1338.1,42.07,230.0,5.47,0,1,0,0,0,1,HDF,1.0
8054,M18053,M,302.36,311.05,1198.5,47.03,134.0,2.36,0,0,0,0,0,0,No Failure,121.1
8055,H18054,H,301.03,311.84,1551.6,54.26,190.8,2.4,0,0,0,0,0,0,No Failure,37.4
8056,L18055,L,301.26,310.95,1633.6,46.01,35.8,3.1,0,0,0,0,0,0,No Failure,254.1
8057,L18056,L,298.98,310.81,1755.5,33.84,158.3,3.03,0,0,0,0,0,0,No Failure,108.7
8058,L18057,L,301.67,312.1,1646.6,41.22,15.8,2.67,0,0,0,0,0,0,No Failure,280.2
8059,L18058,L,301.82,312.35,1889.8,25.19,9.2,2.95,0,0,0,0,0,0,No Failure,289.3
8060,M18059,M,298.66,307.59,1781.6,29.48,158.5,2.89,0,0,0,0,0,0,No Failure,111.2
8061,M18060,M,297.17,306.78,1670.1,27.2,143.2,3.68,0,0,0,0,0,0,No Failure,132.8
8062,L18061,L,301.16,310.43,1621.9,38.99,82.3,2.37,0,0,0,0,0,0,No Failure,197.9
8063,H18062,H,296.85,305.79,1758.2,36.21,128.2,2.05,0,0,0,0,0,0,No Failure,141.9
8064,L18063,L,300.3,310.97,1141.9,60.13,171.1,2.62,0,0,0,0,0,0,No Failure,65.6
8065,H18064,H,299.11,309.97,1452.1,39.84,161.2,1.93,0,0,0,0,0,0,No Failure,99.3
8066,L18065,L,302.44,312.84,1205.3,57.24,18.4,2.28,0,0,0,0,0,0,No Failure,275.1
8067,L18066,L,299.21,308.39,1656.7,40.79,169.5,2.77,0,0,0,0,0,0,No Failure,87.9
8068,L18067,L,302.21,312.55,1405.0,59.92,164.9,2.2,0,0,0,0,0,0,No Failure,66.2
8069,L18068,L,298.97,307.06,2078.5,40.54,167.4,2.36,0,0,0,0,0,0,No Failure,64.4
8070,M18069,M,302.0,313.32,1445.3,51.96,211.8,2.34,0,0,0,0,0,0,No Failure,20.4
8071,L18070,L,304.12,312.82,1557.0,44.38,144.2,2.24,0,0,0,0,0,0,No Failure,110.5
8072,L18071,L,297.86,306.74,1466.0,34.67,234.5,4.95,1,0,0,0,0,1,TWF,2.0
8073,M18072,M,300.58,310.7,1450.5,43.41,245.0,5.26,1,0,0,0,0,1,TWF,1.5
8074,M18073,M,305.5,315.7,1314.9,61.36,188.0,3.32,0,0,0,0,0,0,No Failure,36.6
8075,H18074,H,300.13,310.06,1308.9,49.39,89.7,3.07,0,0,0,0,0,0,No Failure,183.1
8076,L18075,L,300.12,309.01,1147.9,46.52,35.8,3.07,0,0,0,0,0,0,No Failure,251.8
8077,M18076,M,301.58,312.71,1635.6,39.03,205.0,2.25,0,0,0,0,0,0,No Failure,45.7
8078,M18077,M,300.08,308.4,1462.0,34.11,36.7,2.61,0,0,0,0,0,0,No Failure,241.9
8079,L18078,L,296.59,305.1,1884.1,25.85,36.5,2.03,0,0,0,0,0,0,No Failure,248.0
8080,L18079,L,302.26,312.16,1315.3,48.51,229.8,5.75,0,0,0,1,0,1,OSF,12.8
8081,L18080,L,295.99,304.73,1802.3,38.47,140.0,2.47,0,0,0,0,0,0,No Failure,121.6
8082,L18081,L,299.17,310.39,1819.4,27.39,73.3,1.67,0,0,0,0,0,0,No Failure,214.3
8083,L18082,L,302.41,311.24,1766.6,30.05,240.7,5.78,1,0,0,0,0,1,TWF,12.1
8084,L18083,L,299.29,310.84,1580.0,27.99,176.8,2.18,0,0,0,0,0,0,No Failure,92.7
8085,M18084,M,298.61,309.65,1477.5,39.71,133.7,2.66,0,0,0,0,0,0,No Failure,133.6
8086,M18085,M,301.76,312.99,1766.4,20.34,82.4,2.36,0,0,0,0,0,0,No Failure,207.3
8087,H18086,H,298.3,310.18,1396.3,40.88,169.2,2.71,0,0,0,0,0,0,No Failure,88.3
8088,M18087,M,297.56,307.64,1586.5,38.38,182.7,2.92,0,0,0,0,0,0,No Failure,74.1
8089,L18088,L,300.55,309.54,1530.2,26.92,178.0,1.75,0,0,0,0,0,0,No Failure,92.2
8090,H18089,H,299.63,309.53,1378.4,36.48,48.8,2.31,0,0,0,0,0,0,No Failure,240.2
8091,H18090,H,297.51,306.95,1587.8,37.37,174.3,2.11,0,0,0,0,0,0,No Failure,85.6
8092,L18091,L,301.27,310.56,1670.8,34.54,145.4,3.21,0,0,0,0,0,0,No Failure,123.7
8093,M18092,M,300.93,311.08,1371.4,42.7,212.5,3.52,0,0,0,0,0,0,No Failure,31.6
8094,H18093,H,299.28,308.97,1620.4,39.04,156.2,2.53,0,0,0,0,0,0,No Failure,106.3
8095,M18094,M,299.42,308.67,1139.0,40.98,36.6,2.74,0,0,0,0,0,0,No Failure,254.2
8096,H18095,H,300.94,310.7,1350.2,49.4,79.6,1.62,0,0,0,0,0,0,No Failure,196.2
8097,L18096,L,302.38,312.93,1456.1,38.97,186.0,2.68,0,0,0,0,0,0,No Failure,69.4
8098,L18097,L,299.43,310.39,1602.0,33.28,185.0,2.34,0,0,0,0,0,0,No Failure,77.1
8099,L18098,L,301.31,309.71,1693.6,22.37,55.7,3.32,0,0,0,0,0,0,No Failure,224.6
8100,M18099,M,301.13,310.83,1552.8,36.77,88.6,2.36,0,0,0,0,0,0,No Failure,191.3
8101,H18100,H,301.76,311.62,1639.4,40.18,3.8,2.01,0,0,0,0,0,0,No Failure,295.2
8102,H18101,H,300.08,308.9,1509.3,40.75,82.9,1.69,0,0,0,0,0,0,No Failure,192.6
8103,L18102,L,298.18,308.06,1610.4,38.45,6.6,2.61,0,0,0,0,0,0,No Failure,291.9
8104,L18103,L,299.08,309.22,1601.0,35.1,218.2,2.17,0,0,0,0,0,0,No Failure,34.6
8105,H18104,H,300.69,311.2,1446.9,41.04,166.7,3.23,0,0,0,0,0,0,No Failure,91.2
8106,M18105,M,303.64,313.71,1474.4,32.94,242.3,5.08,1,0,0,0,0,1,TWF,4.7
8107,L18106,L,299.03,308.15,1645.4,36.43,223.0,2.44,0,0,0,0,0,0,No Failure,27.0
8108,L18107,L,301.61,313.62,1862.4,28.78,150.9,2.88,0,0,0,0,0,0,No Failure,122.4
8109,M18108,M,299.34,310.17,1754.0,26.33,125.7,3.55,0,0,0,0,0,0,No Failure,153.9
8110,M18109,M,300.22,310.77,1335.9,50.2,220.9,3.54,1,0,0,0,0,1,TWF,14.1
8111,L18110,L,303.03,314.04,1336.5,33.87,74.6,2.12,0,0,0,0,0,0,No Failure,209.8
8112,L18111,L,301.53,311.77,1442.1,45.28,55.9,3.66,0,0,0,0,0,0,No Failure,228.6
8113,H18112,H,297.52,308.8,1555.7,42.68,102.5,2.05,0,0,0,0,0,0,No Failure,170.6
8114,M18113,M,298.86,308.91,1546.6,35.1,13.3,2.9,0,0,0,0,0,0,No Failure,283.8
8115,L18114,L,302.51,312.51,1760.0,41.3,75.5,3.21,0,0,0,0,0,0,No Failure,205.3
8116,L18115,L,300.28,310.92,1769.8,30.06,20.9,2.49,0,0,0,0,0,0,No Failure,275.2
8117,M18116,M,297.7,309.28,1539.0,34.71,13.2,2.91,0,0,0,0,0,0,No Failure,284.0
8118,L18117,L,298.36,309.87,1497.2,31.67,137.8,2.32,0,0,0,0,0,0,No Failure,135.3
8119,L18118,L,301.41,312.0,1630.5,36.74,177.0,3.59,0,0,0,0,0,0,No Failure,82.9
8120,M18119,M,301.99,312.51,1728.3,28.01,134.2,2.23,0,0,0,0,0,0,No Failure,142.7
8121,L18120,L,300.04,310.73,1636.9,31.11,17.6,1.93,0,0,0,0,0,0,No Failure,279.0
8122,M18121,M,304.95,315.94,1460.8,40.62,98.7,3.03,0,0,0,0,0,0,No Failure,176.6
8123,L18122,L,301.65,312.95,1428.4,41.84,27.7,2.93,0,0,0,0,0,0,No Failure,265.1
8124,M18123,M,299.51,309.28,1339.2,53.59,162.5,2.59,0,0,0,0,0,0,No Failure,83.9
8125,L18124,L,298.37,309.69,1572.6,44.67,206.6,4.36,1,0,0,0,0,1,TWF,2.7
8126,L18125,L,298.05,308.39,1649.5,40.23,29.2,2.2,0,0,0,0,0,0,No Failure,263.6
8127,L18126,L,300.67,311.32,1669.5,34.91,16.7,2.06,0,0,0,0,0,0,No Failure,279.7
8128,H18127,H,299.02,310.4,1744.2,31.57,101.5,2.14,0,0,0,0,0,0,No Failure,178.8
8129,H18128,H,303.35,314.09,1803.0,33.09,75.9,2.69,0,0,0,0,0,0,No Failure,208.7
8130,L18129,L,302.93,313.85,1291.9,42.55,65.2,2.38,0,0,0,0,0,0,No Failure,217.8
8131,M18130,M,301.27,310.88,1610.5,32.35,52.8,1.61,0,0,0,0,0,0,No Failure,236.6
8132,M18131,M,297.64,309.14,1616.6,36.56,79.2,2.25,0,0,0,0,0,0,No Failure,202.9
8133,H18132,H,298.66,309.35,1524.8,33.2,241.3,4.64,1,0,0,0,0,1,TWF,10.4
8134,L18133,L,302.51,312.64,1389.7,37.46,214.4,2.81,0,0,0,0,0,0,No Failure,36.2
8135,M18134,M,298.87,309.97,1796.6,40.08,150.3,2.68,0,0,0,0,0,0,No Failure,112.6
8136,L18135,L,302.24,314.83,1432.6,32.22,200.1,3.55,0,0,0,0,0,0,No Failure,60.2
8137,L18136,L,300.95,309.78,1145.5,45.1,3.7,1.91,0,0,0,0,0,0,No Failure,291.9
8138,H18137,H,300.1,309.3,1541.6,47.83,27.9,2.83,0,0,0,0,0,0,No Failure,263.9
8139,M18138,M,298.59,311.28,1495.4,37.38,73.1,2.88,0,0,0,0,0,0,No Failure,210.1
8140,L18139,L,299.81,310.24,1870.5,41.71,161.0,2.67,0,0,0,0,0,0,No Failure,96.0
8141,L18140,L,300.38,310.57,1625.7,28.74,220.9,2.32,0,0,0,0,0,0,No Failure,40.1
8142,M18141,M,302.07,311.95,1483.4,40.97,57.8,2.09,0,0,0,0,0,0,No Failure,227.6
8143,M18142,M,298.23,309.44,1502.8,45.33,34.8,2.48,0,0,0,0,0,0,No Failure,255.5
8144,L18143,L,299.47,312.09,1500.7,33.64,212.0,1.43,0,0,0,0,0,0,No Failure,44.1
8145,H18144,H,300.09,309.42,1934.9,42.73,102.3,1.95,0,0,0,0,0,0,No Failure,164.2
8146,L18145,L,301.33,311.23,1658.9,33.44,174.9,1.92,0,0,0,0,0,0,No Failure,89.1
8147,L18146,L,298.18,307.83,1286.1,50.22,137.0,2.8,0,0,0,0,0,0,No Failure,120.7
8148,H18147,H,297.37,308.1,1494.2,35.41,44.0,2.88,0,0,0,0,0,0,No Failure,246.4
8149,L18148,L,301.35,312.57,1533.8,49.56,175.1,1.86,0,0,0,0,0,0,No Failure,71.4
8150,L18149,L,296.96,308.59,1339.7,46.91,105.2,1.72,0,0,0,0,0,0,No Failure,164.4
8151,M18150,M,302.57,313.34,1218.9,63.91,71.9,1.62,0,0,0,0,0,0,No Failure,198.2
8152,H18151,H,299.69,312.21,1644.6,44.74,225.7,3.09,0,0,0,0,0,0,No Failure,12.2
8153,L18152,L,296.9,306.33,1394.0,48.9,1.5,3.05,0,0,0,0,0,0,No Failure,298.1
8154,H18153,H,299.04,308.2,1761.5,27.38,101.2,2.89,0,0,0,0,0,0,No Failure,181.7
8155,M18154,M,300.76,312.23,1539.5,39.56,75.1,3.4,0,0,0,0,0,0,No Failure,206.6
8156,L18155,L,298.93,309.06,1453.1,39.07,13.6,3.57,0,0,0,0,0,0,No Failure,283.1
8157,M18156,M,300.04,308.66,1105.4,54.46,20.1,1.9,0,0,0,0,0,0,No Failure,265.6
8158,L18157,L,301.48,311.16,1756.8,35.19,43.1,2.26,0,0,0,0,0,0,No Failure,247.6
8159,L18158,L,299.6,309.85,1590.5,31.42,126.2,2.97,0,0,0,0,0,0,No Failure,149.3
8160,M18159,M,298.13,307.48,1457.8,40.06,70.7,0.84,0,0,0,0,0,0,No Failure,211.9
8161,H18160,H,299.4,308.39,1378.6,42.85,209.5,2.35,0,0,0,0,0,0,No Failure,35.0
8162,L18161,L,302.83,312.62,1824.2,25.82,60.0,3.08,0,0,0,0,0,0,No Failure,230.5
8163,L18162,L,303.37,312.31,1347.5,50.13,180.1,2.29,0,0,0,0,0,0,No Failure,63.1
8164,L18163,L,295.96,306.6,1472.0,42.32,52.6,2.94,0,0,0,0,0,0,No Failure,233.7
8165,L18164,L,302.18,310.24,1640.0,42.28,10.6,1.3,0,0,0,0,0,0,No Failure,267.7
8166,L18165,L,300.5,310.59,1797.7,36.79,66.2,2.67,0,0,0,0,0,0,No Failure,218.9
8167,L18166,L,301.85,312.37,1499.3,28.02,209.4,2.22,0,0,0,0,0,0,No Failure,54.5
8168,M18167,M,298.9,308.81,1406.5,36.83,20.6,2.36,0,0,0,0,0,0,No Failure,274.8
8169,L18168,L,296.46,307.56,1518.9,51.07,86.1,1.93,0,0,0,0,0,0,No Failure,185.6
8170,L18169,L,301.17,309.8,1699.9,40.79,2.0,3.46,0,0,0,0,0,0,No Failure,290.1
8171,H18170,H,298.12,307.42,1740.2,23.13,157.6,2.54,0,0,0,0,0,0,No Failure,120.0
8172,H18171,H,297.22,306.89,1291.8,49.74,235.7,2.59,0,0,0,0,0,0,No Failure,1.0
8173,L18172,L,297.36,308.08,1558.6,32.67,96.1,3.74,0,0,0,0,0,0,No Failure,184.6
8174,L18173,L,301.2,311.42,1281.3,32.15,144.2,1.95,0,0,0,0,0,0,No Failure,127.2
8175,M18174,M,300.28,312.42,1696.3,46.97,113.1,2.58,0,0,0,0,0,0,No Failure,150.8
8176,L18175,L,301.56,310.76,1613.6,37.71,243.3,2.09,0,0,0,0,0,0,No Failure,1.0
8177,L18176,L,301.34,309.94,1373.1,45.22,184.0,2.06,0,0,0,0,0,0,No Failure,56.9
8178,M18177,M,299.16,310.95,1812.6,24.3,11.1,2.68,0,0,0,0,0,0,No Failure,287.3
8179,L18178,L,299.86,308.43,1598.0,29.48,27.2,2.33,0,0,0,0,0,0,No Failure,259.3
8180,L18179,L,298.98,309.66,1578.3,26.87,117.6,3.69,0,0,0,0,0,0,No Failure,162.9
8181,L18180,L,299.58,308.6,1505.9,49.76,157.9,3.57,0,0,0,0,0,0,No Failure,93.7
8182,L18181,L,298.07,306.0,1536.6,27.54,72.6,2.4,0,0,0,0,0,0,No Failure,193.7
8183,L18182,L,300.78,310.41,1469.7,52.14,168.7,1.58,0,0,0,0,0,0,No Failure,77.0
8184,H18183,H,302.15,313.05,1405.3,35.79,144.1,2.33,0,0,0,0,0,0,No Failure,124.1
8185,L18184,L,298.37,307.15,1758.0,25.53,108.8,3.13,0,0,0,0,0,0,No Failure,169.7
8186,L18185,L,302.56,313.14,1449.8,41.0,145.6,1.97,0,0,0,0,0,0,No Failure,117.7
8187,L18186,L,300.23,310.99,1443.8,36.77,229.1,5.84,1,0,0,0,0,1,TWF,3.6
8188,H18187,H,300.48,309.21,1514.9,40.29,60.8,2.85,0,0,0,0,0,0,No Failure,218.7
8189,M18188,M,296.6,306.37,1793.0,27.32,197.8,1.8,0,0,0,0,0,0,No Failure,68.9
8190,L18189,L,296.39,307.96,1740.5,32.28,3.0,2.1,0,0,0,0,0,0,No Failure,296.4
8191,H18190,H,300.29,310.94,1467.3,35.58,21.2,2.19,0,0,0,0,0,0,No Failure,274.2
8192,L18191,L,301.58,311.32,1757.6,40.17,237.4,3.64,1,0,0,0,0,1,TWF,13.1
8193,L18192,L,298.66,309.07,1557.4,42.12,174.4,1.81,0,0,0,0,0,0,No Failure,80.4
8194,L18193,L,303.34,312.65,1387.0,44.99,158.3,2.15,0,0,0,0,0,0,No Failure,97.8
8195,L18194,L,301.47,312.58,1452.8,48.68,83.5,2.27,0,0,0,0,0,0,No Failure,191.5
8196,L18195,L,298.18,309.3,1783.8,35.48,46.1,3.28,0,0,0,0,0,0,No Failure,243.9
8197,M18196,M,300.06,310.18,1910.8,32.65,95.0,2.76,0,0,0,0,0,0,No Failure,185.9
8198,L18197,L,304.95,315.18,1595.2,36.77,149.6,2.8,0,0,0,0,0,0,No Failure,116.6
8199,M18198,M,297.51,306.52,1436.6,36.75,158.6,2.71,0,0,0,0,0,0,No Failure,105.5
8200,L18199,L,301.06,309.7,1515.6,34.59,42.4,2.02,0,0,0,0,0,0,No Failure,241.5
8201,L18200,L,299.35,308.98,1401.5,43.84,111.4,3.19,0,0,0,0,0,0,No Failure,158.6
8202,L18201,L,301.41,311.33,1427.6,49.15,141.7,2.24,0,0,0,0,0,0,No Failure,115.5
8203,H18202,H,302.53,313.6,1410.0,46.55,240.0,2.3,0,0,0,0,0,0,No Failure,1.0
8204,L18203,L,299.23,310.15,1523.8,43.33,137.4,2.73,0,0,0,0,0,0,No Failure,126.0
8205,M18204,M,302.24,312.42,1559.6,30.73,145.1,4.0,0,0,0,0,0,0,No Failure,127.4
8206,L18205,L,304.44,315.63,1511.5,43.36,191.3,2.16,0,0,0,0,0,0,No Failure,57.7
8207,L18206,L,300.13,309.19,1498.4,37.25,104.7,1.52,0,0,0,0,0,0,No Failure,171.3
8208,L18207,L,301.57,312.65,1674.1,37.07,96.0,2.67,0,0,0,0,0,0,No Failure,182.1
8209,L18208,L,298.82,308.03,1497.0,43.95,147.7,2.91,0,0,0,0,0,0,No Failure,112.3
8210,L18209,L,300.04,311.28,1508.5,31.68,195.8,2.24,0,0,0,0,0,0,No Failure,66.0
8211,L18210,L,299.65,309.63,1506.4,40.93,159.4,5.48,0,0,0,0,1,1,RNF,14.2
8212,M18211,M,301.59,309.6,1814.2,34.73,46.5,1.74,0,0,0,0,0,0,No Failure,223.6
8213,L18212,L,302.41,313.14,1450.1,48.37,99.4,2.7,0,0,0,0,0,0,No Failure,171.0
8214,M18213,M,299.78,310.59,1644.7,32.86,128.1,3.67,0,0,0,0,0,0,No Failure,145.9
8215,L18214,L,303.07,312.61,1404.0,42.31,130.9,3.53,0,0,0,0,0,0,No Failure,135.0
8216,M18215,M,303.06,312.69,1600.6,38.67,84.9,2.68,0,0,0,0,0,0,No Failure,194.9
8217,M18216,M,301.69,311.53,1635.8,33.06,130.6,2.25,0,0,0,0,0,0,No Failure,142.8
8218,L18217,L,298.97,307.04,1732.1,30.9,168.2,2.73,0,0,0,0,0,0,No Failure,81.3
8219,L18218,L,298.78,306.41,1469.2,36.82,117.0,2.31,0,0,0,0,0,0,No Failure,129.2
8220,M18219,M,298.38,309.68,1338.6,43.93,112.8,2.12,0,0,0,0,0,0,No Failure,156.7
8221,H18220,H,301.9,311.07,1397.7,55.16,200.4,2.6,0,0,0,0,0,0,No Failure,30.9
8222,L18221,L,297.58,309.43,1710.7,34.43,189.2,3.27,0,0,0,0,0,0,No Failure,70.7
8223,L18222,L,301.35,312.72,1910.6,34.82,105.6,2.39,0,0,0,0,0,0,No Failure,171.8
8224,H18223,H,297.84,309.4,1687.4,35.78,249.0,4.44,1,0,0,0,0,1,TWF,13.7
8225,L18224,L,301.65,311.0,1312.1,43.58,16.6,2.34,0,0,0,0,0,0,No Failure,278.9
8226,M18225,M,300.03,308.43,1681.3,35.52,81.5,2.98,0,0,0,0,0,0,No Failure,188.5
8227,L18226,L,302.67,311.58,1369.1,49.21,9.2,3.01,0,0,0,0,0,0,No Failure,286.3
8228,L18227,L,302.28,311.84,1475.5,40.29,209.9,5.35,1,0,0,0,0,1,TWF,8.5
8229,M18228,M,302.87,310.5,1571.5,37.05,188.9,2.39,0,0,0,0,0,0,No Failure,40.6
8230,M18229,M,302.92,312.45,1601.6,35.82,170.9,3.16,0,0,0,0,0,0,No Failure,91.4
8231,L18230,L,300.29,310.09,1549.7,31.76,53.6,2.3,0,0,0,0,0,0,No Failure,235.9
8232,L18231,L,297.68,306.39,1430.4,49.23,176.9,3.34,0,0,0,0,0,0,No Failure,63.6
8233,M18232,M,297.89,306.85,1727.7,31.6,88.8,2.91,0,0,0,0,0,0,No Failure,193.1
8234,M18233,M,295.83,305.61,1443.6,51.85,217.1,5.83,1,0,0,0,0,1,TWF,5.8
8235,L18234,L,297.83,308.19,1762.6,35.75,49.9,2.31,0,0,0,0,0,0,No Failure,239.2
8236,M18235,M,300.14,309.25,1294.7,56.19,54.5,2.92,0,0,0,0,0,0,No Failure,226.7
8237,M18236,M,298.88,309.17,1576.6,36.66,240.1,5.13,1,0,0,0,0,1,TWF,13.0
8238,M18237,M,299.64,309.78,1318.5,40.37,129.3,3.15,0,0,0,0,0,0,No Failure,138.6
8239,M18238,M,300.99,311.03,1388.7,50.51,111.6,2.71,0,0,0,0,0,0,No Failure,153.7
8240,L18239,L,299.39,308.74,1446.2,37.56,87.9,3.17,0,0,0,0,0,0,No Failure,191.7
8241,M18240,M,297.76,306.42,1810.2,42.14,207.8,3.67,1,0,0,0,0,1,TWF,10.4
8242,M18241,M,299.89,311.59,1772.1,37.91,88.2,2.47,0,0,0,0,0,0,No Failure,191.3
8243,L18242,L,298.2,308.83,1694.5,45.66,89.0,1.61,0,0,0,0,0,0,No Failure,184.9
8244,L18243,L,299.46,310.46,1544.0,32.03,30.8,2.34,0,0,0,0,0,0,No Failure,263.1
8245,L18244,L,302.69,312.6,1571.7,44.87,130.2,1.99,0,0,0,0,0,0,No Failure,133.9
8246,M18245,M,299.46,309.29,1764.7,28.8,230.9,5.51,1,0,0,0,0,1,TWF,7.9
8247,L18246,L,303.54,314.03,1663.5,19.29,239.4,5.17,1,0,1,0,0,1,TWF,13.4
8248,M18247,M,302.86,311.03,1541.2,45.2,248.9,5.8,1,0,0,0,0,1,TWF,10.2
8249,H18248,H,298.84,307.73,1804.1,33.21,118.3,2.97,0,0,0,0,0,0,No Failure,155.3
8250,M18249,M,297.78,306.98,1683.8,42.37,193.7,2.56,0,0,0,0,0,0,No Failure,55.7
8251,H18250,H,299.89,309.44,1581.4,38.59,138.1,2.42,0,0,0,0,0,0,No Failure,129.1
8252,H18251,H,302.31,311.43,1455.8,41.36,137.0,1.8,0,0,0,0,0,0,No Failure,128.1
8253,L18252,L,299.02,309.35,1439.7,52.16,201.6,1.35,0,0,0,0,0,0,No Failure,33.7
8254,M18253,M,301.82,311.9,1477.8,41.43,208.8,1.6,0,0,0,0,0,0,No Failure,37.9
8255,L18254,L,302.42,313.81,1619.8,33.71,4.9,2.1,0,0,0,0,0,0,No Failure,294.0
8256,H18255,H,298.45,310.93,1687.6,34.93,235.7,3.05,0,0,0,0,0,0,No Failure,13.6
8257,L18256,L,298.65,307.39,1279.5,48.0,205.7,1.76,0,0,0,0,0,0,No Failure,28.2
8258,H18257,H,301.43,311.57,1189.6,30.53,180.3,2.01,0,0,0,0,0,0,No Failure,85.9
8259,M18258,M,300.3,310.45,1367.7,47.31,213.0,2.22,0,0,0,0,0,0,No Failure,25.0
8260,M18259,M,298.63,308.61,1465.0,50.47,134.3,3.27,0,0,0,0,0,0,No Failure,124.0
8261,L18260,L,299.3,308.21,1752.1,33.9,193.3,2.48,0,0,0,0,0,0,No Failure,64.7
8262,L18261,L,299.86,308.94,1487.8,37.38,149.7,2.58,0,0,0,0,0,0,No Failure,115.9
8263,M18262,M,296.87,307.11,1583.6,40.6,135.7,2.75,0,0,0,0,0,0,No Failure,130.4
8264,L18263,L,301.53,310.59,1612.8,49.41,52.9,3.34,0,0,0,0,0,0,No Failure,227.6
8265,H18264,H,299.04,309.2,1354.8,47.57,211.9,4.15,1,0,0,0,0,1,TWF,12.5
8266,L18265,L,294.43,304.19,1799.3,34.85,221.0,1.44,0,0,0,0,0,0,No Failure,31.6
8267,M18266,M,299.95,310.09,1419.0,39.55,242.8,5.47,1,0,0,0,0,1,TWF,12.9
8268,L18267,L,298.52,307.56,1817.2,25.53,30.1,3.36,0,0,0,0,0,0,No Failure,265.2
8269,M18268,M,303.38,313.54,1515.4,39.76,72.9,2.88,0,0,0,0,0,0,No Failure,209.3
8270,M18269,M,298.83,307.95,1477.6,40.9,171.4,2.63,0,0,0,0,0,0,No Failure,85.5
8271,L18270,L,297.8,307.97,1339.2,31.28,213.8,5.68,1,0,0,0,0,1,TWF,3.7
8272,L18271,L,301.02,312.36,1573.3,33.05,187.8,1.4,0,0,0,0,0,0,No Failure,74.0
8273,L18272,L,298.68,308.94,1941.5,39.02,113.9,1.31,0,0,0,0,0,0,No Failure,158.8
8274,M18273,M,298.44,308.76,1612.0,35.41,181.5,3.04,0,0,0,0,0,0,No Failure,79.0
8275,M18274,M,301.02,311.84,1586.4,20.63,18.0,6.37,0,0,1,0,0,1,PWF,8.4
8276,M18275,M,297.92,306.52,1418.7,53.5,165.6,2.12,0,0,0,0,0,0,No Failure,71.8
8277,M18276,M,297.09,308.8,1644.0,30.26,2.0,2.62,0,0,0,0,0,0,No Failure,297.6
8278,L18277,L,303.45,312.4,1566.2,35.02,11.9,2.87,0,0,0,0,0,0,No Failure,284.4
8279,L18278,L,301.16,312.04,1526.8,46.73,189.3,3.5,0,0,0,0,0,0,No Failure,56.2
8280,L18279,L,299.47,310.22,1626.6,31.69,119.4,2.45,0,0,0,0,0,0,No Failure,157.3
8281,L18280,L,299.99,309.09,1213.0,35.68,14.9,2.94,0,0,0,0,0,0,No Failure,281.8
8282,H18281,H,301.01,312.02,1520.0,41.0,120.5,3.7,0,0,0,0,0,0,No Failure,149.1
8283,H18282,H,301.95,312.44,1323.7,50.9,15.7,2.33,0,0,0,0,0,0,No Failure,279.4
8284,L18283,L,298.49,310.38,1543.2,35.6,86.5,2.54,0,0,0,0,0,0,No Failure,194.5
8285,M18284,M,300.73,310.93,1408.4,41.74,39.3,1.84,0,0,0,0,0,0,No Failure,250.6
8286,H18285,H,298.99,308.88,1420.6,33.98,54.8,1.87,0,0,0,0,0,0,No Failure,233.7
8287,L18286,L,299.62,309.11,1299.3,39.21,48.9,3.03,0,0,0,0,0,0,No Failure,239.3
8288,L18287,L,300.32,308.58,1737.7,32.28,92.9,3.22,0,0,0,0,0,0,No Failure,173.7
8289,L18288,L,299.99,309.67,1416.7,46.89,27.0,3.2,0,0,0,0,0,0,No Failure,265.2
8290,M18289,M,301.47,311.2,1426.3,42.75,131.9,1.88,0,0,0,0,0,0,No Failure,133.4
8291,H18290,H,300.97,311.24,1812.0,40.25,101.8,2.38,0,0,0,0,0,0,No Failure,173.0
8292,M18291,M,296.98,305.56,1639.7,48.17,210.0,4.41,1,0,0,0,0,1,TWF,1.0
8293,L18292,L,297.28,307.05,1173.8,57.32,206.5,3.95,1,0,0,1,0,1,TWF,1.2
8294,L18293,L,299.26,309.84,1786.0,22.47,206.1,2.77,0,0,0,0,0,0,No Failure,65.4
8295,M18294,M,303.66,314.33,1833.0,30.75,117.4,3.63,0,0,0,0,0,0,No Failure,160.4
8296,H18295,H,298.3,306.44,1816.2,39.17,72.7,3.18,0,0,0,0,0,0,No Failure,192.6
8297,M18296,M,299.58,310.29,1657.6,35.36,103.9,1.05,0,0,0,0,0,0,No Failure,173.6
8298,M18297,M,298.93,308.68,1340.8,33.41,171.8,2.74,0,0,0,0,0,0,No Failure,92.8
8299,L18298,L,298.89,308.71,1529.2,35.37,132.4,2.63,0,0,0,0,0,0,No Failure,138.7
8300,H18299,H,300.36,307.99,1278.7,31.01,156.1,4.17,0,1,0,0,0,1,HDF,2.5
8301,M18300,M,302.8,314.3,1383.0,41.44,173.4,2.56,0,0,0,0,0,0,No Failure,82.3
8302,L18301,L,300.91,311.09,1339.2,40.01,229.6,2.3,0,0,0,0,0,0,No Failure,13.9
8303,M18302,M,298.39,306.86,1425.8,39.56,236.0,2.96,1,0,0,0,0,1,TWF,5.8
8304,L18303,L,305.51,315.88,1567.3,46.55,210.1,5.45,1,0,0,0,0,1,TWF,7.7
8305,L18304,L,300.16,310.5,1458.4,31.82,16.3,2.88,0,0,0,0,0,0,No Failure,280.5
8306,L18305,L,298.85,310.07,1450.7,36.33,244.8,4.12,1,0,0,0,0,1,TWF,11.7
8307,L18306,L,302.82,312.51,1485.9,32.39,175.9,3.26,0,0,0,0,0,0,No Failure,89.0
8308,L18307,L,299.06,309.07,1806.4,40.71,173.3,1.52,0,0,0,0,0,0,No Failure,83.2
8309,L18308,L,303.33,312.68,1925.3,39.08,5.8,1.46,0,0,0,0,0,0,No Failure,292.8
8310,M18309,M,298.26,308.86,1457.3,43.69,119.8,2.55,0,0,0,0,0,0,No Failure,147.9
8311,L18310,L,302.86,312.08,1598.2,39.7,156.6,2.09,0,0,0,0,0,0,No Failure,105.1
8312,L18311,L,300.4,309.51,1387.4,34.84,69.6,3.08,0,0,0,0,0,0,No Failure,215.4
8313,L18312,L,302.58,312.51,1675.4,37.21,20.8,2.24,0,0,0,0,0,0,No Failure,274.4
8314,M18313,M,303.8,312.58,1452.7,33.45,133.1,3.31,0,0,0,0,0,0,No Failure,135.0
8315,L18314,L,297.73,309.34,1410.7,42.82,111.6,2.07,0,0,0,0,0,0,No Failure,159.0
8316,L18315,L,302.55,314.48,1896.3,29.24,11.0,2.59,0,0,0,0,0,0,No Failure,287.0
8317,H18316,H,297.18,306.73,1295.3,42.16,129.9,1.31,0,0,0,0,0,0,No Failure,136.5
8318,M18317,M,297.91,306.52,1100.0,54.74,26.9,2.47,0,0,0,0,0,0,No Failure,256.3
8319,H18318,H,298.39,308.73,1669.5,40.68,106.1,2.54,0,0,0,0,0,0,No Failure,167.3
8320,L18319,L,301.01,310.53,1472.2,53.18,67.6,3.23,0,0,0,0,0,0,No Failure,208.3
8321,L18320,L,300.07,311.24,1422.4,46.04,242.6,4.25,1,0,0,1,0,1,TWF,6.5
8322,M18321,M,299.67,308.88,2027.0,45.55,8.7,5.16,0,0,1,0,0,1,PWF,12.6
8323,L18322,L,300.29,310.84,1668.7,37.36,140.0,3.37,0,0,0,0,0,0,No Failure,127.8
8324,L18323,L,301.18,311.3,1527.5,51.77,38.0,3.45,0,0,0,0,0,0,No Failure,247.1
8325,L18324,L,301.34,310.66,1411.3,45.56,79.8,2.0,0,0,0,0,0,0,No Failure,197.8
8326,H18325,H,302.19,312.43,1617.8,38.77,46.0,2.09,0,0,0,0,0,0,No Failure,243.1
8327,L18326,L,303.64,314.52,1227.8,47.69,248.8,3.8,1,0,0,1,0,1,TWF,14.8
8328,H18327,H,299.96,310.04,1445.6,43.6,8.1,1.23,0,0,0,0,0,0,No Failure,289.7
8329,H18328,H,298.96,309.06,1531.4,42.2,135.3,2.27,0,0,0,0,0,0,No Failure,129.5
8330,L18329,L,301.23,310.35,1576.2,28.14,152.0,2.11,0,0,0,0,0,0,No Failure,121.7
8331,M18330,M,297.71,308.86,1512.5,44.57,193.0,3.74,0,0,0,0,0,0,No Failure,54.0
8332,M18331,M,298.64,309.69,1413.9,32.05,156.5,2.71,0,0,0,0,0,0,No Failure,112.6
8333,H18332,H,302.0,311.59,1702.8,40.14,57.8,2.37,0,0,0,0,0,0,No Failure,227.9
8334,L18333,L,299.75,309.63,1242.4,52.49,149.5,2.89,0,0,0,0,0,0,No Failure,102.2
8335,M18334,M,297.58,309.0,1488.3,50.26,243.7,6.38,1,0,0,1,0,1,TWF,1.6
8336,L18335,L,297.02,305.89,1445.3,35.48,212.1,3.23,0,0,0,0,0,0,No Failure,38.9
8337,H18336,H,300.1,310.7,1719.1,27.99,113.4,2.66,0,0,0,0,0,0,No Failure,167.1
8338,L18337,L,302.28,311.73,1455.9,48.96,119.4,2.49,0,0,0,0,0,0,No Failure,144.7
8339,L18338,L,302.26,314.04,1616.3,29.6,33.2,2.59,0,0,0,0,0,0,No Failure,260.7
8340,M18339,M,300.22,310.29,1597.6,29.34,142.5,2.46,0,0,0,0,0,0,No Failure,131.8
8341,H18340,H,304.02,315.28,1209.5,51.07,70.1,2.18,0,0,0,0,0,0,No Failure,207.9
8342,M18341,M,299.79,309.03,1526.2,38.99,27.0,3.13,0,0,0,0,0,0,No Failure,266.5
8343,L18342,L,299.72,308.47,1226.1,50.03,118.6,2.38,0,0,0,0,0,0,No Failure,140.0
8344,L18343,L,294.87,304.63,1600.9,41.24,11.3,1.89,0,0,0,0,0,0,No Failure,285.9
8345,H18344,H,299.11,309.37,1407.3,46.44,30.0,2.51,0,0,0,0,0,0,No Failure,261.4
8346,M18345,M,301.7,311.19,1750.4,33.73,54.8,2.93,0,0,0,0,0,0,No Failure,233.9
8347,H18346,H,303.13,313.89,1505.6,40.19,247.7,5.11,1,0,0,0,0,1,TWF,14.2
8348,L18347,L,298.34,308.13,1400.2,42.38,202.1,2.34,0,0,0,0,0,0,No Failure,45.2
8349,L18348,L,300.92,308.84,1752.8,34.48,135.4,2.02,0,0,0,0,0,0,No Failure,114.2
8350,M18349,M,302.09,312.65,1381.9,33.71,58.1,3.81,0,0,0,0,0,0,No Failure,229.8
8351,H18350,H,300.02,309.14,1698.2,40.63,129.7,2.56,0,0,0,0,0,0,No Failure,137.8
8352,L18351,L,295.43,305.07,1621.7,44.34,162.2,3.43,0,0,0,0,0,0,No Failure,93.5
8353,H18352,H,300.49,312.05,1472.6,45.21,1.1,2.65,0,0,0,0,0,0,No Failure,298.5
8354,M18353,M,301.52,313.3,1298.9,50.12,247.0,4.28,0,0,0,1,0,1,OSF,8.7
8355,L18354,L,298.11,307.53,1760.3,27.15,156.7,2.46,0,0,0,0,0,0,No Failure,117.1
8356,L18355,L,299.49,310.07,1627.6,26.96,247.1,4.38,1,0,0,0,0,1,TWF,9.4
8357,L18356,L,297.69,307.14,1399.8,48.68,117.3,2.46,0,0,0,0,0,0,No Failure,147.6
8358,M18357,M,294.86,304.57,1581.8,38.13,155.9,2.11,0,0,0,0,0,0,No Failure,107.5
8359,L18358,L,302.05,311.45,1718.1,36.11,115.4,2.49,0,0,0,0,0,0,No Failure,159.0
8360,L18359,L,299.99,308.27,1558.1,40.01,2.4,1.53,0,0,0,0,0,0,No Failure,282.6
8361,H18360,H,303.2,313.29,1580.7,39.76,212.5,2.6,0,0,0,0,0,0,No Failure,35.5
8362,L18361,L,301.71,312.0,1722.7,39.35,112.3,1.78,0,0,0,0,0,0,No Failure,160.6
8363,L18362,L,299.29,308.62,1813.2,32.42,117.7,2.56,0,0,0,0,0,0,No Failure,158.8
8364,L18363,L,299.83,310.92,1516.6,26.23,90.0,2.69,0,0,0,0,0,0,No Failure,195.5
8365,M18364,M,301.13,310.7,1298.6,51.02,108.2,3.35,0,0,0,0,0,0,No Failure,157.9
8366,M18365,M,301.93,311.3,1304.8,50.03,181.4,2.69,0,0,0,0,0,0,No Failure,62.8
8367,L18366,L,300.65,311.17,1414.3,33.36,175.2,2.34,0,0,0,0,0,0,No Failure,88.9
8368,M18367,M,302.21,310.67,1370.7,35.61,202.1,4.34,0,1,0,0,0,1,HDF,6.7
8369,M18368,M,299.41,310.31,1236.8,54.69,243.7,4.48,1,0,0,1,0,1,TWF,3.2
8370,L18369,L,298.01,307.6,1868.8,39.94,97.8,2.44,0,0,0,0,0,0,No Failure,178.2
8371,L18370,L,299.87,310.86,1632.5,18.11,84.7,4.99,0,0,1,0,0,1,PWF,5.1
8372,L18371,L,300.41,311.7,1444.2,44.63,123.4,2.59,0,0,0,0,0,0,No Failure,142.7
8373,L18372,L,297.6,308.24,1532.2,37.62,38.6,1.39,0,0,0,0,0,0,No Failure,252.5
8374,M18373,M,297.33,306.51,1218.2,49.77,189.5,2.55,0,0,0,0,0,0,No Failure,52.4
8375,M18374,M,300.89,309.64,1745.2,35.3,145.3,2.03,0,0,0,0,0,0,No Failure,118.1
8376,L18375,L,299.19,307.75,1189.0,45.13,52.8,5.61,0,1,0,0,0,1,HDF,13.5
8377,L18376,L,299.67,310.77,1629.3,41.39,216.0,3.7,0,0,0,0,0,0,No Failure,29.0
8378,L18377,L,299.28,309.15,1208.9,44.81,154.8,2.21,0,0,0,0,0,0,No Failure,102.6
8379,M18378,M,303.04,312.44,1463.9,46.22,8.5,2.97,0,0,0,0,0,0,No Failure,289.1
8380,L18379,L,302.52,312.39,1760.4,40.87,49.1,3.13,0,0,0,0,0,0,No Failure,238.5
8381,M18380,M,297.53,308.61,1245.5,42.07,222.8,3.01,0,0,0,0,0,0,No Failure,19.6
8382,L18381,L,298.93,309.71,1511.4,33.76,95.3,2.72,0,0,0,0,0,0,No Failure,184.9
8383,M18382,M,301.7,312.14,1650.4,37.15,246.1,1.84,0,0,0,0,0,0,No Failure,1.0
8384,H18383,H,301.2,311.84,1621.1,47.54,132.4,2.11,0,0,0,0,0,0,No Failure,128.1
8385,L18384,L,299.92,310.1,1550.6,34.55,52.0,1.8,0,0,0,0,0,0,No Failure,237.0
8386,L18385,L,297.72,308.03,1626.7,34.06,148.5,2.29,0,0,0,0,0,0,No Failure,120.4
8387,H18386,H,298.63,308.86,1428.7,44.24,25.6,2.3,0,0,0,0,0,0,No Failure,267.4
8388,L18387,L,298.97,308.97,1884.0,36.45,201.9,1.95,0,0,0,0,0,0,No Failure,52.8
8389,M18388,M,300.55,311.31,1249.7,51.7,157.0,2.83,0,0,0,0,0,0,No Failure,93.1
8390,L18389,L,303.41,313.77,1746.0,34.59,241.0,4.03,1,0,0,0,0,1,TWF,10.1
8391,M18390,M,298.63,307.75,1571.9,36.03,172.5,2.28,0,0,0,0,0,0,No Failure,89.2
8392,L18391,L,297.95,308.48,1648.5,38.72,12.3,1.56,0,0,0,0,0,0,No Failure,284.8
8393,H18392,H,299.78,310.03,1680.2,13.31,119.1,5.68,0,0,1,0,0,1,PWF,5.7
8394,M18393,M,302.06,312.67,1637.5,49.73,132.8,2.44,0,0,0,0,0,0,No Failure,121.3
8395,M18394,M,297.11,307.0,1392.8,41.78,229.2,2.14,0,0,0,0,0,0,No Failure,11.9
8396,M18395,M,302.91,313.72,1486.8,41.63,108.1,2.73,0,0,0,0,0,0,No Failure,164.2
8397,M18396,M,299.66,309.59,1278.2,61.64,148.4,2.57,0,0,0,0,0,0,No Failure,92.8
8398,L18397,L,298.53,309.26,1484.6,35.23,46.5,2.85,0,0,0,0,0,0,No Failure,243.4
8399,H18398,H,296.8,306.34,1595.7,53.93,61.2,5.64,0,0,1,0,0,1,PWF,10.9
8400,H18399,H,301.41,311.03,1646.7,41.61,137.1,2.93,0,0,0,0,0,0,No Failure,127.7
8401,L18400,L,299.66,310.26,1608.1,40.44,174.2,3.5,0,0,0,0,0,0,No Failure,82.4
8402,H18401,H,300.34,310.01,1223.8,53.53,108.9,2.58,0,0,0,0,0,0,No Failure,155.3
8403,M18402,M,298.2,310.4,1437.4,35.85,108.2,1.93,0,0,0,0,0,0,No Failure,168.0
8404,M18403,M,299.36,309.93,1419.5,30.73,64.0,2.24,0,0,0,0,0,0,No Failure,223.9
8405,L18404,L,299.03,309.05,1303.5,37.77,174.5,2.26,0,0,0,0,0,0,No Failure,84.9
8406,L18405,L,299.8,310.62,1388.4,50.83,1.4,1.95,0,0,0,0,0,0,No Failure,298.2
8407,L18406,L,298.66,308.18,1538.2,32.46,128.2,0.99,0,0,0,0,0,0,No Failure,146.2
8408,L18407,L,296.93,307.85,1791.1,21.92,0.9,2.64,0,0,0,0,0,0,No Failure,299.0
8409,M18408,M,305.46,316.35,1367.4,43.32,148.4,2.52,0,0,0,0,0,0,No Failure,112.1
8410,L18409,L,297.27,308.53,1335.9,48.94,7.7,3.65,0,0,0,0,0,0,No Failure,289.9
8411,L18410,L,300.36,309.92,1430.7,42.21,235.0,6.78,1,0,0,0,0,1,TWF,3.9
8412,H18411,H,296.46,305.23,1598.4,41.78,119.5,2.91,0,0,0,0,0,0,No Failure,145.3
8413,L18412,L,296.01,305.4,1757.0,42.23,171.0,2.84,0,0,0,0,0,0,No Failure,84.6
8414,L18413,L,300.2,309.91,1522.5,43.41,213.4,2.0,0,0,0,0,0,0,No Failure,29.6
8415,L18414,L,300.35,312.02,1279.2,45.83,58.9,2.61,0,0,0,0,0,0,No Failure,224.5
8416,L18415,L,302.52,314.72,1317.3,41.74,135.0,2.43,0,0,0,0,0,0,No Failure,130.3
8417,M18416,M,300.8,311.14,1571.7,43.57,215.9,2.59,0,0,0,0,0,0,No Failure,26.3
8418,M18417,M,299.7,309.71,1716.2,36.89,134.4,2.04,0,0,0,0,0,0,No Failure,135.0
8419,M18418,M,298.1,307.75,1863.0,26.18,98.2,2.75,0,0,0,0,0,0,No Failure,186.0
8420,L18419,L,303.0,313.82,1326.4,54.35,92.2,1.68,0,0,0,0,0,0,No Failure,176.9
8421,M18420,M,301.86,314.05,1563.0,40.22,96.0,4.32,0,0,0,0,0,0,No Failure,180.2
8422,L18421,L,297.51,309.29,1353.7,48.89,153.9,3.37,0,0,0,0,0,0,No Failure,99.8
8423,L18422,L,300.08,311.21,1377.1,40.82,11.4,3.3,0,0,0,0,0,0,No Failure,285.7
8424,L18423,L,300.29,311.41,1362.0,51.97,103.8,1.73,0,0,0,0,0,0,No Failure,162.9
8425,L18424,L,299.31,310.14,1478.2,29.49,140.1,1.53,0,0,0,0,0,0,No Failure,134.4
8426,L18425,L,301.54,311.5,1380.1,55.2,196.6,2.66,0,0,0,0,0,0,No Failure,36.6
8427,L18426,L,301.66,310.93,1981.7,16.7,132.5,4.4,0,0,1,0,0,1,PWF,10.6
8428,H18427,H,299.62,309.6,1455.7,31.58,231.5,6.72,1,0,0,0,0,1,TWF,6.7
8429,L18428,L,299.44,309.86,1714.8,36.75,110.9,2.88,0,0,0,0,0,0,No Failure,164.0
8430,L18429,L,303.0,311.54,1419.9,38.54,162.7,2.48,0,0,0,0,0,0,No Failure,89.6
8431,L18430,L,301.87,311.71,1937.8,28.67,4.4,3.39,0,0,0,0,0,0,No Failure,294.8
8432,M18431,M,300.14,309.32,1598.7,33.81,59.6,2.61,0,0,0,0,0,0,No Failure,228.0
8433,L18432,L,296.74,307.76,1687.8,30.07,203.9,2.64,0,0,0,0,0,0,No Failure,58.4
8434,H18433,H,300.69,310.14,1432.2,44.11,146.6,3.13,0,0,0,0,0,0,No Failure,113.7
8435,H18434,H,301.4,311.72,1712.8,34.69,236.5,5.04,1,0,0,0,0,1,TWF,4.2
8436,L18435,L,294.49,303.79,1597.9,43.74,188.2,3.11,0,0,0,0,0,0,No Failure,61.1
8437,L18436,L,300.5,312.1,1470.2,41.37,112.4,2.84,0,0,0,0,0,0,No Failure,159.0
8438,L18437,L,299.17,307.47,1344.7,41.7,194.7,4.06,0,1,0,0,0,1,HDF,12.4
8439,M18438,M,299.56,310.03,1495.5,45.54,116.9,3.67,0,0,0,0,0,0,No Failure,150.3
8440,L18439,L,298.19,306.91,1480.2,27.71,82.5,2.23,0,0,0,0,0,0,No Failure,197.8
8441,L18440,L,299.7,309.19,1693.6,17.36,11.8,3.11,0,0,1,0,0,1,PWF,7.8
8442,L18441,L,302.78,312.99,1496.4,28.98,216.4,3.79,1,0,0,0,0,1,TWF,5.7
8443,M18442,M,299.11,309.36,1194.0,47.84,104.7,1.88,0,0,0,0,0,0,No Failure,164.4
8444,L18443,L,301.93,312.16,1653.7,39.02,171.3,2.62,0,0,0,0,0,0,No Failure,87.6
8445,L18444,L,298.39,308.54,1769.5,15.21,38.3,6.28,0,0,1,0,0,1,PWF,5.5
8446,M18445,M,301.52,310.88,1239.8,48.31,207.2,2.65,0,0,0,0,0,0,No Failure,31.1
8447,M18446,M,300.0,309.84,1861.0,29.76,206.1,3.45,0,0,0,0,0,0,No Failure,56.2
8448,H18447,H,300.7,310.74,1788.0,34.52,120.5,3.14,0,0,0,0,0,0,No Failure,153.9
8449,L18448,L,300.01,310.21,1425.1,28.75,168.0,0.9,0,0,0,0,0,0,No Failure,102.2
8450,M18449,M,301.28,311.22,1338.0,63.15,130.4,3.04,0,0,0,0,0,0,No Failure,110.5
8451,M18450,M,294.86,305.59,1726.5,34.98,138.1,2.15,0,0,0,0,0,0,No Failure,132.2
8452,L18451,L,297.16,307.25,1292.8,37.89,222.2,2.81,0,0,0,0,0,0,No Failure,26.0
8453,M18452,M,300.83,311.04,1418.4,43.21,241.7,4.14,1,0,0,0,0,1,TWF,13.6
8454,L18453,L,295.91,305.53,1302.6,56.53,91.9,4.17,0,0,0,0,0,0,No Failure,176.2
8455,H18454,H,298.94,307.89,1539.1,29.98,82.9,2.76,0,0,0,0,0,0,No Failure,200.7
8456,L18455,L,299.89,310.05,1800.3,22.86,76.0,2.85,0,0,0,0,0,0,No Failure,213.4
8457,M18456,M,298.34,309.55,1605.1,36.55,192.7,3.15,0,0,0,0,0,0,No Failure,64.0
8458,L18457,L,298.62,309.06,1720.2,34.65,180.7,1.61,0,0,0,0,0,0,No Failure,80.7
8459,H18458,H,300.54,309.73,1475.0,45.64,11.0,3.15,0,0,0,0,0,0,No Failure,286.0
8460,L18459,L,302.02,312.83,1555.4,48.9,22.1,2.37,0,0,0,0,0,0,No Failure,271.2
8461,H18460,H,298.08,307.75,1318.5,50.97,161.6,2.09,0,0,0,0,0,0,No Failure,87.8
8462,H18461,H,298.85,309.56,1520.7,29.74,68.7,2.99,0,0,0,0,0,0,No Failure,218.7
8463,L18462,L,298.54,308.17,1404.5,35.22,22.9,1.61,0,0,0,0,0,0,No Failure,272.1
8464,H18463,H,295.16,305.51,1509.3,34.17,103.4,3.06,0,0,0,0,0,0,No Failure,174.8
8465,H18464,H,300.28,309.76,1497.0,45.52,219.4,2.41,0,0,0,0,0,0,No Failure,19.2
8466,L18465,L,301.87,311.38,1481.7,44.74,91.6,2.44,0,0,0,0,0,0,No Failure,183.2
8467,L18466,L,302.03,310.47,1915.3,40.16,173.9,1.15,0,0,0,0,0,0,No Failure,71.2
8468,M18467,M,298.26,308.77,1854.4,36.26,225.1,3.04,0,0,0,0,0,0,No Failure,24.6
8469,L18468,L,297.5,307.87,1791.5,29.1,42.3,2.65,0,0,0,0,0,0,No Failure,250.1
8470,L18469,L,300.04,310.47,1859.3,30.89,152.4,2.22,0,0,0,0,0,0,No Failure,118.6
8471,L18470,L,301.66,311.93,1792.1,23.25,226.9,1.94,0,0,0,0,0,0,No Failure,40.6
8472,L18471,L,300.31,309.55,1534.0,43.51,48.4,2.97,0,0,0,0,0,0,No Failure,238.7
8473,L18472,L,300.58,311.54,1515.6,35.2,247.2,5.63,1,0,0,0,0,1,TWF,10.5
8474,L18473,L,302.28,313.28,1580.1,46.54,91.3,2.5,0,0,0,0,0,0,No Failure,182.6
8475,H18474,H,298.52,307.73,1500.3,44.19,54.4,1.91,0,0,0,0,0,0,No Failure,230.8
8476,M18475,M,299.56,310.09,1351.8,57.95,209.5,5.2,0,0,0,1,0,1,OSF,1.8
8477,L18476,L,303.27,314.14,1591.1,40.65,117.0,2.65,0,0,0,0,0,0,No Failure,153.8
8478,M18477,M,299.61,309.14,1257.7,50.51,167.7,3.29,0,0,0,0,0,0,No Failure,80.2
8479,M18478,M,297.47,307.17,1562.6,37.12,122.4,1.78,0,0,0,0,0,0,No Failure,149.6
8480,H18479,H,298.66,309.2,1359.9,41.43,160.9,2.07,0,0,0,0,0,0,No Failure,98.1
8481,L18480,L,298.12,306.61,1523.5,37.57,8.8,3.67,0,0,0,0,0,0,No Failure,278.9
8482,L18481,L,300.71,309.63,1572.2,45.16,87.5,2.61,0,0,0,0,0,0,No Failure,186.4
8483,H18482,H,298.21,307.22,1474.8,31.24,164.3,2.65,0,0,0,0,0,0,No Failure,104.1
8484,H18483,H,300.54,308.75,1244.3,48.66,87.7,5.33,0,1,0,0,0,1,HDF,14.6
8485,M18484,M,298.53,309.61,1325.3,33.61,193.9,3.59,0,0,0,0,0,0,No Failure,66.0
8486,M18485,M,295.75,303.77,1620.0,39.65,240.2,4.41,1,0,0,0,0,1,TWF,3.9
8487,L18486,L,300.61,310.96,1438.2,38.51,9.4,3.81,0,0,0,0,0,0,No Failure,288.4
8488,M18487,M,300.3,311.11,1638.4,40.15,213.8,2.47,0,0,0,0,0,0,No Failure,33.3
8489,L18488,L,301.04,310.74,1539.7,33.77,42.3,2.66,0,0,0,0,0,0,No Failure,249.0
8490,L18489,L,298.65,307.99,1502.6,38.13,229.3,2.54,0,0,0,0,0,0,No Failure,16.9
8491,H18490,H,298.44,308.67,1600.2,41.92,236.7,5.91,1,0,0,0,0,1,TWF,1.5
8492,L18491,L,300.8,310.8,1417.2,43.22,142.3,3.08,0,0,0,0,0,0,No Failure,119.9
8493,L18492,L,303.04,314.04,1609.7,48.07,119.8,2.41,0,0,0,0,0,0,No Failure,143.8
8494,H18493,H,300.02,307.39,1462.9,37.64,189.6,1.82,0,0,0,0,0,0,No Failure,33.9
8495,L18494,L,300.85,309.93,1992.0,26.14,229.5,4.28,1,0,0,0,0,1,TWF,12.3
8496,H18495,H,299.36,309.92,1335.0,53.6,58.1,1.7,0,0,0,0,0,0,No Failure,222.7
8497,H18496,H,296.91,306.96,1474.1,38.13,95.6,3.03,0,0,0,0,0,0,No Failure,182.0
8498,M18497,M,301.93,312.69,1481.3,37.61,104.4,2.09,0,0,0,0,0,0,No Failure,171.5
8499,L18498,L,301.82,312.08,1296.0,48.98,211.5,2.44,0,0,0,0,0,0,No Failure,24.8
8500,L18499,L,301.42,311.29,1667.9,34.83,34.2,3.2,0,0,0,0,0,0,No Failure,258.4
8501,L18500,L,299.64,309.33,1461.3,38.88,155.8,2.98,0,0,0,0,0,0,No Failure,107.0
8502,L18501,L,301.19,313.52,1112.0,49.1,87.7,2.73,0,0,0,0,0,0,No Failure,185.8
8503,L18502,L,301.79,313.32,1662.4,45.63,221.4,3.76,1,0,0,0,0,1,TWF,11.2
8504,H18503,H,303.24,313.74,1424.1,41.08,84.9,2.79,0,0,0,0,0,0,No Failure,193.6
8505,L18504,L,301.98,312.06,1519.2,35.56,244.5,4.4,1,0,0,0,0,1,TWF,7.5
8506,M18505,M,300.13,310.67,1659.2,34.08,3.9,2.8,0,0,0,0,0,0,No Failure,295.3
8507,L18506,L,297.38,308.21,1472.7,43.23,59.9,1.72,0,0,0,0,0,0,No Failure,224.2
8508,M18507,M,300.31,310.73,1471.3,51.01,114.3,3.22,0,0,0,0,0,0,No Failure,149.8
8509,H18508,H,300.51,309.76,1979.2,29.13,64.1,2.62,0,0,0,0,0,0,No Failure,224.4
8510,L18509,L,301.42,313.2,1152.5,46.02,184.3,2.49,0,0,0,0,0,0,No Failure,63.4
8511,L18510,L,302.71,312.95,1307.8,59.31,203.6,4.42,0,0,0,1,0,1,OSF,3.4
8512,M18511,M,299.81,311.82,1342.5,45.64,174.4,2.43,0,0,0,0,0,0,No Failure,76.6
8513,M18512,M,304.2,314.39,1858.2,31.55,242.6,4.83,1,0,0,0,0,1,TWF,11.9
8514,M18513,M,296.48,306.24,1422.6,42.68,114.0,3.27,0,0,0,0,0,0,No Failure,156.0
8515,L18514,L,300.84,312.22,1581.0,29.23,244.9,6.34,1,0,0,0,0,1,TWF,12.6
8516,L18515,L,298.4,308.7,1453.1,40.97,31.2,2.93,0,0,0,0,0,0,No Failure,261.0
8517,H18516,H,296.19,306.32,1646.0,41.77,211.5,5.21,1,0,0,0,0,1,TWF,10.0
8518,H18517,H,299.6,308.4,1535.7,47.61,9.6,2.31,0,0,0,0,0,0,No Failure,283.6
8519,L18518,L,297.09,307.75,1583.3,35.39,133.0,3.14,0,0,0,0,0,0,No Failure,138.1
8520,H18519,H,299.68,309.18,1768.4,35.24,121.1,1.95,0,0,0,0,0,0,No Failure,152.6
8521,L18520,L,300.07,309.62,1616.8,45.78,214.1,3.57,0,0,0,0,0,0,No Failure,25.6
8522,L18521,L,302.24,311.75,1406.4,42.92,175.2,2.93,0,0,0,0,0,0,No Failure,78.5
8523,L18522,L,296.98,307.42,1593.9,42.68,110.3,3.21,0,0,0,0,0,0,No Failure,160.8
8524,L18523,L,301.82,310.28,1970.9,33.41,223.9,6.04,1,0,0,0,0,1,TWF,4.5
8525,M18524,M,300.2,309.99,1639.1,31.95,221.5,2.43,0,0,0,0,0,0,No Failure,35.0
8526,L18525,L,302.06,313.04,1565.2,31.92,6.2,3.07,0,0,0,0,0,0,No Failure,292.6
8527,L18526,L,299.14,307.89,1292.7,53.83,217.8,3.17,1,0,0,1,0,1,TWF,11.0
8528,M18527,M,297.34,307.51,1667.7,17.26,131.6,5.08,0,0,1,0,0,1,PWF,7.2
8529,M18528,M,297.57,306.93,1694.1,30.74,209.7,2.39,0,0,0,0,0,0,No Failure,50.6
8530,M18529,M,297.42,307.01,1594.0,27.87,45.3,1.67,0,0,0,0,0,0,No Failure,246.9
8531,H18530,H,300.96,312.61,1558.4,45.93,37.8,2.88,0,0,0,0,0,0,No Failure,251.6
8532,L18531,L,302.95,311.3,2045.0,38.89,180.6,3.26,0,0,0,0,0,0,No Failure,59.9
8533,M18532,M,298.87,309.64,1691.1,30.41,68.8,1.47,0,0,0,0,0,0,No Failure,218.3
8534,M18533,M,301.26,310.78,1760.0,53.45,139.7,4.68,0,0,1,0,0,1,PWF,12.2
8535,M18534,M,296.95,306.43,1550.0,48.35,172.2,2.4,0,0,0,0,0,0,No Failure,76.6
8536,L18535,L,300.36,309.25,1514.4,41.0,152.6,2.69,0,0,0,0,0,0,No Failure,106.7
8537,L18536,L,301.34,312.09,1651.1,46.84,174.7,3.01,0,0,0,0,0,0,No Failure,73.9
8538,H18537,H,297.1,306.91,1514.3,35.13,155.1,2.33,0,0,0,0,0,0,No Failure,111.4
8539,L18538,L,299.59,309.27,1529.0,37.31,94.8,3.06,0,0,0,0,0,0,No Failure,183.5
8540,H18539,H,301.43,311.54,1620.9,40.26,22.6,2.55,0,0,0,0,0,0,No Failure,271.8
8541,M18540,M,294.13,303.96,1446.2,36.64,213.8,2.14,0,0,0,0,0,0,No Failure,37.9
8542,M18541,M,302.67,310.67,1577.5,29.05,211.5,2.64,0,0,0,0,0,0,No Failure,30.7
8543,H18542,H,300.71,310.22,1552.3,32.09,1.4,1.74,0,0,0,0,0,0,No Failure,298.3
8544,M18543,M,301.43,312.33,1711.1,33.69,210.2,2.35,0,0,0,0,0,0,No Failure,46.2
8545,L18544,L,299.17,307.67,1428.6,45.29,37.7,2.39,0,0,0,0,0,0,No Failure,241.6
8546,M18545,M,296.55,305.46,1180.0,48.48,83.2,2.14,0,0,0,0,0,0,No Failure,190.2
8547,H18546,H,301.07,310.64,1482.4,29.0,103.3,4.02,0,0,0,0,0,0,No Failure,178.2
8548,L18547,L,299.83,309.11,1609.1,40.58,169.9,3.28,0,0,0,0,0,0,No Failure,87.7
8549,L18548,L,300.06,310.04,1710.6,43.99,23.1,2.62,0,0,0,0,0,0,No Failure,270.6
8550,L18549,L,302.18,311.08,1414.0,37.81,206.7,2.76,0,0,0,0,0,0,No Failure,43.4
8551,H18550,H,301.52,311.14,1635.0,48.34,235.7,5.06,1,0,0,0,0,1,TWF,13.3
8552,L18551,L,303.84,313.79,1741.2,40.54,238.2,2.87,0,0,0,0,0,0,No Failure,2.4
8553,M18552,M,300.31,310.96,1672.5,28.5,23.0,3.44,0,0,0,0,0,0,No Failure,273.0
8554,L18553,L,298.62,309.86,1396.5,38.43,229.8,3.06,0,0,0,0,0,0,No Failure,15.8
8555,L18554,L,299.62,309.36,1415.7,40.19,142.0,1.31,0,0,0,0,0,0,No Failure,122.9
8556,M18555,M,300.83,312.72,1615.9,35.83,181.7,3.0,0,0,0,0,0,0,No Failure,78.2
8557,L18556,L,302.03,311.85,1828.9,15.74,232.6,3.89,1,0,1,0,0,1,TWF,13.7
8558,M18557,M,297.07,307.89,1540.5,33.68,165.2,2.17,0,0,0,0,0,0,No Failure,100.5
8559,M18558,M,300.02,311.95,1508.4,35.9,114.2,3.09,0,0,0,0,0,0,No Failure,160.6
8560,H18559,H,303.22,313.36,1292.8,59.64,131.3,1.38,0,0,0,0,0,0,No Failure,119.8
8561,L18560,L,299.52,308.15,1472.8,42.33,171.1,3.53,0,0,0,0,0,0,No Failure,76.8
8562,H18561,H,301.86,311.95,1410.0,36.97,236.2,2.99,0,0,0,0,0,0,No Failure,10.1
8563,M18562,M,300.99,310.37,1542.9,35.82,222.5,2.7,0,0,0,0,0,0,No Failure,28.5
8564,H18563,H,301.91,311.64,1267.2,50.32,144.3,3.0,0,0,0,0,0,0,No Failure,111.1
8565,L18564,L,298.38,310.37,1479.2,37.92,52.8,3.19,0,0,0,0,0,0,No Failure,234.9
8566,M18565,M,298.39,307.17,1357.4,40.1,86.7,2.63,0,0,0,0,0,0,No Failure,187.5
8567,H18566,H,300.04,310.34,1706.3,31.29,90.5,2.96,0,0,0,0,0,0,No Failure,192.1
8568,H18567,H,296.94,306.06,1384.2,46.7,72.3,1.91,0,0,0,0,0,0,No Failure,206.9
8569,L18568,L,299.46,309.15,1435.5,32.12,186.7,2.99,0,0,0,0,0,0,No Failure,76.4
8570,L18569,L,300.51,311.25,1588.5,30.16,209.0,2.86,0,0,0,0,0,0,No Failure,52.2
8571,L18570,L,303.57,313.89,1456.8,34.69,80.0,3.36,0,0,0,0,0,0,No Failure,203.0
8572,L18571,L,300.81,310.58,1960.3,22.88,211.5,2.6,0,0,0,0,0,0,No Failure,58.7
8573,L18572,L,301.25,310.6,1704.6,29.43,183.6,2.68,0,0,0,0,0,0,No Failure,83.1
8574,L18573,L,302.33,312.65,1541.1,45.21,110.3,1.95,0,0,0,0,0,0,No Failure,159.0
8575,H18574,H,298.07,309.78,1603.9,44.66,174.7,2.5,0,0,0,0,0,0,No Failure,77.3
8576,L18575,L,299.67,308.77,1116.4,55.65,192.3,2.87,0,0,0,0,0,0,No Failure,41.8
8577,M18576,M,304.85,316.76,1758.5,35.62,140.3,2.92,0,0,0,0,0,0,No Failure,129.0
8578,L18577,L,299.84,311.04,1629.6,32.13,110.8,3.53,0,0,0,0,0,0,No Failure,167.3
8579,L18578,L,302.23,313.6,1524.9,24.78,25.4,2.78,0,0,0,0,0,0,No Failure,270.7
8580,L18579,L,301.93,312.24,1639.3,37.61,0.3,2.44,0,0,0,0,0,0,No Failure,299.6
8581,L18580,L,297.04,308.21,1661.1,38.2,234.3,2.83,0,0,0,0,0,0,No Failure,10.6
8582,M18581,M,300.62,309.61,1463.5,36.28,66.9,2.17,0,0,0,0,0,0,No Failure,218.0
8583,H18582,H,300.29,309.63,1606.0,29.83,165.7,3.3,0,0,0,0,0,0,No Failure,103.8
8584,L18583,L,300.66,311.43,1725.7,25.85,235.8,5.29,1,0,0,0,0,1,TWF,1.5
8585,L18584,L,298.49,308.79,1619.4,38.22,204.6,2.26,0,0,0,0,0,0,No Failure,47.3
8586,L18585,L,297.77,307.62,1492.8,40.77,30.6,1.85,0,0,0,0,0,0,No Failure,261.7
8587,H18586,H,299.05,306.55,1591.1,46.07,200.5,2.55,0,0,0,0,0,0,No Failure,12.6
8588,M18587,M,299.8,309.37,1785.4,27.97,181.6,2.89,0,0,0,0,0,0,No Failure,87.1
8589,M18588,M,302.37,311.2,1678.3,33.73,82.3,3.49,0,0,0,0,0,0,No Failure,197.1
8590,M18589,M,303.63,314.13,1329.8,45.24,172.4,2.47,0,0,0,0,0,0,No Failure,79.6
8591,H18590,H,302.79,312.6,1643.0,32.67,206.5,2.37,0,0,0,0,0,0,No Failure,52.0
8592,L18591,L,301.72,311.09,1619.3,42.93,72.9,0.9,0,0,0,0,0,0,No Failure,207.9
8593,L18592,L,297.99,310.63,1746.4,43.02,217.3,5.17,1,0,0,0,0,1,TWF,5.2
8594,H18593,H,299.18,310.22,1543.9,31.12,19.7,2.52,0,0,0,0,0,0,No Failure,276.5
8595,M18594,M,300.42,311.48,1471.9,37.56,131.9,2.51,0,0,0,0,0,0,No Failure,137.7
8596,M18595,M,298.74,310.94,1293.1,55.67,58.3,3.4,0,0,0,0,0,0,No Failure,221.7
8597,M18596,M,301.15,311.96,1413.7,44.7,182.0,2.83,0,0,0,0,0,0,No Failure,67.9
8598,L18597,L,301.44,310.67,1754.2,35.02,43.7,2.25,0,0,0,0,0,0,No Failure,246.9
8599,M18598,M,301.07,310.18,1573.4,40.52,85.4,1.96,0,0,0,0,0,0,No Failure,193.3
8600,M18599,M,302.05,313.02,1520.1,44.06,31.8,1.81,0,0,0,0,0,0,No Failure,259.5
8601,L18600,L,298.19,306.13,1769.9,36.62,203.0,2.23,0,0,0,0,0,0,No Failure,30.1
8602,M18601,M,301.87,311.79,1733.0,36.12,33.1,2.72,0,0,0,0,0,0,No Failure,259.6
8603,H18602,H,298.61,306.44,1406.3,42.73,180.8,1.23,0,0,0,0,0,0,No Failure,48.2
8604,L18603,L,298.12,308.22,1753.0,43.67,176.8,2.42,0,0,0,0,0,0,No Failure,75.5
8605,L18604,L,301.06,311.92,1241.1,46.48,35.6,2.98,0,0,0,0,0,0,No Failure,254.2
8606,L18605,L,302.43,312.71,1620.3,37.04,141.5,1.88,0,0,0,0,0,0,No Failure,126.2
8607,M18606,M,300.98,311.91,1599.1,48.39,124.2,2.39,0,0,0,0,0,0,No Failure,137.8
8608,L18607,L,300.04,312.01,1743.8,36.69,148.6,1.91,0,0,0,0,0,0,No Failure,117.8
8609,M18608,M,300.62,310.48,1606.2,36.89,234.3,0.88,0,0,0,0,0,0,No Failure,12.5
8610,H18609,H,300.27,313.08,1494.2,44.57,20.1,2.02,0,0,0,0,0,0,No Failure,274.3
8611,L18610,L,297.75,307.96,1508.4,41.37,205.1,1.86,0,0,0,0,0,0,No Failure,42.7
8612,H18611,H,297.51,308.46,2020.1,24.53,215.5,2.97,0,0,0,0,0,0,No Failure,51.9
8613,H18612,H,299.84,309.23,1552.8,40.36,31.6,2.79,0,0,0,0,0,0,No Failure,260.6
8614,L18613,L,300.16,311.78,1644.9,30.82,164.0,1.87,0,0,0,0,0,0,No Failure,104.9
8615,L18614,L,300.02,311.06,1176.2,63.8,175.5,6.23,0,0,0,1,0,1,OSF,1.0
8616,H18615,H,301.35,312.82,1389.9,44.84,137.2,2.94,0,0,0,0,0,0,No Failure,125.0
8617,H18616,H,299.57,309.62,1630.9,30.22,125.7,2.35,0,0,0,0,0,0,No Failure,150.9
8618,L18617,L,301.13,309.87,1249.0,45.29,79.5,2.7,0,0,0,0,0,0,No Failure,193.3
8619,L18618,L,299.71,310.17,1636.3,41.98,172.3,1.93,0,0,0,0,0,0,No Failure,83.2
8620,L18619,L,303.65,311.95,1408.2,34.97,71.4,1.02,0,0,0,0,0,0,No Failure,199.3
8621,H18620,H,300.16,309.83,1352.9,63.39,115.0,2.55,0,0,0,0,0,0,No Failure,130.3
8622,L18621,L,304.68,314.87,1407.5,32.44,214.3,1.68,0,0,0,0,0,0,No Failure,42.9
8623,M18622,M,300.7,313.08,1811.4,39.6,22.4,2.36,0,0,0,0,0,0,No Failure,272.2
8624,H18623,H,299.57,309.89,1597.7,34.15,132.1,2.75,0,0,0,0,0,0,No Failure,140.1
8625,L18624,L,298.2,308.34,1375.0,37.97,121.5,1.33,0,0,0,0,0,0,No Failure,150.1
8626,M18625,M,297.11,307.05,1676.8,39.55,94.6,2.62,0,0,0,0,0,0,No Failure,182.4
8627,L18626,L,298.02,306.68,1686.5,32.4,149.4,3.0,0,0,0,0,0,0,No Failure,114.0
8628,H18627,H,298.24,308.33,1469.7,51.96,3.9,1.25,0,0,0,0,0,0,No Failure,294.8
8629,L18628,L,300.79,310.89,1709.7,25.28,123.1,2.92,0,0,0,0,0,0,No Failure,157.7
8630,M18629,M,298.95,307.98,1718.2,38.86,121.4,3.64,0,0,0,0,0,0,No Failure,149.5
8631,M18630,M,300.37,309.19,1690.4,33.57,129.0,2.35,0,0,0,0,0,0,No Failure,140.6
8632,L18631,L,302.56,312.08,1417.4,44.41,53.1,2.94,0,0,0,0,0,0,No Failure,232.4
8633,L18632,L,299.82,309.89,1326.9,48.82,51.9,1.9,0,0,0,0,0,0,No Failure,232.5
8634,L18633,L,304.16,313.7,1235.0,36.46,161.8,3.05,0,0,0,0,0,0,No Failure,101.9
8635,L18634,L,297.65,306.6,1420.7,43.87,23.2,2.81,0,0,0,0,0,0,No Failure,269.5
8636,H18635,H,299.7,309.99,1472.2,48.38,76.5,2.63,0,0,0,0,0,0,No Failure,200.7
8637,H18636,H,298.92,309.46,1486.7,43.62,207.7,2.6,0,0,0,0,0,0,No Failure,36.5
8638,L18637,L,301.87,311.99,1529.6,36.65,25.9,2.74,0,0,0,0,0,0,No Failure,268.2
8639,M18638,M,295.52,304.96,1848.2,22.57,117.0,2.46,0,0,0,0,0,0,No Failure,166.7
8640,M18639,M,297.11,307.71,1477.2,44.17,167.2,1.92,0,0,0,0,0,0,No Failure,87.4
8641,H18640,H,299.79,309.59,1529.3,52.37,35.4,2.41,0,0,0,0,0,0,No Failure,249.3
8642,L18641,L,303.1,311.91,1212.7,54.11,78.1,2.47,0,0,0,0,0,0,No Failure,192.1
8643,L18642,L,300.45,311.49,1936.8,39.08,139.7,1.8,0,0,0,0,0,0,No Failure,126.7
8644,L18643,L,297.3,307.65,1302.5,52.6,81.8,2.43,0,0,0,0,0,0,No Failure,191.7
8645,M18644,M,297.61,307.49,1411.5,39.76,27.5,2.46,0,0,0,0,0,0,No Failure,265.8
8646,L18645,L,303.35,311.77,1662.5,36.72,58.1,2.19,0,0,0,0,0,0,No Failure,217.3
8647,L18646,L,298.76,308.01,1582.1,44.0,27.4,2.71,0,0,0,0,0,0,No Failure,265.2
8648,L18647,L,298.11,310.13,1832.1,21.69,245.9,2.85,0,0,0,0,0,0,No Failure,21.3
8649,M18648,M,302.95,311.45,1666.9,40.56,58.9,2.1,0,0,0,0,0,0,No Failure,216.2
8650,L18649,L,302.02,311.77,1523.5,48.2,132.6,2.59,0,0,0,0,0,0,No Failure,128.0
8651,L18650,L,302.55,312.53,1724.9,34.43,107.1,3.05,0,0,0,0,0,0,No Failure,170.2
8652,L18651,L,298.1,308.42,1745.9,40.06,142.4,1.89,0,0,0,0,0,0,No Failure,122.5
8653,L18652,L,296.95,305.45,1419.8,38.38,124.5,1.5,0,0,0,0,0,0,No Failure,136.1
8654,M18653,M,300.27,310.44,1710.4,35.35,181.8,1.94,0,0,0,0,0,0,No Failure,78.7
8655,L18654,L,300.67,308.98,1498.2,38.14,218.3,2.82,0,0,0,0,0,0,No Failure,16.8
8656,L18655,L,300.73,310.83,1519.5,42.71,71.3,2.23,0,0,0,0,0,0,No Failure,209.9
8657,M18656,M,302.96,312.3,1563.6,37.64,45.9,1.76,0,0,0,0,0,0,No Failure,243.5
8658,L18657,L,296.53,305.67,1469.8,29.09,246.1,6.24,1,0,0,0,0,1,TWF,2.0
8659,L18658,L,301.72,312.55,1460.2,36.06,216.5,4.09,1,0,0,0,0,1,TWF,7.3
8660,H18659,H,297.81,307.57,1714.3,48.6,91.0,2.4,0,0,0,0,0,0,No Failure,174.6
8661,L18660,L,301.71,312.19,1264.3,51.43,223.7,6.07,1,0,0,1,0,1,TWF,11.2
8662,L18661,L,299.05,309.56,1348.0,29.83,167.6,2.9,0,0,0,0,0,0,No Failure,101.6
8663,L18662,L,298.37,309.64,1658.8,44.63,109.4,2.75,0,0,0,0,0,0,No Failure,160.6
8664,L18663,L,298.78,307.57,1525.0,31.28,218.4,4.11,1,0,0,0,0,1,TWF,13.8
8665,M18664,M,297.11,308.03,1715.5,41.23,168.8,2.83,0,0,0,0,0,0,No Failure,88.3
8666,M18665,M,300.08,310.1,1602.1,46.5,206.6,2.51,0,0,0,0,0,0,No Failure,34.3
8667,M18666,M,298.45,308.08,1299.3,46.89,104.4,2.74,0,0,0,0,0,0,No Failure,165.4
8668,L18667,L,301.57,310.42,1549.2,31.75,199.7,3.32,0,0,0,0,0,0,No Failure,58.3
8669,L18668,L,301.28,311.89,1633.7,31.72,91.7,1.78,0,0,0,0,0,0,No Failure,190.4
8670,H18669,H,303.38,312.45,1579.9,42.38,183.8,2.73,0,0,0,0,0,0,No Failure,68.3
8671,H18670,H,300.73,311.25,1454.2,33.31,108.9,2.59,0,0,0,0,0,0,No Failure,168.8
8672,L18671,L,301.04,312.97,1489.0,36.22,101.3,3.07,0,0,0,0,0,0,No Failure,176.1
8673,L18672,L,302.8,313.78,1437.7,45.32,199.2,3.57,0,0,0,0,0,0,No Failure,45.3
8674,L18673,L,298.74,310.14,1300.8,41.57,31.3,3.55,0,0,0,0,0,0,No Failure,260.7
8675,L18674,L,297.02,306.3,1276.2,56.96,232.1,5.29,0,0,0,1,0,1,OSF,1.0
8676,L18675,L,300.4,311.16,1607.8,30.05,127.2,2.14,0,0,0,0,0,0,No Failure,149.3
8677,L18676,L,297.15,306.01,1382.0,20.4,159.0,4.88,0,0,1,0,0,1,PWF,8.5
8678,M18677,M,304.91,314.67,1641.0,31.11,101.3,2.93,0,0,0,0,0,0,No Failure,179.3
8679,M18678,M,302.91,314.65,1431.5,44.09,161.5,1.73,0,0,0,0,0,0,No Failure,94.7
8680,L18679,L,304.33,313.72,1302.9,52.09,177.5,2.36,0,0,0,0,0,0,No Failure,65.6
8681,L18680,L,300.12,311.24,1465.0,38.1,217.1,2.06,0,0,0,0,0,0,No Failure,32.0
8682,H18681,H,301.1,312.12,1912.9,29.43,213.6,1.79,0,0,0,0,0,0,No Failure,47.7
8683,L18682,L,299.08,310.16,1520.9,39.23,89.5,2.65,0,0,0,0,0,0,No Failure,188.9
8684,M18683,M,301.77,310.5,1653.6,48.48,154.0,2.97,0,0,0,0,0,0,No Failure,90.8
8685,L18684,L,297.57,308.09,1568.2,40.91,195.1,2.86,0,0,0,0,0,0,No Failure,55.7
8686,M18685,M,294.91,304.76,1286.5,43.19,191.2,2.57,0,0,0,0,0,0,No Failure,58.0
8687,L18686,L,298.42,309.51,1797.4,47.74,222.7,2.29,0,0,0,0,0,0,No Failure,2.0
8688,L18687,L,297.09,305.43,1493.6,40.25,208.0,4.65,1,0,0,0,0,1,TWF,5.3
8689,L18688,L,302.96,313.32,1303.4,31.51,179.5,3.02,0,0,0,0,0,0,No Failure,85.7
8690,L18689,L,303.63,313.86,1446.3,31.78,187.2,2.19,0,0,0,0,0,0,No Failure,76.2
8691,L18690,L,297.19,305.2,1501.1,43.88,201.9,2.18,0,0,0,0,0,0,No Failure,23.8
8692,M18691,M,302.58,311.7,1672.2,23.44,209.5,5.75,1,0,0,0,0,1,TWF,12.2
8693,L18692,L,301.9,310.07,1416.1,45.85,88.2,1.91,0,0,0,0,0,0,No Failure,170.4
8694,L18693,L,296.86,306.13,2007.0,24.43,195.5,2.55,0,0,0,0,0,0,No Failure,75.2
8695,M18694,M,299.22,309.77,1370.2,52.03,237.3,5.13,0,0,0,1,0,1,OSF,7.0
8696,M18695,M,298.84,309.04,1647.5,37.59,58.2,2.1,0,0,0,0,0,0,No Failure,228.3
8697,H18696,H,301.5,311.67,1184.7,39.19,12.1,2.35,0,0,0,0,0,0,No Failure,285.0
8698,M18697,M,297.54,306.5,1515.9,45.98,18.1,2.95,0,0,0,0,0,0,No Failure,276.0
8699,L18698,L,299.8,310.92,1603.7,46.96,54.2,2.61,0,0,0,0,0,0,No Failure,230.2
8700,M18699,M,298.63,308.61,1337.6,35.92,229.9,4.49,1,0,0,0,0,1,TWF,7.7
8701,H18700,H,300.95,310.98,1806.3,27.6,31.7,2.96,0,0,0,0,0,0,No Failure,262.9
8702,H18701,H,299.57,310.51,1615.8,40.65,186.9,2.87,0,0,0,0,0,0,No Failure,66.3
8703,L18702,L,298.93,307.94,1481.1,45.28,216.8,5.34,1,0,0,0,0,1,TWF,2.6
8704,L18703,L,299.57,309.8,1613.8,53.65,219.4,6.13,0,0,1,1,0,1,PWF,14.0
8705,L18704,L,304.07,314.5,1431.8,48.14,104.2,2.4,0,0,0,0,0,0,No Failure,164.9
8706,M18705,M,299.17,308.62,1762.0,50.86,123.8,5.34,0,0,1,0,0,1,PWF,5.7
8707,M18706,M,297.92,308.57,1719.7,35.02,80.8,3.12,0,0,0,0,0,0,No Failure,201.8
8708,M18707,M,301.17,311.64,1604.8,40.07,36.8,2.81,0,0,0,0,0,0,No Failure,254.1
8709,L18708,L,299.71,309.61,1647.5,32.44,53.0,1.75,0,0,0,0,0,0,No Failure,236.4
8710,M18709,M,297.17,307.04,1273.6,43.45,33.7,2.2,0,0,0,0,0,0,No Failure,257.3
8711,H18710,H,304.46,314.99,1800.6,34.35,101.9,2.89,0,0,0,0,0,0,No Failure,176.6
8712,L18711,L,299.3,310.08,1520.2,35.39,42.6,1.21,0,0,0,0,0,0,No Failure,248.1
8713,M18712,M,299.24,309.31,1721.5,16.91,100.9,4.78,0,0,1,0,0,1,PWF,11.4
8714,L18713,L,300.32,311.44,1672.2,31.21,212.8,2.66,0,0,0,0,0,0,No Failure,46.3
8715,H18714,H,303.46,314.12,1718.7,42.45,163.6,4.14,0,0,0,0,0,0,No Failure,93.6
8716,H18715,H,296.64,304.85,1350.5,44.94,165.7,4.64,0,1,0,0,0,1,HDF,12.2
8717,M18716,M,300.55,309.15,1373.2,44.24,203.0,5.4,0,1,0,0,0,1,HDF,5.6
8718,M18717,M,304.17,315.36,1940.4,25.58,10.3,3.2,0,0,0,0,0,0,No Failure,288.1
8719,H18718,H,300.26,310.01,1266.0,49.72,198.6,2.29,0,0,0,0,0,0,No Failure,40.6
8720,L18719,L,297.53,307.69,1341.5,56.34,49.1,2.53,0,0,0,0,0,0,No Failure,233.9
8721,L18720,L,298.76,309.9,1545.7,48.62,86.5,2.55,0,0,0,0,0,0,No Failure,187.6
8722,M18721,M,300.41,310.41,1546.1,41.37,77.0,2.86,0,0,0,0,0,0,No Failure,203.4
8723,L18722,L,302.66,312.7,1441.3,35.65,26.4,1.95,0,0,0,0,0,0,No Failure,267.8
8724,L18723,L,299.32,308.45,1648.3,48.77,43.4,3.0,0,0,0,0,0,0,No Failure,239.4
8725,H18724,H,301.65,312.02,1699.5,42.72,239.1,4.28,1,0,0,0,0,1,TWF,6.9
8726,M18725,M,297.13,307.72,1534.7,28.73,150.1,3.74,0,0,0,0,0,0,No Failure,123.4
8727,L18726,L,297.11,306.53,1489.9,27.97,118.5,1.59,0,0,0,0,0,0,No Failure,161.1
8728,L18727,L,299.03,308.11,1534.0,29.14,189.4,2.05,0,0,0,0,0,0,No Failure,76.6
8729,L18728,L,302.88,315.5,1449.0,37.95,203.4,1.28,0,0,0,0,0,0,No Failure,49.1
8730,L18729,L,300.14,310.04,1234.0,54.93,27.6,4.28,0,0,0,0,0,0,No Failure,263.1
8731,L18730,L,300.58,309.9,1591.9,43.84,185.2,1.76,0,0,0,0,0,0,No Failure,64.8
8732,M18731,M,300.56,311.26,1675.1,38.2,233.1,2.96,0,0,0,0,0,0,No Failure,12.1
8733,L18732,L,302.22,312.17,1510.4,38.74,146.4,2.94,0,0,0,0,0,0,No Failure,118.7
8734,L18733,L,298.78,307.69,1132.6,69.58,153.5,1.96,0,0,0,0,0,0,No Failure,76.5
8735,L18734,L,301.38,311.86,1435.7,42.03,217.6,5.44,1,0,0,0,0,1,TWF,9.1
8736,H18735,H,298.34,307.49,1700.1,34.68,169.9,1.86,0,0,0,0,0,0,No Failure,93.9
8737,L18736,L,303.97,315.54,1280.6,43.3,248.8,3.92,1,0,0,0,0,1,TWF,10.9
8738,L18737,L,298.4,308.89,1662.6,51.57,70.7,1.56,0,0,0,0,0,0,No Failure,197.1
8739,L18738,L,298.24,307.96,1458.3,46.19,211.4,4.43,1,0,0,0,0,1,TWF,14.8
8740,M18739,M,301.1,311.21,1534.6,31.86,153.1,1.32,0,0,0,0,0,0,No Failure,116.9
8741,M18740,M,300.16,311.06,1415.2,34.33,91.4,2.74,0,0,0,0,0,0,No Failure,189.3
8742,L18741,L,300.65,310.84,1334.7,33.19,220.8,5.09,1,0,0,0,0,1,TWF,4.1
8743,L18742,L,300.45,312.58,1794.7,32.75,249.1,6.63,1,0,0,0,0,1,TWF,9.4
8744,L18743,L,297.82,308.96,1684.0,25.14,14.5,2.52,0,0,0,0,0,0,No Failure,283.3
8745,M18744,M,303.23,313.71,1653.4,28.12,231.4,5.37,1,0,0,0,0,1,TWF,3.6
8746,M18745,M,301.79,310.85,1700.6,42.76,50.8,2.81,0,0,0,0,0,0,No Failure,235.9
8747,L18746,L,302.72,312.57,1628.0,43.09,51.3,2.44,0,0,0,0,0,0,No Failure,235.1
8748,L18747,L,298.94,309.42,1707.0,45.59,10.4,3.17,0,0,0,0,0,0,No Failure,285.1
8749,L18748,L,300.83,310.01,1419.2,31.99,230.5,5.0,1,0,0,0,0,1,TWF,2.1
8750,L18749,L,300.39,311.69,1784.6,26.6,189.8,3.04,0,0,0,0,0,0,No Failure,79.1
8751,M18750,M,302.26,311.28,1768.6,29.52,13.4,1.94,0,0,0,0,0,0,No Failure,284.2
8752,L18751,L,302.32,311.68,1606.1,48.84,158.4,2.82,0,0,0,0,0,0,No Failure,91.9
8753,L18752,L,300.39,309.82,1486.4,40.8,30.0,2.98,0,0,0,0,0,0,No Failure,262.4
8754,L18753,L,296.96,307.71,1319.0,58.24,187.9,1.85,0,0,0,0,0,0,No Failure,44.4
8755,H18754,H,303.56,312.75,1578.9,42.39,102.3,2.46,0,0,0,0,0,0,No Failure,171.1
8756,H18755,H,301.11,309.31,1839.6,31.83,12.9,1.46,0,0,0,0,0,0,No Failure,268.5
8757,L18756,L,298.78,309.87,1330.2,49.12,207.4,3.86,1,0,0,0,0,1,TWF,9.9
8758,L18757,L,300.81,310.37,1720.2,22.77,143.1,2.46,0,0,0,0,0,0,No Failure,136.8
8759,L18758,L,296.98,305.91,1453.6,26.9,193.2,3.58,0,0,0,0,0,0,No Failure,73.4
8760,L18759,L,302.11,311.36,1468.9,42.66,168.6,3.63,0,0,0,0,0,0,No Failure,87.1
8761,L18760,L,297.06,308.77,1327.6,45.3,108.6,2.32,0,0,0,0,0,0,No Failure,161.1
8762,M18761,M,299.56,308.9,1403.3,56.29,174.7,1.93,0,0,0,0,0,0,No Failure,62.1
8763,M18762,M,300.49,310.37,1653.8,26.63,3.7,3.06,0,0,0,0,0,0,No Failure,295.7
8764,H18763,H,302.08,311.63,1676.0,38.41,84.9,1.3,0,0,0,0,0,0,No Failure,195.0
8765,L18764,L,300.21,308.98,1580.2,42.84,194.5,2.26,0,0,0,0,0,0,No Failure,49.6
8766,H18765,H,301.27,310.53,1448.4,43.83,190.8,2.05,0,0,0,0,0,0,No Failure,57.8
8767,M18766,M,299.94,308.64,1340.5,52.45,221.9,2.45,0,0,0,0,0,0,No Failure,1.0
8768,L18767,L,299.94,310.89,1549.1,34.31,152.8,3.33,0,0,0,0,0,0,No Failure,115.0
8769,L18768,L,300.17,310.27,1472.7,46.57,235.5,4.16,1,0,0,0,0,1,TWF,14.6
8770,L18769,L,299.62,312.1,1575.8,42.01,139.4,2.69,0,0,0,0,0,0,No Failure,124.5
8771,L18770,L,296.63,305.92,1480.5,48.69,125.1,2.71,0,0,0,0,0,0,No Failure,137.4
8772,L18771,L,298.46,307.6,1485.1,36.82,49.3,2.46,0,0,0,0,0,0,No Failure,239.5
8773,M18772,M,300.49,312.02,1566.5,30.0,194.7,2.67,0,0,0,0,0,0,No Failure,69.3
8774,L18773,L,299.5,310.56,1601.0,33.08,173.0,2.81,0,0,0,0,0,0,No Failure,91.8
8775,H18774,H,299.69,310.07,1757.1,26.71,115.2,2.59,0,0,0,0,0,0,No Failure,165.9
8776,L18775,L,299.35,308.24,1477.7,36.65,21.8,1.28,0,0,0,0,0,0,No Failure,271.0
8777,H18776,H,298.27,310.02,1635.6,34.34,31.4,1.97,0,0,0,0,0,0,No Failure,261.9
8778,L18777,L,299.01,308.94,1860.8,25.86,28.6,3.46,0,0,0,0,0,0,No Failure,266.8
8779,M18778,M,299.39,308.96,1640.4,36.63,93.9,1.8,0,0,0,0,0,0,No Failure,184.9
8780,L18779,L,300.01,311.15,1746.4,26.1,39.7,2.55,0,0,0,0,0,0,No Failure,253.9
8781,L18780,L,300.79,310.76,1426.9,41.54,215.2,2.07,0,0,0,0,0,0,No Failure,29.8
8782,H18781,H,299.64,308.47,1409.1,39.12,224.8,2.86,0,0,0,0,0,0,No Failure,17.7
8783,L18782,L,297.94,307.98,1509.5,38.9,214.2,2.38,0,0,0,0,0,0,No Failure,34.5
8784,M18783,M,297.2,306.42,1528.5,42.01,152.2,2.89,0,0,0,0,0,0,No Failure,108.4
8785,M18784,M,305.19,312.19,1729.7,31.76,149.1,2.73,0,0,0,0,0,0,No Failure,81.6
8786,L18785,L,297.74,306.86,1407.4,37.19,222.7,2.27,0,0,0,0,0,0,No Failure,26.3
8787,L18786,L,298.96,308.44,1522.1,34.84,101.6,1.16,0,0,0,0,0,0,No Failure,176.6
8788,M18787,M,301.03,309.88,1730.4,41.84,15.6,1.98,0,0,0,0,0,0,No Failure,277.3
8789,L18788,L,300.72,311.3,1576.6,46.99,117.6,1.78,0,0,0,0,0,0,No Failure,148.4
8790,M18789,M,301.04,310.26,1536.1,35.46,138.4,1.77,0,0,0,0,0,0,No Failure,131.4
8791,H18790,H,299.11,309.59,1580.7,36.88,137.4,2.8,0,0,0,0,0,0,No Failure,131.5
8792,L18791,L,300.48,309.24,1336.2,32.97,39.8,3.71,0,0,0,0,0,0,No Failure,247.5
8793,L18792,L,300.12,311.03,1333.3,43.73,195.9,1.02,0,0,0,0,0,0,No Failure,51.4
8794,M18793,M,299.38,308.1,1253.7,37.7,183.0,1.6,0,0,0,0,0,0,No Failure,69.0
8795,L18794,L,300.49,308.15,1575.0,34.68,57.5,2.64,0,0,0,0,0,0,No Failure,203.4
8796,L18795,L,302.11,313.35,1702.5,42.78,137.8,2.35,0,0,0,0,0,0,No Failure,125.9
8797,L18796,L,299.96,309.1,1675.0,25.31,197.6,2.77,0,0,0,0,0,0,No Failure,71.6
8798,M18797,M,299.97,311.73,1742.7,28.12,1.9,2.47,0,0,0,0,0,0,No Failure,297.7
8799,L18798,L,302.14,312.7,1798.3,27.09,68.8,3.29,0,0,0,0,0,0,No Failure,219.7
8800,L18799,L,301.92,312.71,1563.9,26.68,118.0,2.84,0,0,0,0,0,0,No Failure,162.6
8801,M18800,M,303.17,314.21,1526.4,45.35,211.3,3.03,0,0,0,0,0,0,No Failure,29.8
8802,L18801,L,296.49,306.6,1802.2,35.23,199.7,3.11,0,0,0,0,0,0,No Failure,57.0
8803,L18802,L,301.81,311.93,1412.5,55.14,37.7,1.78,0,0,0,0,0,0,No Failure,247.9
8804,H18803,H,301.2,312.48,1327.0,38.25,115.7,2.85,0,0,0,0,0,0,No Failure,157.1
8805,M18804,M,298.23,308.34,1477.3,28.21,76.2,2.89,0,0,0,0,0,0,No Failure,210.6
8806,H18805,H,300.5,309.77,1456.4,47.79,100.4,2.29,0,0,0,0,0,0,No Failure,170.1
8807,L18806,L,302.1,312.69,1546.7,36.27,135.2,2.29,0,0,0,0,0,0,No Failure,134.7
8808,M18807,M,298.34,306.23,1385.8,40.03,124.8,2.31,0,0,0,0,0,0,No Failure,122.1
8809,L18808,L,300.89,312.2,1604.2,47.75,35.4,1.97,0,0,0,0,0,0,No Failure,254.0
8810,L18809,L,301.74,313.08,1436.1,42.97,30.4,1.67,0,0,0,0,0,0,No Failure,261.5
8811,L18810,L,297.86,309.06,1757.8,40.46,32.6,3.79,0,0,0,0,0,0,No Failure,259.3
8812,L18811,L,299.72,310.88,1324.2,40.95,210.3,3.15,0,0,0,0,0,0,No Failure,36.7
8813,H18812,H,300.6,310.52,1513.0,34.58,5.0,2.52,0,0,0,0,0,0,No Failure,294.0
8814,L18813,L,298.41,308.3,1478.1,38.04,50.6,1.62,0,0,0,0,0,0,No Failure,237.6
8815,M18814,M,298.24,307.01,1579.3,42.68,239.0,2.83,0,0,0,0,0,0,No Failure,1.0
8816,M18815,M,299.73,311.48,1703.9,35.57,16.5,2.28,0,0,0,0,0,0,No Failure,279.9
8817,M18816,M,301.6,311.12,1585.7,41.12,9.1,2.41,0,0,0,0,0,0,No Failure,288.6
8818,L18817,L,301.29,311.63,1515.0,21.38,96.8,5.54,0,0,1,0,0,1,PWF,9.8
8819,M18818,M,298.28,308.53,1661.7,22.93,37.8,3.64,0,0,0,0,0,0,No Failure,256.9
8820,L18819,L,301.3,309.96,1688.9,20.45,141.4,1.08,0,0,0,0,0,0,No Failure,134.0
8821,L18820,L,298.33,306.58,1586.2,35.17,84.6,2.72,0,0,0,0,0,0,No Failure,182.1
8822,H18821,H,296.78,306.79,1607.4,27.54,52.2,2.6,0,0,0,0,0,0,No Failure,238.9
8823,L18822,L,299.27,308.81,1653.7,48.11,249.7,5.88,1,0,0,1,0,1,TWF,10.1
8824,L18823,L,302.25,312.16,1243.7,48.09,85.3,2.17,0,0,0,0,0,0,No Failure,189.5
8825,H18824,H,301.31,312.38,1475.2,42.19,160.3,2.5,0,0,0,0,0,0,No Failure,98.1
8826,L18825,L,300.0,310.22,1605.3,29.75,218.5,1.84,0,0,0,0,0,0,No Failure,41.5
8827,M18826,M,299.17,309.93,1485.8,32.54,230.6,5.31,1,0,0,0,0,1,TWF,8.8
8828,L18827,L,299.22,309.67,1486.4,51.22,102.5,3.1,0,0,0,0,0,0,No Failure,165.1
8829,L18828,L,300.22,309.9,1605.1,49.86,244.0,5.77,1,0,0,1,0,1,TWF,8.5
8830,L18829,L,297.86,306.86,1609.2,40.2,181.1,2.04,0,0,0,0,0,0,No Failure,74.0
8831,L18830,L,299.3,309.57,1621.6,22.78,145.8,2.66,0,0,0,0,0,0,No Failure,133.7
8832,L18831,L,299.57,309.65,1396.2,40.0,173.3,3.73,0,0,0,0,0,0,No Failure,84.0
8833,M18832,M,297.3,308.21,1284.2,48.91,90.0,2.09,0,0,0,0,0,0,No Failure,182.9
8834,M18833,M,298.32,308.17,1682.0,34.08,106.1,1.89,0,0,0,0,0,0,No Failure,171.6
8835,H18834,H,300.82,310.52,1405.1,27.86,146.6,2.68,0,0,0,0,0,0,No Failure,128.3
8836,L18835,L,300.02,309.79,1392.7,56.03,81.7,3.2,0,0,0,0,0,0,No Failure,188.4
8837,M18836,M,299.38,308.46,1376.6,37.74,192.2,2.1,0,0,0,0,0,0,No Failure,63.2
8838,M18837,M,298.18,309.62,1744.0,25.01,62.8,3.66,0,0,0,0,0,0,No Failure,227.6
8839,H18838,H,303.15,314.29,1576.0,37.86,199.2,1.95,0,0,0,0,0,0,No Failure,54.4
8840,L18839,L,298.32,307.11,1599.3,45.81,38.0,2.89,0,0,0,0,0,0,No Failure,247.0
8841,M18840,M,300.5,311.31,1661.4,39.7,54.3,2.09,0,0,0,0,0,0,No Failure,232.4
8842,H18841,H,299.02,307.18,1530.4,30.0,188.3,2.22,0,0,0,0,0,0,No Failure,60.1
8843,L18842,L,300.07,311.06,1719.3,24.53,65.8,2.99,0,0,0,0,0,0,No Failure,224.3
8844,H18843,H,300.92,310.22,1323.8,29.98,198.8,2.37,0,0,0,0,0,0,No Failure,64.5
8845,L18844,L,297.26,307.62,1343.7,42.61,196.0,1.59,0,0,0,0,0,0,No Failure,52.6
8846,M18845,M,299.99,308.06,1333.8,41.67,64.3,4.95,0,1,0,0,0,1,HDF,6.4
8847,H18846,H,302.38,311.18,1613.5,40.78,18.3,2.93,0,0,0,0,0,0,No Failure,273.2
8848,M18847,M,303.52,313.99,1628.6,32.04,41.6,2.74,0,0,0,0,0,0,No Failure,250.2
8849,L18848,L,299.74,309.04,1453.4,48.1,188.1,2.94,0,0,0,0,0,0,No Failure,56.2
8850,L18849,L,300.08,309.24,1496.4,44.68,211.7,2.14,0,0,0,0,0,0,No Failure,30.0
8851,H18850,H,304.42,315.82,1765.0,28.89,95.8,1.86,0,0,0,0,0,0,No Failure,187.2
8852,L18851,L,302.27,314.48,1413.7,45.18,41.1,2.01,0,0,0,0,0,0,No Failure,247.5
8853,L18852,L,298.77,309.7,1590.9,47.02,18.9,2.05,0,0,0,0,0,0,No Failure,275.7
8854,M18853,M,298.76,307.67,1415.3,35.67,54.0,2.47,0,0,0,0,0,0,No Failure,232.4
8855,L18854,L,301.91,313.68,1734.2,33.11,244.9,4.84,1,0,0,0,0,1,TWF,13.3
8856,L18855,L,297.98,306.42,1650.5,34.72,42.6,3.14,0,0,0,0,0,0,No Failure,237.1
8857,L18856,L,302.18,311.87,1287.6,44.09,21.5,2.81,0,0,0,0,0,0,No Failure,272.6
8858,L18857,L,300.67,310.72,1491.3,45.85,196.4,1.98,0,0,0,0,0,0,No Failure,48.2
8859,M18858,M,301.04,312.96,1165.9,57.63,153.9,2.38,0,0,0,0,0,0,No Failure,91.6
8860,M18859,M,299.49,310.4,1699.2,38.16,133.7,1.97,0,0,0,0,0,0,No Failure,134.9
8861,M18860,M,298.74,308.28,1904.5,34.02,112.0,2.41,0,0,0,0,0,0,No Failure,164.6
8862,H18861,H,302.92,311.98,1147.7,48.34,175.5,2.0,0,0,0,0,0,0,No Failure,72.3
8863,H18862,H,299.51,310.51,1282.5,49.1,174.6,3.79,0,0,0,0,0,0,No Failure,72.7
8864,M18863,M,299.18,308.64,1568.0,29.27,106.1,1.55,0,0,0,0,0,0,No Failure,174.8
8865,L18864,L,299.84,310.06,1534.7,56.45,58.6,4.5,0,0,1,0,0,1,PWF,5.3
8866,M18865,M,300.39,309.02,1464.5,50.42,210.3,2.36,0,0,0,0,0,0,No Failure,17.0
8867,L18866,L,297.94,308.51,1227.0,55.6,41.2,2.56,0,0,0,0,0,0,No Failure,244.8
8868,M18867,M,298.87,309.36,1595.9,40.45,133.5,2.56,0,0,0,0,0,0,No Failure,133.3
8869,M18868,M,298.76,307.52,1696.9,38.22,173.2,3.05,0,0,0,0,0,0,No Failure,81.3
8870,L18869,L,301.69,312.72,2047.6,17.47,159.7,2.77,0,0,0,0,0,0,No Failure,123.1
8871,H18870,H,298.23,308.78,1772.0,25.05,154.7,1.95,0,0,0,0,0,0,No Failure,121.5
8872,L18871,L,296.49,307.23,1305.5,38.02,165.6,3.14,0,0,0,0,0,0,No Failure,95.6
8873,M18872,M,296.07,305.69,1535.9,39.47,218.9,2.88,0,0,0,0,0,0,No Failure,27.9
8874,L18873,L,297.06,307.24,1644.0,34.53,91.3,3.33,0,0,0,0,0,0,No Failure,189.2
8875,H18874,H,302.72,312.79,1414.8,48.09,156.9,2.53,0,0,0,0,0,0,No Failure,96.7
8876,L18875,L,300.03,309.88,1677.6,29.01,174.2,3.15,0,0,0,0,0,0,No Failure,94.7
8877,L18876,L,301.0,311.17,1663.9,43.25,147.6,0.87,0,0,0,0,0,0,No Failure,113.1
8878,L18877,L,301.07,312.33,1759.5,28.36,225.8,2.21,0,0,0,0,0,0,No Failure,34.9
8879,L18878,L,300.11,311.19,1681.6,32.75,163.7,1.95,0,0,0,0,0,0,No Failure,103.3
8880,L18879,L,299.85,308.67,1589.0,44.03,106.1,2.92,0,0,0,0,0,0,No Failure,161.5
8881,M18880,M,302.09,313.07,1423.8,45.67,211.4,2.06,0,0,0,0,0,0,No Failure,29.2
8882,L18881,L,300.29,311.48,1306.5,37.16,122.4,3.09,0,0,0,0,0,0,No Failure,149.6
8883,L18882,L,302.8,312.65,1577.2,45.49,132.5,2.97,0,0,0,0,0,0,No Failure,130.4
8884,L18883,L,301.24,311.75,1465.7,41.56,145.6,2.14,0,0,0,0,0,0,No Failure,117.2
8885,H18884,H,298.76,309.26,1483.0,25.46,80.7,2.64,0,0,0,0,0,0,No Failure,206.7
8886,M18885,M,299.01,308.16,1738.8,28.61,180.6,2.37,0,0,0,0,0,0,No Failure,87.6
8887,M18886,M,298.55,308.16,1783.0,30.78,24.5,2.57,0,0,0,0,0,0,No Failure,270.8
8888,M18887,M,302.44,313.19,1316.9,37.38,217.2,2.95,0,0,0,0,0,0,No Failure,32.8
8889,L18888,L,299.19,308.69,1500.3,49.39,188.6,2.3,0,0,0,0,0,0,No Failure,54.0
8890,L18889,L,298.4,309.38,1460.5,38.46,88.4,1.51,0,0,0,0,0,0,No Failure,190.7
8891,L18890,L,300.64,311.94,1594.4,40.85,56.6,2.86,0,0,0,0,0,0,No Failure,229.2
8892,H18891,H,299.81,310.95,1132.3,54.43,97.0,3.14,0,0,0,0,0,0,No Failure,170.5
8893,H18892,H,300.59,312.57,1276.5,51.94,201.3,1.48,0,0,0,0,0,0,No Failure,34.4
8894,L18893,L,303.78,313.69,1517.0,51.26,7.9,2.48,0,0,0,0,0,0,No Failure,288.2
8895,L18894,L,301.83,312.0,1678.7,40.47,117.0,1.94,0,0,0,0,0,0,No Failure,153.9
8896,L18895,L,300.05,310.37,1551.5,50.87,63.5,3.18,0,0,0,0,0,0,No Failure,213.9
8897,L18896,L,297.18,307.12,1658.2,41.1,218.7,3.21,0,0,0,0,0,0,No Failure,25.9
8898,M18897,M,299.0,309.54,1573.3,39.06,103.5,2.01,0,0,0,0,0,0,No Failure,171.7
8899,L18898,L,301.42,309.71,1766.5,36.22,174.5,1.71,0,0,0,0,0,0,No Failure,72.4
8900,H18899,H,297.66,307.86,1804.0,14.88,89.5,5.8,0,0,1,0,0,1,PWF,1.0
8901,L18900,L,304.28,312.9,1401.9,39.61,82.4,1.83,0,0,0,0,0,0,No Failure,189.9
8902,H18901,H,300.03,309.07,1696.2,34.37,81.5,3.01,0,0,0,0,0,0,No Failure,201.3
8903,M18902,M,300.1,310.83,1629.0,39.9,169.5,2.42,0,0,0,0,0,0,No Failure,88.8
8904,M18903,M,298.67,308.47,1986.3,30.03,241.1,6.95,1,0,0,0,0,1,TWF,2.3
8905,M18904,M,300.99,311.69,1395.2,45.34,52.0,3.49,0,0,0,0,0,0,No Failure,233.4
8906,M18905,M,297.68,307.46,1517.1,30.29,161.0,3.43,0,0,0,0,0,0,No Failure,109.0
8907,M18906,M,304.33,315.44,1353.2,33.27,66.4,2.74,0,0,0,0,0,0,No Failure,220.1
8908,M18907,M,302.63,312.4,1363.8,35.71,137.3,1.93,0,0,0,0,0,0,No Failure,132.5
8909,M18908,M,301.97,310.01,1607.0,48.33,135.4,1.61,0,0,0,0,0,0,No Failure,103.9
8910,H18909,H,297.22,307.44,1574.8,29.22,112.5,2.86,0,0,0,0,0,0,No Failure,167.3
8911,M18910,M,300.41,308.24,1634.9,31.18,124.7,2.9,0,0,0,0,0,0,No Failure,128.0
8912,M18911,M,302.42,310.97,1631.0,37.52,220.1,2.66,0,0,0,0,0,0,No Failure,20.1
8913,H18912,H,301.19,310.3,1495.8,28.97,22.2,1.7,0,0,0,0,0,0,No Failure,273.9
8914,L18913,L,298.0,306.99,1494.6,34.04,207.6,4.48,1,0,0,0,0,1,TWF,10.9
8915,L18914,L,298.7,308.15,1364.2,48.72,115.6,2.55,0,0,0,0,0,0,No Failure,149.8
8916,L18915,L,299.1,308.05,1412.5,39.41,83.4,2.13,0,0,0,0,0,0,No Failure,195.5
8917,M18916,M,298.79,307.39,1527.8,51.06,44.3,2.03,0,0,0,0,0,0,No Failure,232.0
8918,H18917,H,303.06,314.6,1573.3,26.25,203.7,1.92,0,0,0,0,0,0,No Failure,63.4
8919,L18918,L,296.16,305.48,1665.2,33.61,148.0,2.42,0,0,0,0,0,0,No Failure,121.4
8920,M18919,M,301.31,309.08,1647.0,33.37,182.1,2.38,0,0,0,0,0,0,No Failure,55.9
8921,M18920,M,297.42,307.05,1816.7,32.96,78.7,2.0,0,0,0,0,0,0,No Failure,205.3
8922,L18921,L,298.08,306.95,1363.9,35.4,98.2,2.51,0,0,0,0,0,0,No Failure,177.9
8923,M18922,M,295.98,305.1,1496.4,36.03,228.4,5.66,1,0,0,0,0,1,TWF,12.1
8924,H18923,H,298.9,309.61,1379.5,49.02,240.3,4.27,1,0,0,0,0,1,TWF,6.8
8925,L18924,L,303.02,312.57,1766.6,32.08,185.0,1.93,0,0,0,0,0,0,No Failure,78.5
8926,M18925,M,300.53,309.38,1448.1,33.95,187.4,2.32,0,0,0,0,0,0,No Failure,70.5
8927,M18926,M,297.6,308.05,1744.7,48.95,173.6,2.51,0,0,0,0,0,0,No Failure,64.7
8928,L18927,L,302.03,313.18,1798.0,33.71,146.8,2.58,0,0,0,0,0,0,No Failure,122.7
8929,L18928,L,302.46,313.0,1612.0,41.51,148.8,1.7,0,0,0,0,0,0,No Failure,113.2
8930,H18929,H,300.21,307.75,1590.5,43.07,241.0,4.67,1,0,0,0,0,1,TWF,8.7
8931,L18930,L,304.07,312.95,1544.9,38.34,187.7,2.86,0,0,0,0,0,0,No Failure,65.7
8932,L18931,L,301.64,311.69,1481.2,34.98,163.8,2.14,0,0,0,0,0,0,No Failure,100.9
8933,L18932,L,301.37,311.12,1459.7,42.5,47.3,2.71,0,0,0,0,0,0,No Failure,240.4
8934,M18933,M,298.39,308.07,1511.6,34.79,244.3,6.0,1,0,0,0,0,1,TWF,3.5
8935,M18934,M,301.25,310.27,1864.6,34.78,130.1,2.22,0,0,0,0,0,0,No Failure,142.1
8936,M18935,M,300.43,309.03,1351.5,43.25,235.9,5.92,1,1,0,0,0,1,TWF,12.6
8937,L18936,L,301.04,313.05,1574.6,45.31,178.4,2.32,0,0,0,0,0,0,No Failure,71.9
8938,H18937,H,298.63,308.66,1665.3,28.04,10.0,2.37,0,0,0,0,0,0,No Failure,288.3
8939,L18938,L,300.26,310.9,1487.1,45.38,134.7,2.21,0,0,0,0,0,0,No Failure,127.6
8940,L18939,L,298.37,308.37,1612.5,41.51,223.2,5.29,1,0,0,0,0,1,TWF,3.5
8941,L18940,L,295.71,305.75,1268.7,45.62,12.9,3.33,0,0,0,0,0,0,No Failure,283.4
8942,L18941,L,302.0,311.93,1775.2,38.91,216.7,3.19,0,0,0,0,0,0,No Failure,31.4
8943,H18942,H,297.0,305.87,1740.5,37.41,153.3,3.02,0,0,0,0,0,0,No Failure,108.9
8944,H18943,H,300.21,308.7,1520.4,44.13,11.1,1.97,0,0,0,0,0,0,No Failure,275.6
8945,L18944,L,300.67,311.05,1380.5,47.69,93.4,2.23,0,0,0,0,0,0,No Failure,179.2
8946,H18945,H,300.65,310.84,1679.9,36.07,7.5,2.04,0,0,0,0,0,0,No Failure,290.8
8947,M18946,M,299.43,310.37,1332.5,40.86,0.4,3.12,0,0,0,0,0,0,No Failure,299.5
8948,H18947,H,300.54,311.28,1358.2,39.92,224.1,3.9,0,0,0,0,0,0,No Failure,20.8
8949,L18948,L,300.94,310.13,1528.4,37.75,187.1,2.91,0,0,0,0,0,0,No Failure,69.4
8950,M18949,M,301.47,312.6,1809.7,39.06,72.4,3.51,0,0,0,0,0,0,No Failure,210.2
8951,L18950,L,303.47,314.23,1652.7,40.73,28.4,2.77,0,0,0,0,0,0,No Failure,264.4
8952,H18951,H,300.47,311.16,1422.2,49.23,13.6,2.69,0,0,0,0,0,0,No Failure,282.3
8953,L18952,L,300.13,312.38,1236.9,56.25,229.3,4.18,0,0,0,1,0,1,OSF,1.0
8954,M18953,M,298.19,310.23,1545.4,37.31,156.4,2.87,0,0,0,0,0,0,No Failure,107.7
8955,L18954,L,300.87,311.56,1583.0,51.64,40.1,3.05,0,0,0,0,0,0,No Failure,241.5
8956,L18955,L,301.33,311.9,1525.0,38.62,170.4,3.13,0,0,0,0,0,0,No Failure,89.1
8957,M18956,M,299.62,310.7,1861.3,28.78,249.7,5.69,1,0,0,0,0,1,TWF,12.0
8958,H18957,H,301.09,310.51,1514.4,41.95,197.0,2.62,0,0,0,0,0,0,No Failure,52.1
8959,M18958,M,299.41,308.85,1129.5,56.51,111.6,2.46,0,0,0,0,0,0,No Failure,149.5
8960,H18959,H,301.34,312.02,1465.1,35.76,203.5,2.16,0,0,0,0,0,0,No Failure,51.7
8961,L18960,L,301.83,310.97,1619.4,35.94,186.1,3.03,0,0,0,0,0,0,No Failure,72.8
8962,M18961,M,301.8,312.39,1607.3,34.2,22.2,1.36,0,0,0,0,0,0,No Failure,273.2
8963,L18962,L,300.24,310.39,1506.4,40.82,231.4,4.69,1,0,0,0,0,1,TWF,9.8
8964,L18963,L,297.92,307.06,1476.7,46.2,221.0,2.17,0,0,0,0,0,0,No Failure,16.1
8965,M18964,M,298.78,308.8,1180.1,48.98,147.6,1.74,0,0,0,0,0,0,No Failure,107.9
8966,M18965,M,301.19,312.5,1553.4,42.64,127.0,3.15,0,0,0,0,0,0,No Failure,139.6
8967,M18966,M,304.9,314.98,1477.4,30.89,56.9,2.23,0,0,0,0,0,0,No Failure,232.2
8968,M18967,M,299.32,309.41,1582.6,44.14,208.6,3.03,0,0,0,0,0,0,No Failure,34.7
8969,M18968,M,300.91,311.24,1625.9,33.73,108.0,3.28,0,0,0,0,0,0,No Failure,169.6
8970,L18969,L,298.89,309.35,1760.2,30.79,144.8,2.54,0,0,0,0,0,0,No Failure,127.7
8971,L18970,L,298.05,307.72,1367.0,46.7,42.5,2.7,0,0,0,0,0,0,No Failure,245.3
8972,M18971,M,298.65,309.0,1306.4,49.1,53.5,3.24,0,0,0,0,0,0,No Failure,230.4
8973,L18972,L,295.84,304.79,1435.3,41.02,246.3,5.64,1,0,0,0,0,1,TWF,9.8
8974,L18973,L,302.71,311.91,1406.3,36.44,123.5,1.26,0,0,0,0,0,0,No Failure,148.8
8975,L18974,L,295.54,304.87,1390.3,39.8,203.9,2.25,0,0,0,0,0,0,No Failure,46.1
8976,M18975,M,299.47,309.94,1796.6,34.06,207.4,2.81,0,0,0,0,0,0,No Failure,49.1
8977,L18976,L,297.64,307.8,1564.6,41.78,245.4,4.37,1,0,0,0,0,1,TWF,8.3
8978,M18977,M,298.23,308.1,1891.1,25.97,245.7,1.9,0,0,0,0,0,0,No Failure,15.0
8979,M18978,M,302.75,313.44,1537.5,34.54,114.2,1.48,0,0,0,0,0,0,No Failure,161.5
8980,L18979,L,300.4,310.78,1328.2,47.01,237.6,5.94,0,0,0,1,0,1,OSF,7.1
8981,M18980,M,298.07,307.78,1393.3,42.48,91.4,1.99,0,0,0,0,0,0,No Failure,184.8
8982,M18981,M,298.82,307.79,1721.4,35.88,151.9,2.42,0,0,0,0,0,0,No Failure,113.8
8983,M18982,M,298.47,307.65,1335.0,26.64,205.4,5.92,1,0,0,0,0,1,TWF,2.2
8984,M18983,M,299.91,308.45,1637.9,34.57,228.4,4.75,1,0,0,0,0,1,TWF,8.7
8985,L18984,L,300.35,310.49,1474.1,46.67,131.0,1.94,0,0,0,0,0,0,No Failure,131.4
8986,M18985,M,303.79,312.93,1371.6,39.43,104.5,2.45,0,0,0,0,0,0,No Failure,170.2
8987,L18986,L,296.17,305.67,1786.2,37.0,182.1,2.17,0,0,0,0,0,0,No Failure,76.4
8988,H18987,H,299.93,309.8,1432.6,33.42,114.0,3.49,0,0,0,0,0,0,No Failure,162.6
8989,H18988,H,299.37,310.41,1389.9,32.23,168.0,2.63,0,0,0,0,0,0,No Failure,98.7
8990,M18989,M,301.89,312.82,1523.9,42.3,201.1,4.04,0,0,0,0,0,0,No Failure,46.6
8991,L18990,L,300.71,310.65,1447.0,41.08,210.3,1.71,0,0,0,0,0,0,No Failure,36.6
8992,L18991,L,301.18,312.45,1934.5,28.66,63.6,2.32,0,0,0,0,0,0,No Failure,225.2
8993,L18992,L,300.69,308.68,1727.8,40.65,142.9,2.32,0,0,0,0,0,0,No Failure,101.1
8994,L18993,L,298.14,310.01,1432.3,39.71,6.3,2.03,0,0,0,0,0,0,No Failure,292.2
8995,L18994,L,302.42,313.12,1452.9,36.87,199.4,2.29,0,0,0,0,0,0,No Failure,55.3
8996,M18995,M,301.6,311.7,1176.5,45.81,31.3,2.21,0,0,0,0,0,0,No Failure,259.9
8997,L18996,L,301.83,310.94,1562.6,31.73,217.9,1.91,0,0,0,0,0,0,No Failure,39.5
8998,H18997,H,302.53,312.09,1404.3,45.99,101.7,3.58,0,0,0,0,0,0,No Failure,169.5
8999,L18998,L,300.84,311.44,1553.8,36.43,41.8,2.45,0,0,0,0,0,0,No Failure,248.8
9000,H18999,H,302.96,313.59,1186.0,58.59,199.0,3.06,0,0,0,0,0,0,No Failure,29.3
9001,H19000,H,300.76,311.42,1533.2,18.47,50.1,5.0,0,0,1,0,0,1,PWF,14.2
9002,M19001,M,299.56,308.83,1842.1,39.03,98.6,3.36,0,0,0,0,0,0,No Failure,177.7
9003,M19002,M,299.99,309.06,1547.7,41.28,141.7,1.91,0,0,0,0,0,0,No Failure,122.3
9004,L19003,L,299.95,310.15,1399.3,42.24,90.0,3.26,0,0,0,0,0,0,No Failure,186.6
9005,M19004,M,298.96,309.73,1534.3,30.06,44.8,2.46,0,0,0,0,0,0,No Failure,247.0
9006,L19005,L,303.26,313.27,1526.5,27.69,101.5,3.72,0,0,0,0,0,0,No Failure,181.2
9007,L19006,L,300.59,312.07,1930.3,36.34,36.1,2.81,0,0,0,0,0,0,No Failure,255.9
9008,M19007,M,300.19,310.22,1478.4,42.28,179.8,1.81,0,0,0,0,0,0,No Failure,73.4
9009,L19008,L,300.78,310.78,1322.6,46.93,42.9,3.25,0,0,0,0,0,0,No Failure,244.7
9010,M19009,M,305.96,316.63,1541.8,38.2,120.6,3.2,0,0,0,0,0,0,No Failure,151.1
9011,L19010,L,297.74,308.96,1573.0,44.09,140.1,1.72,0,0,0,0,0,0,No Failure,121.9
9012,L19011,L,298.31,306.96,1638.7,32.51,236.3,5.47,1,0,0,0,1,1,TWF,12.6
9013,L19012,L,297.24,306.12,1673.3,33.5,19.6,3.46,0,0,0,0,0,0,No Failure,274.0
9014,L19013,L,299.53,309.22,1888.0,30.54,232.6,2.79,0,0,0,0,0,0,No Failure,23.7
9015,L19014,L,300.49,313.65,1431.4,40.42,52.1,1.92,0,0,0,0,0,0,No Failure,235.0
9016,L19015,L,299.07,308.81,1415.1,51.76,210.2,3.11,0,0,0,0,0,0,No Failure,22.8
9017,L19016,L,298.92,308.8,1206.1,40.97,22.6,2.9,0,0,0,0,0,0,No Failure,271.7
9018,H19017,H,300.28,310.9,1656.4,22.54,247.2,2.36,0,0,0,0,0,0,No Failure,18.5
9019,L19018,L,299.0,309.97,1379.2,33.33,201.9,2.22,0,0,0,0,0,0,No Failure,56.7
9020,M19019,M,300.62,310.79,1697.6,40.13,15.7,2.9,0,0,0,0,0,0,No Failure,280.4
9021,L19020,L,302.23,313.39,1450.0,40.67,53.5,1.95,0,0,0,0,0,0,No Failure,233.1
9022,H19021,H,301.35,310.16,1846.9,21.3,137.1,2.62,0,0,0,0,0,0,No Failure,141.0
9023,L19022,L,301.76,311.0,1281.4,47.52,130.9,3.22,0,0,0,0,0,0,No Failure,130.8
9024,L19023,L,302.17,313.33,1721.1,32.59,157.3,3.41,0,0,0,0,0,0,No Failure,111.1
9025,M19024,M,300.57,310.58,1699.8,39.21,115.9,2.18,0,0,0,0,0,0,No Failure,156.2
9026,L19025,L,299.68,308.42,1632.3,42.32,183.5,1.55,0,0,0,0,0,0,No Failure,63.4
9027,M19026,M,298.46,307.13,1338.0,62.47,87.1,2.08,0,0,0,0,0,0,No Failure,165.4
9028,L19027,L,299.22,308.41,1633.1,28.47,44.1,2.99,0,0,0,0,0,0,No Failure,248.2
9029,H19028,H,298.95,308.95,1560.7,25.4,8.4,2.06,0,0,0,0,0,0,No Failure,290.2
9030,L19029,L,301.46,311.93,1210.4,53.69,81.2,3.15,0,0,0,0,0,0,No Failure,192.0
9031,L19030,L,300.69,310.36,1816.9,39.93,106.7,2.05,0,0,0,0,0,0,No Failure,167.1
9032,M19031,M,301.39,311.78,1476.1,31.72,164.8,2.17,0,0,0,0,0,0,No Failure,103.1
9033,L19032,L,297.68,307.24,1803.1,24.35,201.6,2.4,0,0,0,0,0,0,No Failure,68.2
9034,H19033,H,302.86,314.09,1525.9,41.73,60.0,3.07,0,0,0,0,0,0,No Failure,224.6
9035,L19034,L,299.15,311.7,1713.8,47.01,123.3,1.55,0,0,0,0,0,0,No Failure,136.7
9036,M19035,M,297.8,307.41,1384.1,37.21,58.4,2.67,0,0,0,0,0,0,No Failure,228.2
9037,L19036,L,299.12,309.6,1576.4,38.67,237.8,5.87,1,0,0,0,0,1,TWF,9.8
9038,H19037,H,304.97,315.37,1563.8,25.07,161.9,1.91,0,0,0,0,0,0,No Failure,113.1
9039,M19038,M,299.22,309.36,1480.1,39.15,169.5,2.71,0,0,0,0,0,0,No Failure,89.7
9040,L19039,L,299.35,310.0,1382.4,42.61,132.8,2.39,0,0,0,0,0,0,No Failure,132.4
9041,L19040,L,299.62,310.09,1100.0,64.82,70.5,1.82,0,0,0,0,0,0,No Failure,201.4
9042,L19041,L,299.7,309.23,1386.6,38.32,50.1,2.46,0,0,0,0,0,0,No Failure,238.1
9043,H19042,H,298.44,309.75,1663.4,40.88,164.2,1.87,0,0,0,0,0,0,No Failure,94.5
9044,L19043,L,300.29,310.49,1288.3,41.17,230.4,2.12,0,0,0,0,0,0,No Failure,11.2
9045,L19044,L,302.15,311.77,1325.3,45.9,53.2,3.03,0,0,0,0,0,0,No Failure,231.7
9046,L19045,L,300.63,313.07,1281.2,61.37,142.9,2.31,0,0,0,0,0,0,No Failure,100.7
9047,L19046,L,297.78,307.66,1575.4,50.64,132.3,3.02,0,0,0,0,0,0,No Failure,122.9
9048,M19047,M,299.31,309.57,1378.1,57.26,160.4,2.41,0,0,0,0,0,0,No Failure,80.4
9049,H19048,H,298.9,309.07,1756.4,36.94,146.9,1.92,0,0,0,0,0,0,No Failure,119.6
9050,M19049,M,300.11,309.98,1669.5,34.47,68.2,2.79,0,0,0,0,0,0,No Failure,217.3
9051,H19050,H,302.66,313.11,1573.8,40.12,172.9,2.84,0,0,0,0,0,0,No Failure,84.5
9052,M19051,M,299.7,308.86,1592.4,40.94,68.2,1.76,0,0,0,0,0,0,No Failure,214.7
9053,L19052,L,299.82,310.42,1401.4,45.54,163.2,3.18,0,0,0,0,0,0,No Failure,91.0
9054,L19053,L,303.56,311.8,1401.5,37.83,75.0,3.41,0,0,0,0,0,0,No Failure,192.4
9055,M19054,M,301.75,310.45,1665.3,30.77,20.6,2.88,0,0,0,0,0,0,No Failure,269.5
9056,H19055,H,301.15,312.97,1701.5,31.09,31.8,2.55,0,0,0,0,0,0,No Failure,262.1
9057,H19056,H,303.92,312.66,1663.7,43.56,208.5,3.71,0,0,0,0,0,0,No Failure,30.5
9058,L19057,L,300.98,309.02,1453.8,49.53,30.3,2.82,0,0,0,0,0,0,No Failure,241.2
9059,L19058,L,296.03,304.8,1468.0,63.16,82.6,5.06,0,0,1,0,0,1,PWF,4.7
9060,L19059,L,301.67,313.41,1371.2,46.74,71.9,3.52,0,0,0,0,0,0,No Failure,207.4
9061,H19060,H,296.82,305.02,1675.5,30.29,14.5,3.46,0,0,0,0,0,0,No Failure,267.0
9062,H19061,H,300.9,309.95,1186.9,47.2,149.9,1.64,0,0,0,0,0,0,No Failure,106.6
9063,M19062,M,296.57,305.11,1143.4,51.37,199.7,4.19,0,1,0,0,0,1,HDF,9.5
9064,L19063,L,299.07,308.79,1179.1,61.43,248.1,4.7,0,0,0,1,0,1,OSF,3.8
9065,M19064,M,299.27,308.84,1154.5,57.1,234.0,5.42,1,0,0,1,0,1,TWF,8.5
9066,L19065,L,298.46,307.98,1780.9,24.26,12.3,1.8,0,0,0,0,0,0,No Failure,285.8
9067,L19066,L,299.3,311.16,1678.8,35.34,64.4,3.04,0,0,0,0,0,0,No Failure,221.6
9068,M19067,M,302.07,310.87,1323.5,35.04,103.0,2.26,0,0,0,0,0,0,No Failure,170.8
9069,L19068,L,298.57,308.47,1519.0,43.65,218.8,2.93,0,0,0,0,0,0,No Failure,22.5
9070,L19069,L,301.09,311.43,1800.4,28.38,90.0,2.16,0,0,0,0,0,0,No Failure,194.3
9071,H19070,H,298.07,307.09,1627.5,32.59,142.6,1.1,0,0,0,0,0,0,No Failure,128.8
9072,M19071,M,299.62,310.11,1916.5,18.16,164.9,1.44,0,0,0,0,0,0,No Failure,116.7
9073,L19072,L,300.65,310.25,1517.5,44.84,74.5,1.82,0,0,0,0,0,0,No Failure,205.0
9074,M19073,M,298.01,308.38,1420.7,50.69,145.5,2.15,0,0,0,0,0,0,No Failure,109.1
9075,L19074,L,297.38,307.27,1344.5,39.78,12.7,2.5,0,0,0,0,0,0,No Failure,284.2
9076,M19075,M,300.98,308.93,1542.2,37.77,120.0,2.19,0,0,0,0,0,0,No Failure,131.0
9077,M19076,M,302.25,313.55,1705.6,31.82,94.6,2.47,0,0,0,0,0,0,No Failure,186.8
9078,M19077,M,299.84,311.91,1555.7,37.04,88.9,2.2,0,0,0,0,0,0,No Failure,190.8
9079,M19078,M,299.09,308.91,1473.9,34.97,58.7,2.5,0,0,0,0,0,0,No Failure,228.6
9080,L19079,L,300.31,309.41,1762.9,26.33,204.4,3.06,0,0,0,0,0,0,No Failure,62.4
9081,L19080,L,300.11,311.62,1632.7,46.33,220.5,5.36,1,0,0,0,0,1,TWF,8.0
9082,L19081,L,300.49,312.38,1517.7,21.06,222.0,5.39,0,0,1,0,0,1,PWF,12.8
9083,L19082,L,294.94,304.77,1400.8,46.36,99.0,2.93,0,0,0,0,0,0,No Failure,172.7
9084,M19083,M,297.86,307.64,1492.5,42.19,64.8,2.41,0,0,0,0,0,0,No Failure,218.4
9085,L19084,L,298.31,308.23,1622.6,48.55,24.6,1.43,0,0,0,0,0,0,No Failure,265.5
9086,L19085,L,300.3,308.63,1398.3,41.25,168.1,2.65,0,0,0,0,0,0,No Failure,75.7
9087,L19086,L,300.37,310.08,1317.2,42.95,82.5,2.1,0,0,0,0,0,0,No Failure,195.6
9088,H19087,H,301.27,312.99,1452.1,35.66,69.2,3.02,0,0,0,0,0,0,No Failure,215.7
9089,L19088,L,300.52,310.35,1529.2,41.73,92.9,3.32,0,0,0,0,0,0,No Failure,183.3
9090,M19089,M,297.4,306.36,1782.0,28.71,138.7,2.35,0,0,0,0,0,0,No Failure,136.0
9091,L19090,L,302.89,313.39,1330.4,37.2,40.5,2.6,0,0,0,0,0,0,No Failure,250.3
9092,L19091,L,302.54,311.88,1578.6,32.85,240.3,4.6,1,0,0,0,0,1,TWF,14.1
9093,L19092,L,297.48,307.42,1488.3,33.69,183.2,2.01,0,0,0,0,0,0,No Failure,78.9
9094,M19093,M,300.67,309.4,1497.2,33.03,11.7,2.51,0,0,0,0,0,0,No Failure,280.5
9095,M19094,M,298.81,307.77,1813.5,33.68,76.7,1.57,0,0,0,0,0,0,No Failure,206.7
9096,H19095,H,300.28,311.02,1552.5,37.28,12.6,3.13,0,0,0,0,0,0,No Failure,284.5
9097,L19096,L,302.11,312.22,1374.5,47.5,57.4,3.51,0,0,0,0,0,0,No Failure,225.9
9098,L19097,L,304.26,313.48,1697.1,36.39,71.6,2.56,0,0,0,0,0,0,No Failure,212.3
9099,H19098,H,301.5,311.62,1683.9,27.21,179.5,2.05,0,0,0,0,0,0,No Failure,90.4
9100,L19099,L,300.59,309.98,1358.8,29.3,179.7,2.66,0,0,0,0,0,0,No Failure,87.9
9101,M19100,M,299.32,308.54,1324.5,37.91,11.3,1.74,0,0,0,0,0,0,No Failure,286.0
9102,M19101,M,300.36,311.53,1611.5,42.58,147.0,2.24,0,0,0,0,0,0,No Failure,114.4
9103,L19102,L,302.72,313.5,1532.1,44.35,240.2,5.41,1,0,0,0,0,1,TWF,3.1
9104,M19103,M,299.91,309.89,1453.8,48.16,157.1,2.19,0,0,0,0,0,0,No Failure,96.3
9105,L19104,L,298.23,308.37,1727.1,40.61,240.1,4.35,1,0,0,0,0,1,TWF,13.4
9106,L19105,L,296.76,306.75,1432.0,49.51,95.1,2.76,0,0,0,0,0,0,No Failure,175.9
9107,L19106,L,301.03,311.51,1613.5,40.03,114.9,2.51,0,0,0,0,0,0,No Failure,156.7
9108,H19107,H,300.49,309.7,1748.3,46.94,123.9,3.04,0,0,0,0,0,0,No Failure,134.4
9109,L19108,L,298.71,309.57,1477.3,42.67,231.0,5.91,1,0,0,0,0,1,TWF,11.7
9110,M19109,M,302.05,312.41,1210.6,63.56,95.1,2.2,0,0,0,0,0,0,No Failure,167.2
9111,H19110,H,299.16,308.89,1465.9,36.55,245.9,4.75,1,0,0,0,0,1,TWF,6.2
9112,M19111,M,299.73,309.24,1571.9,33.61,135.8,2.45,0,0,0,0,0,0,No Failure,136.1
9113,M19112,M,299.97,310.81,1717.5,33.59,54.5,2.27,0,0,0,0,0,0,No Failure,234.2
9114,L19113,L,299.3,309.15,1444.7,41.27,25.9,2.81,0,0,0,0,0,0,No Failure,267.5
9115,L19114,L,300.47,309.77,1846.4,30.25,43.2,1.22,0,0,0,0,0,0,No Failure,248.7
9116,L19115,L,302.3,311.92,1305.5,49.74,9.8,2.52,0,0,0,0,0,0,No Failure,287.2
9117,M19116,M,297.72,308.48,1567.4,37.56,173.1,2.69,0,0,0,0,0,0,No Failure,86.9
9118,H19117,H,300.98,309.37,1495.2,35.88,129.2,2.86,0,0,0,0,0,0,No Failure,130.0
9119,H19118,H,300.34,309.99,1779.1,30.95,184.5,3.17,0,0,0,0,0,0,No Failure,80.4
9120,H19119,H,300.31,311.38,1274.2,55.61,195.6,2.42,0,0,0,0,0,0,No Failure,37.5
9121,H19120,H,301.74,311.58,1614.2,39.39,232.8,3.0,0,0,0,0,0,0,No Failure,10.7
9122,L19121,L,300.1,310.37,1494.3,28.42,29.2,2.87,0,0,0,0,0,0,No Failure,265.6
9123,M19122,M,300.96,312.05,1811.7,43.69,46.5,2.66,0,0,0,0,0,0,No Failure,238.1
9124,H19123,H,301.43,312.32,1389.7,46.21,137.1,1.67,0,0,0,0,0,0,No Failure,124.0
9125,L19124,L,298.99,308.55,1612.3,41.69,32.4,3.15,0,0,0,0,0,0,No Failure,259.3
9126,H19125,H,300.6,310.47,1388.0,49.73,23.2,2.56,0,0,0,0,0,0,No Failure,269.7
9127,L19126,L,299.5,310.4,1571.7,45.04,166.6,2.35,0,0,0,0,0,0,No Failure,87.2
9128,M19127,M,299.73,310.67,1471.9,34.33,181.2,1.81,0,0,0,0,0,0,No Failure,80.5
9129,M19128,M,299.36,309.27,1469.0,33.35,210.9,1.03,0,0,0,0,0,0,No Failure,45.9
9130,H19129,H,300.94,310.89,1182.2,67.53,228.9,6.72,1,0,0,1,0,1,TWF,12.2
9131,L19130,L,300.16,310.43,1612.2,32.33,110.6,2.68,0,0,0,0,0,0,No Failure,167.4
9132,M19131,M,300.79,312.16,1344.3,47.28,245.0,3.95,1,0,0,0,0,1,TWF,4.5
9133,M19132,M,299.96,311.03,1338.1,56.26,9.5,1.74,0,0,0,0,0,0,No Failure,287.2
9134,L19133,L,296.79,307.49,1259.6,44.53,217.5,2.33,0,0,0,0,0,0,No Failure,22.9
9135,M19134,M,300.06,308.98,1349.0,41.96,80.4,2.98,0,0,0,0,0,0,No Failure,197.3
9136,M19135,M,300.13,309.85,1627.6,43.35,230.4,4.71,1,0,0,0,0,1,TWF,9.2
9137,M19136,M,300.49,310.26,1618.8,38.56,55.7,2.91,0,0,0,0,0,0,No Failure,231.1
9138,L19137,L,298.81,310.23,1656.8,39.68,185.2,1.97,0,0,0,0,0,0,No Failure,69.5
9139,L19138,L,297.61,307.37,1354.2,43.74,106.4,2.39,0,0,0,0,0,0,No Failure,165.0
9140,M19139,M,301.25,312.5,1576.4,34.38,95.4,2.58,0,0,0,0,0,0,No Failure,184.5
9141,L19140,L,299.45,308.88,1427.8,39.69,14.9,2.47,0,0,0,0,0,0,No Failure,281.5
9142,L19141,L,300.34,309.85,1708.9,43.47,176.5,2.83,0,0,0,0,0,0,No Failure,76.3
9143,H19142,H,299.44,309.92,1614.3,35.1,43.8,3.44,0,0,0,0,0,0,No Failure,246.7
9144,M19143,M,299.99,311.56,1420.5,45.24,115.7,2.63,0,0,0,0,0,0,No Failure,152.0
9145,M19144,M,299.1,308.89,1724.3,28.02,35.3,2.15,0,0,0,0,0,0,No Failure,258.6
9146,L19145,L,298.06,305.5,1628.8,51.12,151.1,1.63,0,0,0,0,0,0,No Failure,62.9
9147,L19146,L,300.95,309.38,1289.7,48.75,57.8,4.25,0,1,0,0,0,1,HDF,2.3
9148,L19147,L,298.79,309.09,1238.8,50.81,148.6,2.1,0,0,0,0,0,0,No Failure,104.9
9149,L19148,L,300.33,308.85,1296.8,52.75,236.7,4.64,1,1,0,1,0,1,TWF,10.4
9150,M19149,M,300.82,309.96,1833.2,29.36,230.2,4.46,1,0,0,0,0,1,TWF,13.8
9151,M19150,M,298.83,308.84,1356.2,52.6,50.1,3.44,0,0,0,0,0,0,No Failure,233.7
9152,L19151,L,297.59,305.14,1873.8,21.41,24.8,2.63,0,0,0,0,0,0,No Failure,242.9
9153,L19152,L,304.85,314.47,1346.9,40.24,10.7,2.77,0,0,0,0,0,0,No Failure,286.7
9154,L19153,L,298.94,307.78,1327.9,39.58,207.1,2.11,0,0,0,0,0,0,No Failure,39.1
9155,L19154,L,301.25,309.75,1695.5,22.22,62.3,1.64,0,0,0,0,0,0,No Failure,219.2
9156,L19155,L,303.88,313.08,1703.7,31.52,71.0,3.14,0,0,0,0,0,0,No Failure,215.2
9157,H19156,H,301.58,310.51,1637.5,36.28,56.6,3.22,0,0,0,0,0,0,No Failure,229.4
9158,M19157,M,299.4,309.87,1659.0,28.54,210.0,2.3,0,0,0,0,0,0,No Failure,53.1
9159,M19158,M,299.87,311.06,1394.5,34.39,244.7,3.16,1,0,0,0,0,1,TWF,1.0
9160,L19159,L,298.33,307.97,1687.1,35.85,188.8,3.32,0,0,0,0,0,0,No Failure,69.6
9161,H19160,H,301.76,311.17,1581.0,37.39,205.9,4.91,1,0,0,0,0,1,TWF,11.6
9162,M19161,M,301.13,310.72,1472.6,38.88,155.1,2.43,0,0,0,0,0,0,No Failure,107.8
9163,M19162,M,298.97,307.86,1554.9,29.72,132.2,3.14,0,0,0,0,0,0,No Failure,141.5
9164,L19163,L,297.92,306.63,1727.9,31.96,180.4,2.48,0,0,0,0,0,0,No Failure,78.3
9165,H19164,H,297.36,305.71,1608.1,32.65,8.9,2.63,0,0,0,0,0,0,No Failure,276.4
9166,H19165,H,301.97,310.64,1151.8,52.7,15.4,1.52,0,0,0,0,0,0,No Failure,273.1
9167,H19166,H,300.24,311.87,1697.5,31.43,171.8,3.23,0,0,0,0,0,0,No Failure,94.9
9168,L19167,L,300.43,309.74,1683.8,35.36,83.8,1.45,0,0,0,0,0,0,No Failure,198.0
9169,L19168,L,298.35,305.41,1470.1,31.64,122.2,3.53,0,0,0,0,0,0,No Failure,115.2
9170,L19169,L,297.07,306.49,1558.9,28.71,195.5,3.59,0,0,0,0,0,0,No Failure,70.0
9171,L19170,L,301.93,310.33,1558.2,42.41,144.3,0.97,0,0,0,0,0,0,No Failure,106.2
9172,H19171,H,300.08,310.14,1183.7,56.05,201.3,3.43,0,0,0,0,0,0,No Failure,29.2
9173,L19172,L,301.81,311.77,1466.1,38.18,104.8,2.36,0,0,0,0,0,0,No Failure,170.6
9174,L19173,L,299.23,309.28,1473.0,40.93,71.9,2.75,0,0,0,0,0,0,No Failure,210.0
9175,L19174,L,299.53,309.49,1509.6,36.6,58.7,1.65,0,0,0,0,0,0,No Failure,228.1
9176,L19175,L,301.43,311.05,1443.9,49.24,32.9,2.31,0,0,0,0,0,0,No Failure,257.1
9177,L19176,L,301.46,310.01,1656.6,34.8,9.2,1.79,0,0,0,0,0,0,No Failure,279.7
9178,M19177,M,301.6,311.52,1393.2,39.58,13.3,2.03,0,0,0,0,0,0,No Failure,283.5
9179,M19178,M,299.41,310.43,1700.9,42.04,67.7,3.23,0,0,0,0,0,0,No Failure,214.7
9180,L19179,L,301.23,313.04,1648.2,30.98,69.6,3.1,0,0,0,0,0,0,No Failure,217.1
9181,L19180,L,302.22,311.98,1781.5,34.78,95.4,2.99,0,0,0,0,0,0,No Failure,184.1
9182,L19181,L,299.79,309.66,1848.4,25.12,147.9,2.18,0,0,0,0,0,0,No Failure,129.2
9183,L19182,L,298.97,309.47,1849.5,37.09,189.8,2.09,0,0,0,0,0,0,No Failure,66.8
9184,M19183,M,302.69,314.18,1325.8,50.96,49.4,1.51,0,0,0,0,0,0,No Failure,235.1
9185,M19184,M,298.69,308.2,1599.6,28.49,189.8,2.91,0,0,0,0,0,0,No Failure,76.9
9186,M19185,M,301.26,311.95,1409.5,32.46,34.7,3.66,0,0,0,0,0,0,No Failure,258.3
9187,M19186,M,299.88,309.06,2125.2,30.25,247.2,5.96,1,0,0,0,0,1,TWF,9.1
9188,L19187,L,296.32,306.65,1647.9,50.0,71.3,2.52,0,0,0,0,0,0,No Failure,200.5
9189,H19188,H,302.26,313.23,1791.5,39.68,209.3,2.8,0,0,0,0,0,0,No Failure,39.6
9190,H19189,H,294.48,303.19,1615.9,35.64,47.6,2.65,0,0,0,0,0,0,No Failure,236.1
9191,H19190,H,296.03,305.51,1100.0,48.57,237.7,5.57,1,0,0,0,0,1,TWF,12.0
9192,L19191,L,301.05,312.01,1397.7,34.41,206.7,3.55,0,0,0,0,0,0,No Failure,49.6
9193,H19192,H,301.05,311.67,1415.3,47.41,89.8,2.16,0,0,0,0,0,0,No Failure,183.9
9194,H19193,H,298.72,309.76,1468.2,47.33,105.4,2.18,0,0,0,0,0,0,No Failure,163.9
9195,H19194,H,300.3,311.14,1602.4,33.03,1.0,2.33,0,0,0,0,0,0,No Failure,298.8
9196,L19195,L,294.94,304.6,1627.7,35.13,62.9,2.48,0,0,0,0,0,0,No Failure,223.6
9197,M19196,M,301.41,313.61,1100.0,54.87,72.3,2.94,0,0,0,0,0,0,No Failure,203.3
9198,H19197,H,300.5,310.64,1495.6,52.81,113.2,2.46,0,0,0,0,0,0,No Failure,147.3
9199,M19198,M,299.91,306.85,1451.0,41.81,34.8,1.99,0,0,0,0,0,0,No Failure,215.2
9200,M19199,M,300.04,309.76,1785.2,26.74,119.7,2.0,0,0,0,0,0,0,No Failure,160.6
9201,H19200,H,300.99,310.52,1644.0,28.4,167.1,1.79,0,0,0,0,0,0,No Failure,103.7
9202,L19201,L,299.94,310.74,1505.2,33.48,92.8,2.44,0,0,0,0,0,0,No Failure,188.1
9203,M19202,M,296.25,305.8,1578.0,46.87,58.0,3.12,0,0,0,0,0,0,No Failure,225.2
9204,L19203,L,304.39,315.49,1236.0,52.13,136.9,2.75,0,0,0,0,0,0,No Failure,119.1
9205,H19204,H,302.4,312.96,1656.4,33.81,7.3,2.84,0,0,0,0,0,0,No Failure,291.2
9206,L19205,L,297.43,306.43,1467.2,20.42,85.2,4.22,0,0,1,0,0,1,PWF,10.3
9207,M19206,M,299.31,309.17,1393.5,37.09,131.9,1.8,0,0,0,0,0,0,No Failure,138.0
9208,M19207,M,299.53,308.75,1773.2,36.24,84.0,2.61,0,0,0,0,0,0,No Failure,197.3
9209,M19208,M,302.16,312.34,1587.0,40.27,86.4,3.25,0,0,0,0,0,0,No Failure,192.2
9210,M19209,M,295.68,304.9,1418.9,44.69,212.1,3.01,0,0,0,0,0,0,No Failure,29.6
9211,H19210,H,299.0,309.08,1429.8,32.53,233.5,3.95,1,0,0,0,0,1,TWF,2.9
9212,H19211,H,296.48,306.21,1603.5,38.66,206.8,6.0,1,0,0,0,0,1,TWF,1.0
9213,L19212,L,299.43,309.28,1589.6,30.91,24.7,1.28,0,0,0,0,0,0,No Failure,270.6
9214,L19213,L,299.05,311.11,1543.3,38.89,72.4,2.52,0,0,0,0,0,0,No Failure,210.2
9215,L19214,L,300.16,309.8,1322.6,39.99,177.8,2.56,0,0,0,0,0,0,No Failure,78.4
9216,L19215,L,298.79,306.86,1349.1,51.97,243.6,5.46,1,1,0,1,0,1,TWF,12.2
9217,M19216,M,298.5,309.51,1404.1,45.1,60.6,2.82,0,0,0,0,0,0,No Failure,222.6
9218,H19217,H,301.24,312.25,1502.9,38.92,224.6,2.38,0,0,0,0,0,0,No Failure,21.7
9219,H19218,H,300.91,308.93,1530.6,48.86,184.8,1.6,0,0,0,0,0,0,No Failure,40.1
9220,L19219,L,301.1,310.4,1509.4,37.14,245.9,5.15,1,0,0,0,0,1,TWF,1.2
9221,L19220,L,299.65,310.08,1517.6,29.63,23.4,2.6,0,0,0,0,0,0,No Failure,272.3
9222,M19221,M,298.86,309.38,1874.7,39.4,98.7,3.05,0,0,0,0,0,0,No Failure,177.4
9223,M19222,M,299.76,309.76,1690.0,37.27,119.5,3.35,0,0,0,0,0,0,No Failure,153.1
9224,L19223,L,301.0,311.02,1750.7,32.04,168.0,1.99,0,0,0,0,0,0,No Failure,98.8
9225,H19224,H,295.65,304.71,1621.1,32.51,163.5,3.5,0,0,0,0,0,0,No Failure,103.8
9226,H19225,H,300.79,308.39,1551.0,42.26,226.6,4.08,1,0,0,0,0,1,TWF,5.1
9227,L19226,L,300.62,312.67,1611.4,42.93,209.7,2.19,0,0,0,0,0,0,No Failure,34.9
9228,H19227,H,300.12,309.16,1578.4,32.65,13.8,2.25,0,0,0,0,0,0,No Failure,283.4
9229,L19228,L,299.7,309.88,1682.6,39.62,121.6,1.33,0,0,0,0,0,0,No Failure,148.7
9230,M19229,M,294.87,304.71,1363.4,45.76,101.8,2.25,0,0,0,0,0,0,No Failure,169.6
9231,L19230,L,299.12,310.02,1667.7,30.17,249.3,6.24,1,0,0,0,0,1,TWF,1.3
9232,L19231,L,303.58,313.69,1567.9,38.29,106.8,2.79,0,0,0,0,0,0,No Failure,168.0
9233,H19232,H,300.03,310.18,1214.5,45.58,170.7,2.64,0,0,0,0,0,0,No Failure,81.5
9234,L19233,L,299.39,306.75,1553.3,47.31,71.1,2.71,0,0,0,0,0,0,No Failure,175.5
9235,M19234,M,300.03,309.2,1304.2,41.46,153.7,3.26,0,0,0,0,0,0,No Failure,107.1
9236,L19235,L,300.71,311.45,1442.2,52.16,51.7,1.97,0,0,0,0,0,0,No Failure,231.8
9237,L19236,L,301.32,311.97,1509.5,40.67,150.9,3.04,0,0,0,0,0,0,No Failure,111.3
9238,L19237,L,299.54,308.59,1268.2,35.09,217.0,2.54,0,0,0,0,0,0,No Failure,36.1
9239,L19238,L,300.85,309.27,1528.4,24.05,4.8,2.03,0,0,0,0,0,0,No Failure,282.9
9240,M19239,M,303.35,313.48,1550.3,37.24,126.1,2.78,0,0,0,0,0,0,No Failure,144.9
9241,L19240,L,302.01,309.11,1673.2,45.2,245.6,5.28,1,0,0,1,0,1,TWF,4.8
9242,M19241,M,304.68,313.53,1456.8,49.8,39.8,2.02,0,0,0,0,0,0,No Failure,245.0
9243,M19242,M,298.69,310.45,1587.1,38.97,45.9,1.86,0,0,0,0,0,0,No Failure,243.2
9244,M19243,M,303.35,314.8,1520.9,34.29,117.7,2.24,0,0,0,0,0,0,No Failure,157.5
9245,L19244,L,298.42,308.91,1463.1,38.09,217.7,2.19,0,0,0,0,0,0,No Failure,31.2
9246,H19245,H,300.71,311.01,1239.0,49.88,140.7,3.23,0,0,0,0,0,0,No Failure,116.1
9247,L19246,L,301.46,309.51,1518.0,47.14,127.2,2.37,0,0,0,0,0,0,No Failure,116.9
9248,L19247,L,298.98,308.24,1671.3,39.89,21.7,2.28,0,0,0,0,0,0,No Failure,273.0
9249,L19248,L,300.18,309.88,1370.9,50.55,240.5,5.01,1,0,0,1,0,1,TWF,10.4
9250,L19249,L,301.82,311.1,1499.0,44.53,86.8,3.31,0,0,0,0,0,0,No Failure,189.4
9251,L19250,L,298.58,308.23,1525.4,45.91,63.0,2.0,0,0,0,0,0,0,No Failure,219.3
9252,M19251,M,303.34,314.64,1735.3,18.75,102.9,4.01,0,0,1,0,0,1,PWF,14.0
9253,L19252,L,297.23,306.69,1543.4,32.63,103.5,2.81,0,0,0,0,0,0,No Failure,175.7
9254,L19253,L,303.88,313.54,1589.6,30.01,114.6,2.38,0,0,0,0,0,0,No Failure,164.2
9255,M19254,M,302.0,312.74,1536.5,30.65,172.1,2.17,0,0,0,0,0,0,No Failure,95.4
9256,L19255,L,299.82,308.4,1449.9,41.42,217.0,5.9,1,0,0,0,0,1,TWF,9.6
9257,L19256,L,299.19,308.35,1334.9,34.82,14.3,2.34,0,0,0,0,0,0,No Failure,282.6
9258,L19257,L,298.99,308.25,1487.0,33.74,122.7,3.65,0,0,0,0,0,0,No Failure,151.8
9259,M19258,M,299.73,309.78,1608.4,36.61,103.5,2.53,0,0,0,0,0,0,No Failure,173.2
9260,L19259,L,299.9,309.56,1560.0,27.24,2.7,2.6,0,0,0,0,0,0,No Failure,296.8
9261,L19260,L,302.51,312.2,1802.8,29.88,204.1,3.84,0,0,0,0,0,0,No Failure,58.3
9262,M19261,M,303.94,313.27,1707.3,39.61,26.1,2.69,0,0,0,0,0,0,No Failure,267.6
9263,M19262,M,300.4,309.33,1760.1,25.51,28.7,2.08,0,0,0,0,0,0,No Failure,265.4
9264,M19263,M,298.31,308.92,1174.2,56.67,12.1,1.89,0,0,0,0,0,0,No Failure,283.7
9265,H19264,H,298.91,308.57,1820.7,27.31,50.1,2.22,0,0,0,0,0,0,No Failure,241.5
9266,L19265,L,299.63,310.25,1585.8,39.74,44.2,2.64,0,0,0,0,0,0,No Failure,245.0
9267,L19266,L,297.94,306.83,1611.2,29.5,87.0,3.05,0,0,0,0,0,0,No Failure,195.0
9268,L19267,L,297.64,306.98,1698.4,38.5,164.8,1.6,0,0,0,0,0,0,No Failure,96.1
9269,L19268,L,304.19,313.97,1541.8,36.79,13.6,2.5,0,0,0,0,0,0,No Failure,283.4
9270,L19269,L,300.61,310.48,1346.4,47.83,215.1,3.27,0,0,0,0,0,0,No Failure,21.6
9271,L19270,L,298.33,309.09,1797.1,29.57,81.6,2.66,0,0,0,0,0,0,No Failure,203.5
9272,M19271,M,301.63,311.2,1400.5,46.73,151.7,3.31,0,0,0,0,0,0,No Failure,104.7
9273,M19272,M,297.64,308.39,1361.6,50.0,3.0,1.6,0,0,0,0,0,0,No Failure,296.1
9274,L19273,L,297.81,308.18,1496.1,40.94,91.5,2.36,0,0,0,0,0,0,No Failure,185.5
9275,M19274,M,298.39,308.29,1468.9,37.49,0.5,2.57,0,0,0,0,0,0,No Failure,299.4
9276,L19275,L,303.31,312.36,1538.7,37.36,41.4,2.83,0,0,0,0,0,0,No Failure,249.1
9277,L19276,L,299.49,310.25,1520.4,30.61,112.0,1.99,0,0,0,0,0,0,No Failure,166.9
9278,M19277,M,295.12,304.19,1779.1,35.14,133.8,2.75,0,0,0,0,0,0,No Failure,137.3
9279,L19278,L,302.42,312.4,1620.2,41.39,38.2,2.8,0,0,0,0,0,0,No Failure,252.0
9280,L19279,L,299.39,309.33,1384.5,54.3,186.3,2.46,0,0,0,0,0,0,No Failure,51.4
9281,L19280,L,296.3,306.09,1409.0,51.74,47.3,2.78,0,0,0,0,0,0,No Failure,237.7
9282,H19281,H,299.37,308.98,1468.5,34.02,29.0,2.69,0,0,0,0,0,0,No Failure,265.0
9283,M19282,M,301.04,310.22,1469.2,42.32,83.4,2.1,0,0,0,0,0,0,No Failure,194.9
9284,L19283,L,300.81,309.19,1445.9,40.57,137.9,2.41,0,0,0,0,0,0,No Failure,115.4
9285,H19284,H,303.6,315.0,1340.8,53.28,247.2,4.03,1,0,0,1,0,1,TWF,1.8
9286,M19285,M,298.29,307.8,1590.0,32.77,104.7,1.6,0,0,0,0,0,0,No Failure,174.2
9287,M19286,M,300.09,309.97,1456.4,47.34,106.5,2.65,0,0,0,0,0,0,No Failure,162.5
9288,H19287,H,298.6,308.47,1367.6,36.96,14.8,1.36,0,0,0,0,0,0,No Failure,281.8
9289,L19288,L,296.92,308.01,1624.9,36.18,191.5,2.35,0,0,0,0,0,0,No Failure,65.9
9290,L19289,L,301.77,313.7,1689.8,29.32,45.4,2.75,0,0,0,0,0,0,No Failure,246.4
9291,M19290,M,300.93,311.09,1494.0,26.4,186.2,2.51,0,0,0,0,0,0,No Failure,83.5
9292,M19291,M,300.57,310.41,1856.9,25.98,227.7,6.34,1,0,0,0,0,1,TWF,1.0
9293,M19292,M,300.85,309.73,1934.6,29.21,192.1,2.76,0,0,0,0,0,0,No Failure,71.0
9294,M19293,M,298.63,307.19,1626.9,46.86,160.6,2.34,0,0,0,0,0,0,No Failure,84.2
9295,H19294,H,297.99,306.21,1454.1,33.65,151.0,2.86,0,0,0,0,0,0,No Failure,102.3
9296,H19295,H,300.08,309.28,1586.1,33.59,113.4,1.71,0,0,0,0,0,0,No Failure,163.2
9297,H19296,H,302.32,310.23,1318.8,35.41,36.1,4.72,0,1,0,0,0,1,HDF,4.4
9298,H19297,H,303.22,314.29,1381.9,51.5,194.7,2.2,0,0,0,0,0,0,No Failure,43.6
9299,H19298,H,301.59,312.01,1236.8,45.29,119.3,3.16,0,0,0,0,0,0,No Failure,147.4
9300,L19299,L,300.06,309.81,1425.5,39.72,156.4,2.74,0,0,0,0,0,0,No Failure,105.4
9301,L19300,L,300.54,311.65,1317.4,43.11,93.5,2.88,0,0,0,0,0,0,No Failure,181.7
9302,L19301,L,300.02,308.95,1649.7,22.72,50.2,2.17,0,0,0,0,0,0,No Failure,241.4
9303,H19302,H,297.95,307.13,1403.9,32.47,201.6,1.81,0,0,0,0,0,0,No Failure,58.1
9304,M19303,M,300.05,308.12,1587.5,31.13,85.6,1.8,0,0,0,0,0,0,No Failure,179.3
9305,M19304,M,297.33,308.1,1671.9,40.2,216.7,1.47,0,0,0,0,0,0,No Failure,29.7
9306,L19305,L,299.75,308.94,1747.7,16.84,241.4,4.47,0,0,1,0,0,1,PWF,12.3
9307,L19306,L,303.27,313.29,1474.7,44.47,207.5,2.15,0,0,0,0,0,0,No Failure,35.7
9308,M19307,M,301.65,312.65,1593.6,40.05,32.0,3.11,0,0,0,0,0,0,No Failure,260.1
9309,L19308,L,298.15,309.52,1599.3,24.81,213.8,1.88,0,0,0,0,0,0,No Failure,53.6
9310,L19309,L,299.86,309.83,1765.7,31.76,129.8,3.82,0,0,0,0,0,0,No Failure,144.8
9311,L19310,L,298.33,308.72,1678.3,43.9,60.4,1.9,0,0,0,0,0,0,No Failure,223.3
9312,L19311,L,299.87,308.97,1771.3,26.38,23.3,1.96,0,0,0,0,0,0,No Failure,272.9
9313,M19312,M,302.08,313.77,1240.0,44.52,69.6,1.61,0,0,0,0,0,0,No Failure,211.3
9314,L19313,L,301.31,311.14,1419.1,61.61,34.4,4.39,0,0,1,0,0,1,PWF,5.6
9315,M19314,M,304.97,315.05,1722.7,37.11,6.4,2.31,0,0,0,0,0,0,No Failure,292.1
9316,L19315,L,302.38,311.98,1641.9,34.74,246.9,2.44,0,0,0,0,0,0,No Failure,1.0
9317,H19316,H,300.41,311.61,1515.6,36.25,207.9,2.74,0,0,0,0,0,0,No Failure,45.7
9318,L19317,L,301.35,311.55,1453.1,43.9,184.7,3.09,0,0,0,0,0,0,No Failure,65.4
9319,M19318,M,299.6,310.36,1679.2,40.53,48.3,1.8,0,0,0,0,0,0,No Failure,239.7
9320,M19319,M,297.74,308.1,1183.7,35.6,6.9,2.51,0,0,0,0,0,0,No Failure,291.5
9321,L19320,L,302.61,312.39,1679.8,20.08,121.3,3.01,0,0,0,0,0,0,No Failure,163.7
9322,H19321,H,302.02,312.95,1554.2,31.62,185.4,1.84,0,0,0,0,0,0,No Failure,78.5
9323,M19322,M,299.52,309.86,1450.5,40.29,240.7,7.09,1,0,0,0,0,1,TWF,11.5
9324,L19323,L,300.55,309.59,1627.9,37.39,211.0,3.9,0,0,0,0,0,0,No Failure,40.5
9325,L19324,L,302.48,311.49,1468.9,28.92,223.4,2.45,0,0,0,0,0,0,No Failure,36.9
9326,H19325,H,301.69,311.84,1543.2,37.45,59.7,1.84,0,0,0,0,0,0,No Failure,226.6
9327,M19326,M,297.07,307.98,1529.7,38.72,38.8,1.91,0,0,0,0,0,0,No Failure,251.9
9328,L19327,L,300.49,312.13,1671.3,29.95,61.9,2.64,0,0,0,0,0,0,No Failure,226.6
9329,L19328,L,299.66,307.89,1566.5,34.56,34.6,2.88,0,0,0,0,0,0,No Failure,242.4
9330,H19329,H,302.23,312.25,1196.3,45.07,199.6,1.39,0,0,0,0,0,0,No Failure,45.0
9331,M19330,M,302.06,312.55,1288.8,49.8,225.8,1.93,0,0,0,0,0,0,No Failure,5.0
9332,M19331,M,302.64,312.93,1343.9,44.69,76.8,2.59,0,0,0,0,0,0,No Failure,202.0
9333,L19332,L,297.76,308.77,1619.7,29.05,219.2,3.61,1,0,0,0,0,1,TWF,12.5
9334,M19333,M,298.43,309.09,1637.7,43.32,13.8,2.32,0,0,0,0,0,0,No Failure,282.6
9335,L19334,L,302.23,311.24,1837.0,23.09,169.3,2.76,0,0,0,0,0,0,No Failure,106.6
9336,L19335,L,298.82,307.8,1356.4,32.24,131.9,2.4,0,0,0,0,0,0,No Failure,141.7
9337,M19336,M,296.96,307.27,1772.4,32.14,69.2,2.06,0,0,0,0,0,0,No Failure,217.1
9338,H19337,H,301.07,312.06,1191.1,48.62,192.1,2.55,0,0,0,0,0,0,No Failure,50.5
9339,L19338,L,298.91,309.05,1541.2,39.44,53.0,2.8,0,0,0,0,0,0,No Failure,234.1
9340,L19339,L,303.58,312.0,1581.9,29.66,104.0,1.95,0,0,0,0,0,0,No Failure,165.4
9341,M19340,M,300.59,309.55,1581.2,44.2,177.5,2.71,0,0,0,0,0,0,No Failure,73.3
9342,M19341,M,300.32,311.01,1482.6,52.47,84.6,2.69,0,0,0,0,0,0,No Failure,186.7
9343,H19342,H,299.26,308.91,1559.1,38.33,213.8,2.81,0,0,0,0,0,0,No Failure,35.7
9344,M19343,M,303.18,313.3,1316.9,47.77,216.4,2.66,0,0,0,0,0,0,No Failure,20.0
9345,L19344,L,300.72,311.78,1692.9,20.64,50.6,2.58,0,0,0,0,0,0,No Failure,242.9
9346,H19345,H,299.18,307.98,1582.7,34.87,110.1,2.41,0,0,0,0,0,0,No Failure,162.2
9347,M19346,M,298.41,308.0,1602.8,32.56,108.0,2.32,0,0,0,0,0,0,No Failure,170.4
9348,H19347,H,299.85,309.33,1488.1,34.31,102.5,2.93,0,0,0,0,0,0,No Failure,175.8
9349,M19348,M,298.04,308.4,1479.3,35.96,125.5,2.44,0,0,0,0,0,0,No Failure,146.7
9350,H19349,H,302.06,312.83,1631.9,32.86,18.6,2.82,0,0,0,0,0,0,No Failure,277.6
9351,L19350,L,296.38,304.9,1822.6,22.74,217.5,2.81,0,0,0,0,0,0,No Failure,42.4
9352,L19351,L,299.72,309.72,1288.5,43.15,72.5,1.94,0,0,0,0,0,0,No Failure,208.3
9353,H19352,H,301.22,312.09,1279.5,39.6,0.5,2.31,0,0,0,0,0,0,No Failure,299.4
9354,L19353,L,300.68,308.83,1585.7,43.36,171.3,2.47,0,0,0,0,0,0,No Failure,65.9
9355,L19354,L,298.57,308.5,1478.5,42.89,162.6,2.55,0,0,0,0,0,0,No Failure,94.5
9356,M19355,M,301.32,310.1,1560.2,40.78,245.8,4.45,1,0,0,0,0,1,TWF,12.6
9357,H19356,H,298.23,307.59,1533.7,45.96,179.8,2.61,0,0,0,0,0,0,No Failure,69.3
9358,L19357,L,299.96,307.45,1649.3,30.59,83.2,2.53,0,0,0,0,0,0,No Failure,171.1
9359,H19358,H,301.3,312.7,1486.8,42.24,238.2,4.32,1,0,0,0,0,1,TWF,10.0
9360,M19359,M,300.93,310.57,1321.7,52.89,91.3,3.13,0,0,0,0,0,0,No Failure,178.9
9361,M19360,M,298.65,307.84,1396.6,36.69,205.3,2.71,0,0,0,0,0,0,No Failure,48.3
9362,H19361,H,302.39,312.72,1509.3,25.55,83.9,2.43,0,0,0,0,0,0,No Failure,202.9
9363,L19362,L,300.17,309.13,1313.4,40.85,12.2,2.27,0,0,0,0,0,0,No Failure,283.9
9364,L19363,L,301.49,310.35,1531.4,45.88,183.4,2.67,0,0,0,0,0,0,No Failure,62.0
9365,L19364,L,303.06,314.57,1548.9,32.07,87.6,2.52,0,0,0,0,0,0,No Failure,195.2
9366,M19365,M,302.24,314.04,1474.0,37.45,84.7,1.59,0,0,0,0,0,0,No Failure,195.8
9367,M19366,M,302.24,311.65,1575.5,32.63,179.0,1.91,0,0,0,0,0,0,No Failure,85.1
9368,H19367,H,300.39,311.45,1249.0,46.7,80.5,3.28,0,0,0,0,0,0,No Failure,196.4
9369,M19368,M,301.59,311.94,1367.4,36.54,29.5,2.72,0,0,0,0,0,0,No Failure,263.9
9370,M19369,M,300.43,309.01,1333.5,34.61,101.1,3.81,0,1,0,0,0,1,HDF,12.9
9371,M19370,M,297.58,306.65,1695.5,32.3,206.0,2.28,0,0,0,0,0,0,No Failure,53.1
9372,L19371,L,300.61,312.16,1950.8,28.86,32.6,1.98,0,0,0,0,0,0,No Failure,261.7
9373,L19372,L,300.51,309.09,1380.3,51.28,138.6,2.19,0,0,0,0,0,0,No Failure,109.1
9374,H19373,H,301.17,313.45,1495.9,40.57,33.1,3.11,0,0,0,0,0,0,No Failure,258.7
9375,L19374,L,299.74,309.17,1413.9,34.23,12.3,2.39,0,0,0,0,0,0,No Failure,285.1
9376,L19375,L,298.48,310.06,1577.6,32.91,94.7,3.0,0,0,0,0,0,0,No Failure,186.1
9377,M19376,M,301.31,311.01,1429.1,46.98,164.5,3.48,0,0,0,0,0,0,No Failure,88.0
9378,L19377,L,297.37,308.17,1588.6,34.8,68.7,2.26,0,0,0,0,0,0,No Failure,216.5
9379,H19378,H,302.92,314.31,1657.0,28.56,111.4,1.72,0,0,0,0,0,0,No Failure,169.0
9380,L19379,L,299.54,310.93,1318.9,46.07,122.8,2.76,0,0,0,0,0,0,No Failure,142.3
9381,L19380,L,300.49,309.91,1586.6,32.29,210.3,2.01,0,0,0,0,0,0,No Failure,47.9
9382,L19381,L,301.12,310.26,1216.9,52.65,204.7,2.5,0,0,0,0,0,0,No Failure,28.9
9383,M19382,M,301.18,311.1,1492.1,42.75,0.6,2.6,0,0,0,0,0,0,No Failure,299.3
9384,L19383,L,297.18,305.88,1480.1,32.51,103.5,3.61,0,0,0,0,0,0,No Failure,169.8
9385,M19384,M,301.65,311.89,1497.0,52.58,164.0,2.69,0,0,0,0,0,0,No Failure,80.5
9386,H19385,H,300.61,309.79,1482.1,39.62,213.1,2.23,0,0,0,0,0,0,No Failure,34.9
9387,H19386,H,298.73,309.81,1449.4,22.75,12.2,4.81,0,0,1,0,0,1,PWF,4.0
9388,L19387,L,298.5,307.93,1490.4,42.92,157.1,2.99,0,0,0,0,0,0,No Failure,101.5
9389,L19388,L,299.33,307.59,1580.6,19.77,210.5,4.88,0,0,1,0,0,1,PWF,13.4
9390,M19389,M,297.4,308.8,1585.7,45.12,63.8,1.95,0,0,0,0,0,0,No Failure,218.5
9391,H19390,H,303.44,313.63,1558.6,38.9,51.3,3.27,0,0,0,0,0,0,No Failure,236.4
9392,H19391,H,302.97,313.0,1435.3,40.78,117.0,3.87,0,0,0,0,0,0,No Failure,153.7
9393,L19392,L,300.9,312.0,1731.4,34.06,240.6,6.47,1,0,0,0,0,1,TWF,5.2
9394,M19393,M,299.55,310.42,1811.0,36.64,173.2,3.37,0,0,0,0,0,0,No Failure,87.7
9395,L19394,L,299.61,308.84,1307.4,41.94,106.1,2.24,0,0,0,0,0,0,No Failure,166.5
9396,L19395,L,301.52,311.07,1567.4,37.62,5.2,3.51,0,0,0,0,0,0,No Failure,293.6
9397,L19396,L,303.52,312.4,1454.2,41.49,139.2,2.21,0,0,0,0,0,0,No Failure,123.0
9398,L19397,L,298.86,307.39,1703.7,14.46,87.2,5.68,0,0,1,0,0,1,PWF,4.6
9399,L19398,L,297.76,308.34,1535.7,42.63,46.4,2.22,0,0,0,0,0,0,No Failure,241.4
9400,L19399,L,303.1,313.49,1547.5,43.52,125.0,2.15,0,0,0,0,0,0,No Failure,141.5
9401,M19400,M,296.43,307.19,1626.6,39.46,85.3,2.5,0,0,0,0,0,0,No Failure,193.9
9402,L19401,L,297.98,309.26,1484.7,42.49,9.7,1.81,0,0,0,0,0,0,No Failure,287.8
9403,M19402,M,299.51,310.28,1838.3,43.22,181.4,2.09,0,0,0,0,0,0,No Failure,67.2
9404,L19403,L,296.88,307.74,1629.2,35.92,183.1,1.92,0,0,0,0,0,0,No Failure,76.4
9405,L19404,L,302.22,310.15,1704.8,34.53,154.7,3.42,0,0,0,0,0,0,No Failure,90.9
9406,L19405,L,301.71,311.41,1498.5,34.88,210.2,3.47,0,0,0,0,0,0,No Failure,44.7
9407,L19406,L,298.85,309.81,1516.0,25.59,50.8,4.03,0,0,0,0,0,0,No Failure,241.2
9408,M19407,M,302.56,311.39,1683.3,38.26,71.6,2.46,0,0,0,0,0,0,No Failure,208.2
9409,L19408,L,302.9,312.99,1665.3,31.63,114.7,2.52,0,0,0,0,0,0,No Failure,163.0
9410,M19409,M,299.77,310.29,1314.5,31.58,15.0,2.96,0,0,0,0,0,0,No Failure,282.0
9411,L19410,L,299.1,309.54,1560.8,37.32,220.9,1.73,0,0,0,0,0,0,No Failure,28.4
9412,M19411,M,304.52,314.89,1622.8,35.66,122.7,1.91,0,0,0,0,0,0,No Failure,150.4
9413,M19412,M,301.44,312.04,1514.7,37.41,81.2,1.54,0,0,0,0,0,0,No Failure,200.2
9414,L19413,L,300.51,310.69,1605.8,37.72,119.5,3.0,0,0,0,0,0,0,No Failure,152.8
9415,L19414,L,302.73,311.26,1522.2,27.89,81.3,1.98,0,0,0,0,0,0,No Failure,195.5
9416,L19415,L,300.6,311.11,1135.8,59.17,71.6,3.1,0,0,0,0,0,0,No Failure,202.4
9417,M19416,M,298.99,309.27,1303.4,48.47,112.0,2.22,0,0,0,0,0,0,No Failure,154.6
9418,L19417,L,300.16,308.71,1712.5,43.14,120.5,2.5,0,0,0,0,0,0,No Failure,138.5
9419,M19418,M,302.08,313.46,1494.3,35.68,108.3,2.4,0,0,0,0,0,0,No Failure,167.9
9420,M19419,M,296.02,306.55,1572.0,40.59,137.0,2.61,0,0,0,0,0,0,No Failure,128.8
9421,H19420,H,299.42,308.04,1537.3,25.35,195.8,2.21,0,0,0,0,0,0,No Failure,66.0
9422,M19421,M,302.77,311.95,1390.3,36.73,14.3,3.12,0,0,0,0,0,0,No Failure,282.4
9423,M19422,M,298.98,308.41,1454.4,31.05,202.9,2.4,0,0,0,0,0,0,No Failure,58.3
9424,L19423,L,303.09,312.53,1596.9,38.8,57.1,2.72,0,0,0,0,0,0,No Failure,229.2
9425,H19424,H,302.83,313.12,1615.1,28.82,63.0,2.57,0,0,0,0,0,0,No Failure,225.8
9426,M19425,M,299.87,308.89,1929.7,27.44,149.9,1.89,0,0,0,0,0,0,No Failure,124.8
9427,L19426,L,298.86,309.99,1452.5,40.69,243.9,5.33,1,0,0,0,0,1,TWF,14.0
9428,H19427,H,299.43,310.47,1837.0,29.21,4.3,2.11,0,0,0,0,0,0,No Failure,294.9
9429,L19428,L,305.33,315.95,1384.0,33.54,168.3,2.99,0,0,0,0,0,0,No Failure,97.0
9430,H19429,H,303.75,313.79,1625.5,47.84,174.2,2.94,0,0,0,0,0,0,No Failure,73.1
9431,H19430,H,300.25,311.19,1569.8,38.43,143.4,1.6,0,0,0,0,0,0,No Failure,122.7
9432,L19431,L,298.78,308.51,1515.5,50.58,2.4,2.39,0,0,0,0,0,0,No Failure,296.5
9433,M19432,M,300.23,309.51,1537.0,31.22,151.6,2.85,0,0,0,0,0,0,No Failure,119.3
9434,L19433,L,300.49,311.68,1426.6,38.83,28.8,2.33,0,0,0,0,0,0,No Failure,264.4
9435,L19434,L,297.51,307.83,1699.8,35.31,19.5,2.42,0,0,0,0,0,0,No Failure,276.2
9436,L19435,L,300.16,309.48,1387.2,53.39,174.0,2.63,0,0,0,0,0,0,No Failure,68.8
9437,M19436,M,302.64,312.23,1594.8,48.56,175.1,2.27,0,0,0,0,0,0,No Failure,71.5
9438,L19437,L,296.4,305.66,1673.3,32.22,222.5,2.71,0,0,0,0,0,0,No Failure,33.4
9439,L19438,L,301.65,313.68,1785.8,27.9,0.8,2.53,0,0,0,0,0,0,No Failure,299.0
9440,M19439,M,302.75,312.75,1711.9,34.42,94.7,2.38,0,0,0,0,0,0,No Failure,185.3
9441,L19440,L,298.88,309.04,1640.5,44.38,3.1,1.92,0,0,0,0,0,0,No Failure,296.1
9442,L19441,L,303.39,314.11,1423.8,42.5,91.2,2.74,0,0,0,0,0,0,No Failure,185.0
9443,L19442,L,298.62,307.4,1397.3,44.57,122.9,1.05,0,0,0,0,0,0,No Failure,139.1
9444,L19443,L,300.88,311.98,1334.2,52.71,132.4,2.66,0,0,0,0,0,0,No Failure,124.6
9445,L19444,L,299.39,308.78,1317.1,52.17,89.0,2.51,0,0,0,0,0,0,No Failure,182.4
9446,L19445,L,299.39,311.22,1537.7,45.9,181.3,2.01,0,0,0,0,0,0,No Failure,67.5
9447,H19446,H,298.77,308.45,1407.8,46.97,103.9,1.67,0,0,0,0,0,0,No Failure,166.1
9448,M19447,M,301.4,312.43,1752.7,43.7,129.3,2.75,0,0,0,0,0,0,No Failure,135.7
9449,L19448,L,301.7,309.2,1434.4,33.32,200.0,2.35,0,0,0,0,0,0,No Failure,29.0
9450,L19449,L,299.87,308.7,1554.9,54.33,43.6,2.58,0,0,0,0,0,0,No Failure,229.9
9451,L19450,L,297.28,306.99,1490.6,47.67,80.2,1.4,0,0,0,0,0,0,No Failure,196.2
9452,M19451,M,300.81,308.78,1286.7,45.51,130.4,4.88,0,1,0,0,0,1,HDF,14.1
9453,L19452,L,300.84,311.44,1733.0,42.39,191.9,3.06,0,0,0,0,0,0,No Failure,58.0
9454,L19453,L,299.57,309.88,1662.5,33.66,106.3,2.41,0,0,0,0,0,0,No Failure,171.6
9455,H19454,H,303.73,312.74,1683.1,38.97,18.2,1.96,0,0,0,0,0,0,No Failure,277.4
9456,L19455,L,296.87,306.86,1644.5,40.63,247.2,2.76,0,0,0,0,0,0,No Failure,1.0
9457,L19456,L,295.57,306.37,1402.1,48.83,177.0,2.33,0,0,0,0,0,0,No Failure,69.8
9458,H19457,H,298.54,306.44,1405.5,39.47,180.7,3.02,0,0,0,0,0,0,No Failure,53.4
9459,M19458,M,301.42,310.15,1618.9,43.25,116.3,2.51,0,0,0,0,0,0,No Failure,147.3
9460,L19459,L,297.89,307.55,1814.2,29.98,136.8,1.21,0,0,0,0,0,0,No Failure,138.0
9461,M19460,M,298.04,308.06,1607.1,42.45,248.5,3.01,1,0,0,0,0,1,TWF,3.3
9462,L19461,L,301.9,311.84,1713.1,34.9,148.8,2.07,0,0,0,0,0,0,No Failure,119.3
9463,M19462,M,300.93,311.81,1443.9,28.79,54.7,2.77,0,0,0,0,0,0,No Failure,235.6
9464,L19463,L,300.75,311.23,1734.5,29.43,241.1,5.02,1,0,0,0,0,1,TWF,5.4
9465,H19464,H,301.56,312.26,1462.9,46.95,134.4,2.8,0,0,0,0,0,0,No Failure,126.7
9466,H19465,H,299.15,307.76,1581.0,35.83,5.2,2.1,0,0,0,0,0,0,No Failure,285.9
9467,H19466,H,299.24,309.39,1472.5,49.24,143.3,3.74,0,0,0,0,0,0,No Failure,113.2
9468,H19467,H,301.62,311.31,1697.2,26.86,17.6,2.39,0,0,0,0,0,0,No Failure,279.5
9469,M19468,M,297.31,308.77,1699.6,40.18,131.9,2.66,0,0,0,0,0,0,No Failure,135.5
9470,L19469,L,295.71,305.89,1273.7,46.78,206.3,1.92,0,0,0,0,0,0,No Failure,34.3
9471,L19470,L,299.13,308.46,1775.2,32.07,134.7,2.25,0,0,0,0,0,0,No Failure,138.7
9472,M19471,M,301.86,312.71,1963.4,22.31,93.4,2.8,0,0,0,0,0,0,No Failure,193.8
9473,H19472,H,300.51,311.07,1474.4,42.16,220.7,2.47,0,0,0,0,0,0,No Failure,22.1
9474,L19473,L,301.71,310.89,1515.3,32.53,231.9,0.83,0,0,0,0,0,0,No Failure,21.7
9475,H19474,H,295.97,305.62,1759.9,29.64,86.9,2.8,0,0,0,0,0,0,No Failure,197.3
9476,H19475,H,300.63,310.3,1550.0,37.73,124.7,2.87,0,0,0,0,0,0,No Failure,146.3
9477,H19476,H,301.31,312.54,1537.3,36.47,245.7,2.94,0,0,0,0,0,0,No Failure,1.0
9478,H19477,H,297.3,307.5,1877.6,39.15,44.5,3.16,0,0,0,0,0,0,No Failure,244.7
9479,L19478,L,301.72,312.45,1295.6,28.18,74.5,2.61,0,0,0,0,0,0,No Failure,212.5
9480,L19479,L,299.78,309.28,1396.8,41.71,107.1,3.94,0,0,0,0,0,0,No Failure,165.4
9481,L19480,L,306.14,316.48,1612.8,34.66,25.2,2.64,0,0,0,0,0,0,No Failure,269.4
9482,L19481,L,295.65,306.95,1248.1,48.01,68.0,1.12,0,0,0,0,0,0,No Failure,211.9
9483,M19482,M,302.74,312.38,1471.2,36.97,136.2,2.63,0,0,0,0,0,0,No Failure,132.8
9484,H19483,H,299.21,309.33,1469.6,47.99,57.1,3.17,0,0,0,0,0,0,No Failure,226.0
9485,H19484,H,296.77,305.4,1710.2,33.28,171.6,1.67,0,0,0,0,0,0,No Failure,86.0
9486,M19485,M,298.95,308.18,1662.0,37.03,86.9,2.34,0,0,0,0,0,0,No Failure,193.3
9487,L19486,L,300.55,310.22,1236.7,54.76,22.4,3.23,0,0,0,0,0,0,No Failure,270.0
9488,L19487,L,302.07,311.01,1413.9,42.8,191.1,2.16,0,0,0,0,0,0,No Failure,57.3
9489,L19488,L,303.44,314.77,1414.5,33.53,141.9,2.36,0,0,0,0,0,0,No Failure,128.9
9490,L19489,L,302.84,312.01,1499.2,37.03,206.2,2.97,0,0,0,0,0,0,No Failure,46.8
9491,M19490,M,298.07,308.86,1341.5,43.86,90.0,1.73,0,0,0,0,0,0,No Failure,185.7
9492,L19491,L,302.26,312.45,1618.8,25.54,4.8,2.49,0,0,0,0,0,0,No Failure,294.4
9493,L19492,L,300.78,310.81,1413.7,37.46,11.7,1.92,0,0,0,0,0,0,No Failure,285.6
9494,L19493,L,298.69,310.18,1643.4,36.03,198.9,2.34,0,0,0,0,0,0,No Failure,57.0
9495,M19494,M,299.58,307.32,1537.5,53.11,102.7,2.64,0,0,0,0,0,0,No Failure,133.1
9496,L19495,L,298.58,308.38,1363.8,46.59,244.1,4.67,0,0,0,1,0,1,OSF,13.9
9497,L19496,L,300.07,308.99,1786.5,34.69,207.6,2.69,0,0,0,0,0,0,No Failure,46.5
9498,L19497,L,298.54,306.58,1791.8,45.32,4.0,2.16,0,0,0,0,0,0,No Failure,270.6
9499,H19498,H,297.94,306.75,1590.0,41.85,217.5,5.81,1,0,0,0,0,1,TWF,3.8
9500,L19499,L,300.96,310.98,1495.2,45.23,53.2,2.87,0,0,0,0,0,0,No Failure,232.0
9501,M19500,M,301.26,310.53,1348.9,41.63,121.6,1.34,0,0,0,0,0,0,No Failure,147.3
9502,M19501,M,299.62,310.52,1729.7,25.83,126.5,3.0,0,0,0,0,0,0,No Failure,153.4
9503,M19502,M,302.74,312.52,1685.3,37.43,14.9,2.54,0,0,0,0,0,0,No Failure,281.6
9504,H19503,H,299.48,309.15,1392.3,55.85,31.4,2.48,0,0,0,0,0,0,No Failure,256.4
9505,L19504,L,299.39,309.07,1415.1,52.99,105.8,3.21,0,0,0,0,0,0,No Failure,159.7
9506,L19505,L,301.32,311.22,1619.8,41.65,160.7,2.38,0,0,0,0,0,0,No Failure,98.2
9507,L19506,L,299.74,309.32,1327.6,40.39,66.1,6.4,0,0,0,0,1,1,RNF,6.4
9508,M19507,M,300.17,309.32,1426.0,31.22,131.6,3.27,0,0,0,0,0,0,No Failure,143.1
9509,L19508,L,294.96,305.95,1351.7,38.63,94.8,2.54,0,0,0,0,0,0,No Failure,182.7
9510,L19509,L,300.03,309.41,1357.5,45.72,157.6,2.77,0,0,0,0,0,0,No Failure,98.1
9511,M19510,M,296.35,305.96,1409.1,39.28,106.1,2.92,0,0,0,0,0,0,No Failure,168.2
9512,M19511,M,297.56,307.99,1700.2,42.3,212.9,2.78,0,0,0,0,0,0,No Failure,31.7
9513,L19512,L,297.33,307.65,1223.9,38.6,245.9,5.59,1,0,0,0,0,1,TWF,6.3
9514,M19513,M,297.91,307.02,1615.6,36.24,228.3,1.87,0,0,0,0,0,0,No Failure,20.8
9515,M19514,M,298.9,309.66,1584.2,32.51,42.2,2.12,0,0,0,0,0,0,No Failure,249.4
9516,L19515,L,299.03,309.56,1711.3,42.0,114.3,1.74,0,0,0,0,0,0,No Failure,156.2
9517,L19516,L,301.33,311.51,1584.0,41.68,114.7,3.51,0,0,0,0,0,0,No Failure,155.9
9518,M19517,M,300.44,310.01,1470.2,34.99,210.1,1.49,0,0,0,0,0,0,No Failure,44.6
9519,M19518,M,296.2,305.79,1392.1,49.08,89.3,3.29,0,0,0,0,0,0,No Failure,183.7
9520,L19519,L,300.17,309.96,1715.3,23.62,137.4,2.78,0,0,0,0,0,0,No Failure,142.6
9521,L19520,L,300.64,309.4,1627.0,24.37,152.3,1.97,0,0,0,0,0,0,No Failure,120.2
9522,M19521,M,299.34,309.3,1449.7,35.19,27.9,1.74,0,0,0,0,0,0,No Failure,266.1
9523,H19522,H,299.88,310.77,1700.7,21.4,139.5,2.48,0,0,0,0,0,0,No Failure,142.1
9524,M19523,M,300.38,311.26,1458.2,40.36,61.7,2.37,0,0,0,0,0,0,No Failure,223.0
9525,L19524,L,301.53,311.15,1537.8,38.45,51.7,2.74,0,0,0,0,0,0,No Failure,236.1
9526,L19525,L,296.85,307.91,1429.8,39.13,62.6,1.18,0,0,0,0,0,0,No Failure,222.4
9527,H19526,H,299.51,311.42,1633.6,40.5,24.8,2.39,0,0,0,0,0,0,No Failure,269.0
9528,L19527,L,303.02,312.7,1360.0,39.05,17.4,1.97,0,0,0,0,0,0,No Failure,278.4
9529,H19528,H,302.83,313.52,1484.6,31.33,161.7,3.27,0,0,0,0,0,0,No Failure,107.1
9530,H19529,H,301.7,309.44,1420.8,36.65,235.2,5.94,1,0,0,0,0,1,TWF,1.0
9531,L19530,L,301.07,309.82,1585.2,29.31,172.0,2.2,0,0,0,0,0,0,No Failure,91.8
9532,H19531,H,303.31,313.4,1607.5,33.04,78.0,3.35,0,0,0,0,0,0,No Failure,206.2
9533,L19532,L,303.84,312.83,1340.4,48.94,83.8,2.24,0,0,0,0,0,0,No Failure,190.9
9534,H19533,H,299.74,311.78,1610.8,24.95,135.3,2.44,0,0,0,0,0,0,No Failure,143.9
9535,L19534,L,298.06,308.66,1273.7,44.73,216.6,2.66,0,0,0,0,0,0,No Failure,23.8
9536,L19535,L,299.46,310.43,1930.4,37.79,50.6,3.05,0,0,0,0,0,0,No Failure,237.6
9537,M19536,M,306.19,316.16,1446.4,48.98,117.1,2.51,0,0,0,0,0,0,No Failure,147.6
9538,M19537,M,296.86,305.86,1725.8,29.99,124.7,3.35,0,0,0,0,0,0,No Failure,152.2
9539,L19538,L,299.06,308.54,1574.0,53.61,232.8,4.51,0,0,0,1,0,1,OSF,2.6
9540,M19539,M,297.17,307.43,1581.3,30.58,134.0,1.91,0,0,0,0,0,0,No Failure,140.7
9541,L19540,L,300.25,309.61,1329.3,43.54,195.2,3.46,0,0,0,0,0,0,No Failure,52.5
9542,L19541,L,297.59,308.27,1689.0,27.33,22.0,2.31,0,0,0,0,0,0,No Failure,274.4
9543,L19542,L,299.78,310.49,1546.7,41.82,81.7,2.86,0,0,0,0,0,0,No Failure,197.2
9544,L19543,L,296.1,306.1,1622.2,56.6,152.9,5.43,0,0,1,0,0,1,PWF,1.0
9545,L19544,L,301.24,309.41,1521.8,52.33,169.4,3.75,0,0,0,0,0,0,No Failure,56.1
9546,L19545,L,302.44,314.16,1561.3,44.35,221.3,2.32,0,0,0,0,0,0,No Failure,18.3
9547,L19546,L,299.23,309.02,1379.2,39.25,147.6,2.82,0,0,0,0,0,0,No Failure,116.7
9548,L19547,L,299.73,312.44,1510.6,38.54,72.4,2.03,0,0,0,0,0,0,No Failure,210.4
9549,L19548,L,299.67,310.33,1462.8,48.83,134.8,2.21,0,0,0,0,0,0,No Failure,124.7
9550,H19549,H,300.36,310.15,1411.7,47.75,177.9,2.05,0,0,0,0,0,0,No Failure,69.8
9551,L19550,L,299.92,310.37,1562.1,38.99,196.1,3.01,0,0,0,0,0,0,No Failure,56.9
9552,H19551,H,301.54,309.52,1603.0,38.42,236.1,6.29,1,0,0,0,0,1,TWF,6.9
9553,M19552,M,302.47,313.49,1582.9,45.3,47.7,2.72,0,0,0,0,0,0,No Failure,239.0
9554,M19553,M,298.37,310.94,1519.7,48.61,165.2,2.03,0,0,0,0,0,0,No Failure,85.3
9555,M19554,M,299.38,307.29,1611.6,26.73,50.1,2.11,0,0,0,0,0,0,No Failure,219.9
9556,H19555,H,301.8,311.52,1581.3,39.53,79.5,2.08,0,0,0,0,0,0,No Failure,201.2
9557,L19556,L,297.16,307.05,1555.5,42.62,35.7,2.71,0,0,0,0,0,0,No Failure,254.9
9558,M19557,M,296.06,306.93,1567.7,34.55,193.2,1.55,0,0,0,0,0,0,No Failure,65.7
9559,M19558,M,300.45,312.56,1749.8,43.24,228.5,4.11,1,0,0,0,0,1,TWF,5.7
9560,M19559,M,300.99,311.38,1322.3,43.36,7.5,1.7,0,0,0,0,0,0,No Failure,290.5
9561,H19560,H,298.56,310.7,1481.0,49.66,203.4,2.8,0,0,0,0,0,0,No Failure,34.5
9562,L19561,L,298.84,309.01,1598.5,34.96,60.4,1.91,0,0,0,0,0,0,No Failure,226.6
9563,M19562,M,298.48,308.93,1254.7,49.64,121.7,3.67,0,0,0,0,0,0,No Failure,141.1
9564,M19563,M,298.27,308.59,1785.5,35.27,187.1,3.13,0,0,0,0,0,0,No Failure,72.4
9565,L19564,L,301.39,312.61,1583.6,49.53,126.7,2.45,0,0,0,0,0,0,No Failure,132.5
9566,L19565,L,297.64,307.22,1709.3,40.29,57.8,2.75,0,0,0,0,0,0,No Failure,227.9
9567,M19566,M,299.47,310.29,1738.4,31.31,226.5,2.78,0,0,0,0,0,0,No Failure,29.8
9568,H19567,H,298.19,306.96,1611.8,35.32,148.4,1.92,0,0,0,0,0,0,No Failure,114.7
9569,L19568,L,297.09,306.8,1138.4,50.77,232.8,5.48,1,0,0,1,0,1,TWF,9.4
9570,H19569,H,301.74,311.1,1564.4,38.48,211.7,2.44,0,0,0,0,0,0,No Failure,38.2
9571,L19570,L,298.96,309.05,1575.9,31.46,219.1,2.04,0,0,0,0,0,0,No Failure,38.4
9572,L19571,L,300.38,310.06,1343.5,44.09,90.4,2.82,0,0,0,0,0,0,No Failure,185.0
9573,L19572,L,296.98,308.12,1217.6,58.85,246.8,3.91,1,0,0,1,0,1,TWF,4.0
9574,L19573,L,298.52,307.64,1620.6,46.29,213.1,2.89,0,0,0,0,0,0,No Failure,26.2
9575,L19574,L,301.51,309.78,1314.4,34.69,84.4,4.28,0,1,0,0,0,1,HDF,4.0
9576,L19575,L,305.17,313.82,1907.0,19.4,224.1,4.18,1,0,0,0,0,1,TWF,2.7
9577,M19576,M,296.05,307.04,1585.1,33.7,188.8,3.07,0,0,0,0,0,0,No Failure,72.0
9578,M19577,M,299.6,308.63,1779.9,21.26,181.3,2.92,0,0,0,0,0,0,No Failure,95.0
9579,L19578,L,300.82,311.22,1543.6,30.03,1.6,2.31,0,0,0,0,0,0,No Failure,298.2
9580,L19579,L,298.77,308.47,1672.5,38.33,5.6,2.82,0,0,0,0,0,0,No Failure,293.0
9581,L19580,L,301.7,312.52,1547.5,38.51,173.7,1.7,0,0,0,0,0,0,No Failure,85.1
9582,M19581,M,298.27,308.04,1718.0,22.88,69.7,2.79,0,0,0,0,0,0,No Failure,220.5
9583,L19582,L,300.31,313.07,1173.1,59.34,14.6,1.62,0,0,0,0,0,0,No Failure,280.0
9584,L19583,L,298.96,310.85,1697.0,32.4,71.5,2.58,0,0,0,0,0,0,No Failure,214.3
9585,H19584,H,302.44,312.12,1657.7,32.57,209.5,2.91,0,0,0,0,0,0,No Failure,48.5
9586,H19585,H,298.65,308.2,1510.4,46.84,117.7,2.7,0,0,0,0,0,0,No Failure,148.4
9587,L19586,L,299.3,312.43,1464.8,43.84,153.9,3.43,0,0,0,0,0,0,No Failure,104.6
9588,L19587,L,301.89,310.81,1484.5,40.12,200.1,2.02,0,0,0,0,0,0,No Failure,48.9
9589,L19588,L,297.94,307.89,1588.6,34.31,80.8,2.75,0,0,0,0,0,0,No Failure,202.1
9590,M19589,M,300.14,310.16,1755.3,38.17,2.8,1.22,0,0,0,0,0,0,No Failure,296.6
9591,M19590,M,296.35,306.35,1442.4,38.57,80.8,2.19,0,0,0,0,0,0,No Failure,200.0
9592,L19591,L,297.82,306.09,1233.4,47.05,239.2,4.96,0,1,0,1,0,1,HDF,13.8
9593,M19592,M,300.76,311.26,1982.7,22.03,120.6,3.44,0,0,0,0,0,0,No Failure,163.1
9594,L19593,L,298.02,307.05,1658.2,44.18,142.5,2.49,0,0,0,0,0,0,No Failure,118.8
9595,L19594,L,298.91,310.35,1468.0,51.74,190.1,3.05,0,0,0,0,0,0,No Failure,49.4
9596,L19595,L,300.99,309.53,1750.8,35.75,28.7,1.96,0,0,0,0,0,0,No Failure,255.8
9597,L19596,L,298.84,308.9,1705.1,31.78,183.5,2.3,0,0,0,0,0,0,No Failure,80.6
9598,L19597,L,301.65,309.43,1626.1,43.45,74.4,2.0,0,0,0,0,0,0,No Failure,181.3
9599,L19598,L,300.43,308.28,1452.6,45.43,97.0,1.9,0,0,0,0,0,0,No Failure,152.7
9600,L19599,L,300.87,310.03,1657.5,33.09,67.4,1.94,0,0,0,0,0,0,No Failure,218.9
9601,L19600,L,302.48,311.78,1733.0,42.68,38.4,2.13,0,0,0,0,0,0,No Failure,251.5
9602,M19601,M,300.64,312.11,1230.1,45.81,90.4,3.73,0,0,0,0,0,0,No Failure,184.2
9603,L19602,L,303.08,313.04,1578.2,29.02,23.7,2.46,0,0,0,0,0,0,No Failure,272.1
9604,L19603,L,301.82,313.11,1591.4,37.24,211.2,1.69,0,0,0,0,0,0,No Failure,40.4
9605,M19604,M,298.95,308.57,1585.6,45.43,76.5,2.19,0,0,0,0,0,0,No Failure,202.1
9606,M19605,M,302.59,313.19,1546.3,39.52,163.4,3.11,0,0,0,0,0,0,No Failure,96.9
9607,H19606,H,300.53,309.8,1750.3,26.07,74.2,2.08,0,0,0,0,0,0,No Failure,213.9
9608,L19607,L,299.21,308.42,1500.2,37.17,52.7,3.39,0,0,0,0,0,0,No Failure,235.3
9609,L19608,L,300.56,308.74,1537.5,47.4,178.4,3.12,0,0,0,0,0,0,No Failure,53.1
9610,M19609,M,302.22,312.56,1594.5,39.55,156.0,2.38,0,0,0,0,0,0,No Failure,106.0
9611,M19610,M,300.91,311.17,1506.1,39.71,54.5,2.11,0,0,0,0,0,0,No Failure,232.2
9612,L19611,L,303.64,314.42,1289.9,45.6,153.0,1.93,0,0,0,0,0,0,No Failure,104.0
9613,H19612,H,302.17,312.39,1576.3,45.62,1.3,2.62,0,0,0,0,0,0,No Failure,298.4
9614,L19613,L,301.05,313.07,1578.4,45.12,44.2,2.75,0,0,0,0,0,0,No Failure,243.5
9615,H19614,H,297.95,308.12,1472.6,30.94,181.9,3.3,0,0,0,0,0,0,No Failure,83.4
9616,H19615,H,299.64,310.63,1514.3,46.2,102.5,2.71,0,0,0,0,0,0,No Failure,168.3
9617,M19616,M,300.14,309.82,1100.0,58.16,50.9,2.29,0,0,0,0,0,0,No Failure,230.9
9618,H19617,H,301.39,310.48,1754.3,45.35,126.5,3.32,0,0,0,0,0,0,No Failure,134.9
9619,M19618,M,301.27,311.99,1699.3,34.83,116.3,2.99,0,0,0,0,0,0,No Failure,158.8
9620,L19619,L,300.34,310.25,1298.5,54.15,158.5,2.09,0,0,0,0,0,0,No Failure,88.7
9621,L19620,L,300.24,311.07,1417.1,45.62,18.1,2.45,0,0,0,0,0,0,No Failure,276.8
9622,L19621,L,301.44,311.79,1797.3,25.59,204.8,2.9,0,0,0,0,0,0,No Failure,62.9
9623,L19622,L,298.28,307.49,1331.3,52.21,14.6,2.68,0,0,0,0,0,0,No Failure,280.7
9624,M19623,M,303.39,314.47,1623.6,42.62,113.5,1.9,0,0,0,0,0,0,No Failure,156.8
9625,L19624,L,295.91,305.03,1449.9,36.83,177.6,2.61,0,0,0,0,0,0,No Failure,82.1
9626,L19625,L,302.91,313.54,1611.4,39.26,86.2,2.09,0,0,0,0,0,0,No Failure,193.0
9627,M19626,M,299.91,311.19,1547.0,53.54,227.5,4.7,1,0,0,1,0,1,TWF,5.1
9628,H19627,H,302.01,311.62,1487.3,36.96,188.8,1.72,0,0,0,0,0,0,No Failure,68.2
9629,L19628,L,300.73,311.88,1607.5,42.41,106.5,1.97,0,0,0,0,0,0,No Failure,165.7
9630,L19629,L,300.69,311.09,1449.7,33.72,46.0,3.76,0,0,0,0,0,0,No Failure,244.5
9631,L19630,L,301.11,311.96,1218.6,45.24,10.9,2.24,0,0,0,0,0,0,No Failure,286.1
9632,M19631,M,301.62,310.78,1371.9,49.41,200.4,3.17,0,0,0,0,0,0,No Failure,38.6
9633,L19632,L,299.34,309.56,1350.4,46.23,48.6,2.42,0,0,0,0,0,0,No Failure,237.6
9634,M19633,M,302.07,310.66,1250.9,46.56,67.4,4.32,0,1,0,0,0,1,HDF,14.8
9635,L19634,L,297.83,309.54,1604.1,49.32,2.6,1.85,0,0,0,0,0,0,No Failure,293.8
9636,L19635,L,299.99,307.98,1507.1,33.36,4.6,2.02,0,0,0,0,0,0,No Failure,274.2
9637,H19636,H,301.67,311.32,1601.4,36.45,57.6,3.79,0,0,0,0,0,0,No Failure,229.5
9638,L19637,L,301.99,311.06,1631.2,40.22,218.2,5.28,1,0,0,0,0,1,TWF,5.8
9639,L19638,L,300.92,311.6,1673.4,29.75,195.2,2.61,0,0,0,0,0,0,No Failure,69.1
9640,L19639,L,299.21,311.14,1610.8,40.81,192.5,2.91,0,0,0,0,0,0,No Failure,59.2
9641,L19640,L,301.79,312.45,1362.7,51.55,206.8,2.8,0,0,0,0,0,0,No Failure,27.6
9642,M19641,M,298.66,311.62,1641.7,35.74,46.7,3.02,0,0,0,0,0,0,No Failure,243.1
9643,L19642,L,303.5,312.12,1577.7,33.23,244.8,4.79,1,0,0,0,0,1,TWF,3.4
9644,L19643,L,299.83,308.53,1930.0,28.9,58.0,1.79,0,0,0,0,0,0,No Failure,225.6
9645,L19644,L,296.92,306.03,1539.4,20.23,37.5,4.31,0,0,1,0,0,1,PWF,11.4
9646,M19645,M,297.61,307.73,1606.5,44.39,73.7,1.58,0,0,0,0,0,0,No Failure,206.2
9647,M19646,M,300.09,309.06,1521.0,41.3,132.6,2.19,0,0,0,0,0,0,No Failure,133.1
9648,M19647,M,300.28,309.53,1546.8,37.56,31.1,0.5,0,0,0,0,0,0,No Failure,261.7
9649,M19648,M,303.94,314.56,1534.7,27.43,184.7,2.93,0,0,0,0,0,0,No Failure,84.2
9650,L19649,L,297.92,306.68,1460.2,48.85,92.9,2.84,0,0,0,0,0,0,No Failure,174.4
9651,L19650,L,300.08,308.95,1569.7,35.16,142.1,1.91,0,0,0,0,0,0,No Failure,124.5
9652,L19651,L,297.88,307.48,1649.3,40.34,183.6,1.67,0,0,0,0,0,0,No Failure,70.9
9653,L19652,L,299.01,308.71,1462.9,40.93,225.5,3.42,0,0,0,0,0,0,No Failure,17.7
9654,L19653,L,303.37,314.38,1687.6,24.25,204.8,6.02,1,0,0,0,0,1,TWF,7.0
9655,M19654,M,297.73,306.83,1665.9,44.9,134.4,2.35,0,0,0,0,0,0,No Failure,128.5
9656,M19655,M,301.17,310.45,1380.4,51.01,247.8,4.22,1,0,0,1,0,1,TWF,11.1
9657,H19656,H,300.79,311.37,1365.5,49.29,132.4,2.52,0,0,0,0,0,0,No Failure,127.4
9658,L19657,L,299.95,310.75,1618.2,39.28,134.0,1.64,0,0,0,0,0,0,No Failure,133.6
9659,M19658,M,301.04,312.47,1432.8,33.49,39.6,2.68,0,0,0,0,0,0,No Failure,252.2
9660,H19659,H,297.68,308.15,1350.8,50.5,37.2,1.78,0,0,0,0,0,0,No Failure,251.3
9661,M19660,M,303.31,313.44,1845.3,47.95,42.2,3.97,0,0,1,0,0,1,PWF,4.0
9662,L19661,L,303.85,314.42,1365.0,44.77,148.0,2.01,0,0,0,0,0,0,No Failure,111.3
9663,L19662,L,300.09,309.83,1265.3,48.37,103.8,1.89,0,0,0,0,0,0,No Failure,165.3
9664,L19663,L,304.85,314.57,1397.7,35.21,96.5,3.58,0,0,0,0,0,0,No Failure,182.6
9665,L19664,L,299.2,307.43,1579.5,23.49,31.9,3.5,0,0,0,0,0,0,No Failure,248.0
9666,M19665,M,300.8,311.69,1551.2,36.17,95.3,1.83,0,0,0,0,0,0,No Failure,183.5
9667,L19666,L,302.86,313.08,1875.8,42.36,94.5,2.44,0,0,0,0,0,0,No Failure,177.7
9668,L19667,L,299.08,309.86,1400.5,52.25,155.2,2.11,0,0,0,0,0,0,No Failure,94.9
9669,M19668,M,297.24,304.42,1580.3,37.51,97.1,3.6,0,0,0,0,0,0,No Failure,144.2
9670,M19669,M,296.78,306.73,1740.0,37.49,104.7,1.41,0,0,0,0,0,0,No Failure,171.2
9671,L19670,L,304.12,313.27,1420.0,33.72,68.1,2.78,0,0,0,0,0,0,No Failure,217.7
9672,M19671,M,298.94,310.44,1664.0,36.84,32.9,3.27,0,0,0,0,0,0,No Failure,259.7
9673,L19672,L,299.63,310.24,1210.0,45.91,75.0,2.17,0,0,0,0,0,0,No Failure,203.8
9674,L19673,L,297.77,308.01,1852.8,32.77,10.7,2.51,0,0,0,0,0,0,No Failure,287.2
9675,L19674,L,301.9,311.46,1716.1,33.04,50.9,3.13,0,0,0,0,0,0,No Failure,238.7
9676,M19675,M,298.44,308.83,1416.2,40.32,81.2,1.84,0,0,0,0,0,0,No Failure,198.6
9677,H19676,H,299.02,308.09,1686.5,42.55,36.4,2.88,0,0,0,0,0,0,No Failure,254.1
9678,L19677,L,300.6,310.5,1773.1,47.59,166.2,1.57,0,0,0,0,0,0,No Failure,76.7
9679,M19678,M,297.87,307.29,1307.3,44.71,70.2,1.54,0,0,0,0,0,0,No Failure,210.5
9680,L19679,L,299.64,311.91,1430.6,51.87,153.9,3.01,0,0,0,0,0,0,No Failure,97.0
9681,M19680,M,302.8,314.27,1778.9,25.04,161.0,1.92,0,0,0,0,0,0,No Failure,114.2
9682,L19681,L,300.86,311.92,1550.1,38.06,111.8,2.61,0,0,0,0,0,0,No Failure,162.0
9683,L19682,L,300.26,308.77,1616.1,28.05,112.3,1.79,0,0,0,0,0,0,No Failure,158.5
9684,H19683,H,300.43,311.29,1550.6,36.51,145.4,2.67,0,0,0,0,0,0,No Failure,122.0
9685,M19684,M,299.22,309.41,1697.6,40.35,65.6,1.5,0,0,0,0,0,0,No Failure,218.1
9686,L19685,L,303.99,315.22,1629.8,44.64,5.3,3.28,0,0,0,0,0,0,No Failure,293.2
9687,L19686,L,298.38,308.7,1557.0,33.09,161.3,2.99,0,0,0,0,0,0,No Failure,105.9
9688,L19687,L,300.42,310.42,1161.8,54.85,152.1,2.14,0,0,0,0,0,0,No Failure,96.5
9689,L19688,L,300.23,310.46,1652.6,44.92,119.1,1.38,0,0,0,0,0,0,No Failure,148.0
9690,H19689,H,302.02,310.21,1668.5,43.57,218.9,2.38,0,0,0,0,0,0,No Failure,6.2
9691,H19690,H,302.21,311.44,1316.1,47.4,127.2,2.28,0,0,0,0,0,0,No Failure,135.8
9692,L19691,L,299.94,310.31,1328.3,41.05,75.9,2.17,0,0,0,0,0,0,No Failure,205.0
9693,L19692,L,300.58,311.72,1630.7,31.97,178.4,3.13,0,0,0,0,0,0,No Failure,86.5
9694,H19693,H,300.66,310.11,1572.8,32.25,240.6,6.62,1,0,0,0,0,1,TWF,1.0
9695,L19694,L,295.46,305.41,1184.5,50.43,184.2,2.76,0,0,0,0,0,0,No Failure,58.6
9696,M19695,M,296.82,305.22,1390.9,37.38,227.2,3.39,0,0,0,0,0,0,No Failure,8.5
9697,L19696,L,298.79,310.25,1594.2,42.38,28.2,0.82,0,0,0,0,0,0,No Failure,264.5
9698,M19697,M,298.88,309.99,1659.1,37.76,30.2,2.32,0,0,0,0,0,0,No Failure,262.7
9699,M19698,M,297.6,308.25,1433.4,43.14,38.7,2.29,0,0,0,0,0,0,No Failure,251.1
9700,H19699,H,301.5,311.91,1511.6,26.81,175.7,3.01,0,0,0,0,0,0,No Failure,95.3
9701,M19700,M,300.0,311.56,1380.6,43.65,97.4,2.31,0,0,0,0,0,0,No Failure,176.4
9702,L19701,L,299.57,308.77,1775.0,30.59,119.4,2.83,0,0,0,0,0,0,No Failure,158.1
9703,M19702,M,297.49,306.57,1569.3,53.4,65.5,2.21,0,0,0,0,0,0,No Failure,205.2
9704,H19703,H,299.91,310.97,1418.5,33.34,184.0,2.1,0,0,0,0,0,0,No Failure,78.2
9705,L19704,L,294.75,305.74,1331.0,43.64,211.3,2.98,0,0,0,0,0,0,No Failure,31.9
9706,L19705,L,299.67,308.48,1311.2,48.44,40.1,2.5,0,0,0,0,0,0,No Failure,244.1
9707,L19706,L,300.13,309.6,1862.3,25.41,48.2,2.68,0,0,0,0,0,0,No Failure,244.3
9708,L19707,L,300.48,312.17,1506.9,53.31,84.9,1.76,0,0,0,0,0,0,No Failure,183.2
9709,L19708,L,296.87,307.28,1466.5,54.56,70.0,2.91,0,0,0,0,0,0,No Failure,202.7
9710,M19709,M,300.45,311.24,1499.8,34.0,132.9,1.85,0,0,0,0,0,0,No Failure,139.3
9711,L19710,L,297.92,306.76,1425.2,37.96,188.1,3.53,0,0,0,0,0,0,No Failure,64.7
9712,H19711,H,298.38,309.03,1518.8,54.53,198.3,2.35,0,0,0,0,0,0,No Failure,28.4
9713,L19712,L,301.44,310.02,1544.3,48.62,52.1,2.25,0,0,0,0,0,0,No Failure,223.9
9714,L19713,L,304.03,312.05,1540.7,36.36,43.9,3.04,0,0,0,0,0,0,No Failure,226.7
9715,L19714,L,300.1,310.83,1312.0,48.75,90.9,2.47,0,0,0,0,0,0,No Failure,181.8
9716,L19715,L,298.37,309.8,1697.7,25.63,36.9,2.93,0,0,0,0,0,0,No Failure,257.2
9717,L19716,L,300.38,310.12,1439.0,57.07,22.9,2.32,0,0,0,0,0,0,No Failure,263.0
9718,L19717,L,301.88,311.33,1420.1,42.76,60.6,2.93,0,0,0,0,0,0,No Failure,223.4
9719,L19718,L,301.24,312.95,1412.0,46.59,98.5,2.45,0,0,0,0,0,0,No Failure,173.3
9720,M19719,M,305.49,315.29,1349.6,37.91,147.0,3.02,0,0,0,0,0,0,No Failure,118.8
9721,M19720,M,298.57,308.5,1585.9,29.88,180.8,3.19,0,0,0,0,0,0,No Failure,85.9
9722,L19721,L,300.5,312.2,1698.2,38.49,55.7,1.55,0,0,0,0,0,0,No Failure,231.1
9723,M19722,M,303.1,312.74,1408.6,56.01,204.7,2.71,0,0,0,0,0,0,No Failure,22.2
9724,M19723,M,302.97,312.32,1208.1,45.88,8.4,3.6,0,0,0,0,0,0,No Failure,289.2
9725,L19724,L,296.1,306.92,1354.1,37.45,111.0,2.87,0,0,0,0,0,0,No Failure,163.4
9726,H19725,H,299.99,309.28,1457.8,43.3,158.3,3.96,0,0,0,0,0,0,No Failure,99.6
9727,H19726,H,302.97,312.82,1317.6,57.0,72.8,1.94,0,0,0,0,0,0,No Failure,201.6
9728,L19727,L,305.78,314.46,1430.8,37.46,170.9,2.65,0,0,0,0,0,0,No Failure,83.3
9729,L19728,L,301.41,311.59,1439.3,39.94,216.8,5.08,1,0,0,0,0,1,TWF,4.6
9730,L19729,L,299.26,309.33,1535.2,44.94,22.3,2.18,0,0,0,0,0,0,No Failure,271.5
9731,L19730,L,297.98,308.95,1277.6,53.58,128.1,1.76,0,0,0,0,0,0,No Failure,129.6
9732,M19731,M,304.44,315.29,1641.8,34.55,4.7,3.8,0,0,0,0,0,0,No Failure,294.3
9733,L19732,L,301.46,312.01,1835.3,40.37,69.9,3.17,0,0,0,0,0,0,No Failure,212.7
9734,M19733,M,298.3,308.7,1793.8,37.15,34.2,2.83,0,0,0,0,0,0,No Failure,257.9
9735,M19734,M,299.59,309.52,1433.5,41.97,156.1,2.53,0,0,0,0,0,0,No Failure,103.6
9736,M19735,M,300.62,311.23,1657.7,42.51,62.2,2.58,0,0,0,0,0,0,No Failure,221.6
9737,M19736,M,301.09,309.98,1636.5,42.02,70.6,2.88,0,0,0,0,0,0,No Failure,208.9
9738,L19737,L,298.2,305.85,1530.2,31.88,51.4,3.37,0,0,0,0,0,0,No Failure,211.5
9739,L19738,L,298.77,309.93,1569.7,48.61,61.0,2.08,0,0,0,0,0,0,No Failure,220.8
9740,M19739,M,296.69,307.37,1660.3,38.56,56.3,2.56,0,0,0,0,0,0,No Failure,230.4
9741,L19740,L,302.08,311.95,1696.1,45.0,174.5,2.28,0,0,0,0,0,0,No Failure,77.2
9742,L19741,L,299.32,310.39,1392.7,43.44,239.0,4.8,1,0,0,0,0,1,TWF,13.1
9743,H19742,H,300.93,310.2,1671.8,37.62,122.6,2.13,0,0,0,0,0,0,No Failure,149.1
9744,M19743,M,302.84,312.14,1836.3,35.47,150.1,2.63,0,0,0,0,0,0,No Failure,117.1
9745,L19744,L,300.44,309.6,1695.9,39.21,204.5,2.32,0,0,0,0,0,0,No Failure,46.1
9746,M19745,M,299.77,310.34,1813.0,43.79,119.0,2.52,0,0,0,0,0,0,No Failure,145.8
9747,M19746,M,300.39,308.8,1100.0,57.81,75.5,4.91,0,1,0,0,0,1,HDF,7.8
9748,L19747,L,300.13,309.36,1644.6,36.29,237.7,4.75,1,0,0,0,0,1,TWF,9.9
9749,L19748,L,302.49,312.78,1585.3,44.91,226.5,4.09,0,0,0,0,0,0,No Failure,10.8
9750,H19749,H,300.62,309.42,1721.8,37.86,55.1,2.96,0,0,0,0,0,0,No Failure,228.0
9751,L19750,L,298.91,308.25,1336.5,65.58,175.8,4.68,0,0,1,1,0,1,PWF,5.3
9752,L19751,L,302.1,309.88,1447.4,43.49,161.8,3.16,0,0,0,0,0,0,No Failure,70.7
9753,L19752,L,302.46,313.07,1699.2,43.97,162.4,2.31,0,0,0,0,0,0,No Failure,93.6
9754,M19753,M,297.32,306.64,1348.3,50.67,207.7,2.08,0,0,0,0,0,0,No Failure,27.6
9755,L19754,L,303.07,311.97,1581.4,23.59,168.5,2.87,0,0,0,0,0,0,No Failure,105.0
9756,L19755,L,300.73,309.43,1535.0,33.93,129.5,3.35,0,0,0,0,0,0,No Failure,137.6
9757,L19756,L,300.57,310.15,1502.9,36.85,211.5,2.14,0,0,0,0,0,0,No Failure,40.5
9758,H19757,H,302.01,310.43,1640.5,26.08,66.2,2.69,0,0,0,0,0,0,No Failure,211.6
9759,L19758,L,298.87,310.81,1338.3,42.07,169.8,2.77,0,0,0,0,0,0,No Failure,86.2
9760,M19759,M,301.91,309.52,1398.4,33.31,175.4,1.93,0,0,0,0,0,0,No Failure,61.0
9761,H19760,H,299.25,308.8,1513.1,31.89,217.6,1.64,0,0,0,0,0,0,No Failure,39.7
9762,L19761,L,297.05,307.16,1323.0,47.04,249.6,3.24,1,0,0,1,0,1,TWF,10.0
9763,H19762,H,298.0,307.23,1758.3,47.56,139.4,3.27,0,0,0,0,0,0,No Failure,112.2
9764,H19763,H,301.13,311.35,1395.0,33.47,121.1,2.22,0,0,0,0,0,0,No Failure,153.9
9765,H19764,H,298.11,307.31,1678.8,27.23,150.2,2.12,0,0,0,0,0,0,No Failure,124.7
9766,L19765,L,303.22,314.75,1381.3,39.71,164.7,2.69,0,0,0,0,0,0,No Failure,95.1
9767,M19766,M,302.38,311.26,1664.1,35.03,178.2,3.28,0,0,0,0,0,0,No Failure,81.0
9768,M19767,M,302.67,310.32,1250.0,37.2,70.3,3.33,0,1,0,0,0,1,HDF,1.0
9769,H19768,H,300.25,308.95,1790.1,28.62,121.8,1.37,0,0,0,0,0,0,No Failure,150.8
9770,L19769,L,300.52,310.9,1741.2,28.92,92.7,3.39,0,0,0,0,0,0,No Failure,190.8
9771,M19770,M,297.61,307.49,1439.1,43.92,9.7,2.81,0,0,0,0,0,0,No Failure,287.7
9772,L19771,L,301.99,312.74,1390.2,46.14,152.4,1.86,0,0,0,0,0,0,No Failure,104.4
9773,L19772,L,300.76,311.26,1619.9,35.97,218.7,3.87,1,0,0,0,0,1,TWF,10.8
9774,L19773,L,301.13,310.5,1264.8,44.79,230.4,5.16,1,0,0,0,0,1,TWF,13.3
9775,M19774,M,303.38,312.89,1544.2,33.89,129.4,2.88,0,0,0,0,0,0,No Failure,143.7
9776,L19775,L,298.79,308.4,1393.4,43.42,191.5,3.11,0,0,0,0,0,0,No Failure,57.4
9777,M19776,M,299.75,311.63,1492.5,33.37,178.1,2.9,0,0,0,0,0,0,No Failure,85.3
9778,H19777,H,300.65,311.34,1422.8,53.0,57.2,2.6,0,0,0,0,0,0,No Failure,224.1
9779,L19778,L,298.13,310.02,1395.1,32.52,15.7,2.73,0,0,0,0,0,0,No Failure,281.1
9780,M19779,M,299.62,310.47,1843.2,27.96,187.0,2.05,0,0,0,0,0,0,No Failure,80.9
9781,L19780,L,300.99,310.92,1677.7,41.84,70.7,2.23,0,0,0,0,0,0,No Failure,211.1
9782,L19781,L,299.35,308.33,1273.1,44.34,137.3,2.5,0,0,0,0,0,0,No Failure,124.8
9783,M19782,M,302.62,312.82,1381.2,48.14,131.0,2.33,0,0,0,0,0,0,No Failure,130.2
9784,H19783,H,296.98,306.92,1691.5,47.49,204.5,4.44,1,0,0,0,0,1,TWF,6.4
9785,M19784,M,302.25,312.15,1711.4,40.89,161.2,1.53,0,0,0,0,0,0,No Failure,98.3
9786,M19785,M,301.32,311.11,1290.1,38.09,211.8,3.03,0,0,0,0,0,0,No Failure,38.6
9787,L19786,L,298.86,306.81,1663.1,28.0,188.1,1.86,0,0,0,0,0,0,No Failure,58.5
9788,L19787,L,298.15,309.41,1585.4,36.53,250.0,3.35,1,0,0,0,0,1,TWF,9.8
9789,M19788,M,295.84,305.79,1190.4,53.5,216.0,2.07,0,0,0,0,0,0,No Failure,12.9
9790,L19789,L,298.41,307.0,1465.8,49.38,52.8,2.37,0,0,0,0,0,0,No Failure,222.9
9791,L19790,L,302.09,312.58,1513.6,34.14,240.3,5.85,1,0,0,0,0,1,TWF,1.9
9792,M19791,M,299.89,309.03,1546.7,35.4,85.0,2.21,0,0,0,0,0,0,No Failure,196.4
9793,L19792,L,302.33,312.89,1301.6,44.34,152.0,2.63,0,0,0,0,0,0,No Failure,106.6
9794,L19793,L,298.76,309.64,1401.4,40.92,235.3,2.69,0,0,0,0,0,0,No Failure,5.4
9795,M19794,M,301.41,312.43,1426.5,52.53,53.5,1.59,0,0,0,0,0,0,No Failure,229.2
9796,M19795,M,298.57,308.4,1442.1,40.88,214.3,2.44,0,0,0,0,0,0,No Failure,31.8
9797,H19796,H,298.07,307.66,1445.1,42.59,238.3,2.34,0,0,0,0,0,0,No Failure,1.0
9798,M19797,M,299.79,309.16,1514.3,46.0,213.4,2.55,0,0,0,0,0,0,No Failure,26.1
9799,L19798,L,298.67,307.95,1593.4,48.79,204.8,2.75,0,0,0,0,0,0,No Failure,32.3
9800,H19799,H,296.91,306.9,1855.6,32.09,66.2,3.01,0,0,0,0,0,0,No Failure,220.8
9801,M19800,M,299.64,309.43,1693.9,44.24,101.8,1.99,0,0,0,0,0,0,No Failure,170.5
9802,L19801,L,300.21,309.39,1773.7,46.62,190.1,2.79,0,0,0,0,0,0,No Failure,48.8
9803,L19802,L,302.54,311.39,1451.9,40.55,29.5,2.06,0,0,0,0,0,0,No Failure,260.2
9804,M19803,M,301.87,311.76,1358.3,40.23,222.1,4.51,1,0,0,0,0,1,TWF,1.0
9805,M19804,M,302.44,312.01,1681.5,50.99,52.6,3.55,0,0,0,0,0,0,No Failure,221.2
9806,M19805,M,301.44,310.3,1535.1,46.93,141.2,1.41,0,0,0,0,0,0,No Failure,115.2
9807,M19806,M,300.67,311.5,1668.7,36.04,26.3,2.19,0,0,0,0,0,0,No Failure,267.9
9808,M19807,M,297.54,309.31,1380.1,48.03,46.3,2.63,0,0,0,0,0,0,No Failure,240.0
9809,H19808,H,300.3,311.26,1654.1,28.96,146.4,2.14,0,0,0,0,0,0,No Failure,127.5
9810,M19809,M,301.19,310.47,1506.6,47.59,158.7,2.59,0,0,0,0,0,0,No Failure,94.9
9811,L19810,L,302.91,312.86,1455.5,28.62,67.4,1.69,0,0,0,0,0,0,No Failure,220.7
9812,H19811,H,301.37,312.91,1472.4,48.25,29.8,1.39,0,0,0,0,0,0,No Failure,261.4
9813,L19812,L,302.48,311.31,1625.8,31.85,137.4,1.98,0,0,0,0,0,0,No Failure,132.2
9814,M19813,M,297.94,308.72,1676.6,24.21,210.2,2.59,0,0,0,0,0,0,No Failure,58.5
9815,H19814,H,299.35,307.9,1472.4,26.74,50.4,2.4,0,0,0,0,0,0,No Failure,232.4
9816,M19815,M,300.86,312.54,1599.6,34.18,172.9,2.88,0,0,0,0,0,0,No Failure,90.7
9817,M19816,M,302.32,311.89,1599.0,42.5,96.5,1.65,0,0,0,0,0,0,No Failure,178.3
9818,L19817,L,299.71,311.94,1670.2,26.2,235.8,5.51,1,0,0,0,0,1,TWF,13.7
9819,L19818,L,299.84,311.56,1714.7,26.34,20.6,2.46,0,0,0,0,0,0,No Failure,276.0
9820,L19819,L,301.37,311.27,1862.2,28.76,10.0,1.92,0,0,0,0,0,0,No Failure,288.2
9821,M19820,M,297.75,307.03,1454.7,46.9,31.1,2.58,0,0,0,0,0,0,No Failure,260.0
9822,M19821,M,303.21,313.41,1799.3,39.87,195.6,2.33,0,0,0,0,0,0,No Failure,56.4
9823,M19822,M,298.24,308.06,1559.0,39.47,230.7,4.33,1,0,0,0,0,1,TWF,6.8
9824,L19823,L,296.16,305.76,1342.0,51.59,205.6,2.67,0,0,0,0,0,0,No Failure,29.1
9825,L19824,L,300.02,308.36,1421.6,47.02,179.5,1.39,0,0,0,0,0,0,No Failure,55.5
9826,M19825,M,303.4,312.88,1621.4,34.09,14.4,3.38,0,0,0,0,0,0,No Failure,282.6
9827,L19826,L,301.17,310.06,1667.6,42.35,53.5,1.2,0,0,0,0,0,0,No Failure,230.4
9828,M19827,M,301.5,312.05,1356.1,35.26,233.8,1.57,0,0,0,0,0,0,No Failure,15.4
9829,M19828,M,300.08,311.07,1401.3,46.22,155.7,2.46,0,0,0,0,0,0,No Failure,100.0
9830,M19829,M,299.7,310.44,1442.6,33.43,117.1,2.68,0,0,0,0,0,0,No Failure,158.8
9831,L19830,L,296.91,307.25,1383.5,44.37,163.1,2.33,0,0,0,0,0,0,No Failure,92.4
9832,H19831,H,295.48,304.63,1201.5,58.47,44.6,2.17,0,0,0,0,0,0,No Failure,239.3
9833,L19832,L,300.39,310.6,1140.7,54.09,223.2,5.95,0,0,0,1,0,1,OSF,9.8
9834,H19833,H,302.63,313.42,1469.7,40.74,164.1,2.82,0,0,0,0,0,0,No Failure,94.8
9835,L19834,L,300.69,310.1,1583.1,39.48,117.8,1.81,0,0,0,0,0,0,No Failure,153.6
9836,L19835,L,301.25,311.37,1655.3,40.89,114.3,1.83,0,0,0,0,0,0,No Failure,156.9
9837,H19836,H,303.17,313.02,1294.1,61.3,205.6,1.98,0,0,0,0,0,0,No Failure,13.8
9838,L19837,L,300.66,312.32,1297.2,50.82,77.0,3.29,0,0,0,0,0,0,No Failure,199.0
9839,M19838,M,299.75,310.61,1443.5,38.05,34.3,2.72,0,0,0,0,0,0,No Failure,257.7
9840,H19839,H,298.36,308.97,1538.6,37.54,46.4,2.84,0,0,0,0,0,0,No Failure,242.9
9841,H19840,H,304.04,312.33,1718.6,28.6,20.3,3.45,0,0,0,0,0,0,No Failure,261.8
9842,H19841,H,301.05,311.23,1666.5,27.33,127.0,2.97,0,0,0,0,0,0,No Failure,151.7
9843,L19842,L,298.11,307.96,1472.2,23.73,169.3,2.59,0,0,0,0,0,0,No Failure,106.0
9844,M19843,M,297.66,307.49,1602.5,34.21,233.5,5.46,1,0,0,0,0,1,TWF,12.2
9845,L19844,L,302.51,310.94,1387.0,33.43,187.7,1.92,0,0,0,0,0,0,No Failure,62.4
9846,L19845,L,297.93,306.84,1551.3,39.36,145.8,2.34,0,0,0,0,0,0,No Failure,117.2
9847,H19846,H,303.71,313.64,1526.8,35.73,216.0,3.19,0,0,0,0,0,0,No Failure,36.5
9848,L19847,L,294.49,305.6,1789.4,25.93,223.1,1.18,0,0,0,0,0,0,No Failure,41.4
9849,M19848,M,302.85,312.25,1626.3,22.17,178.1,2.02,0,0,0,0,0,0,No Failure,97.6
9850,M19849,M,300.97,310.57,1400.0,40.41,14.1,2.97,0,0,0,0,0,0,No Failure,282.4
9851,M19850,M,300.24,312.02,1401.9,30.53,72.9,2.56,0,0,0,0,0,0,No Failure,213.4
9852,H19851,H,299.65,309.35,1478.4,45.53,84.0,2.81,0,0,0,0,0,0,No Failure,192.4
9853,L19852,L,303.78,313.65,1258.0,49.48,249.3,4.15,1,0,0,1,0,1,TWF,13.1
9854,M19853,M,301.41,311.3,1496.8,38.5,116.0,2.0,0,0,0,0,0,0,No Failure,156.5
9855,H19854,H,298.19,306.85,1512.3,49.83,190.5,2.89,0,0,0,0,0,0,No Failure,44.2
9856,L19855,L,296.56,307.13,1621.5,37.07,203.4,1.96,0,0,0,0,0,0,No Failure,50.1
9857,L19856,L,300.35,309.7,1647.6,39.12,163.3,2.99,0,0,0,0,0,0,No Failure,97.4
9858,M19857,M,300.0,309.97,1555.7,43.38,4.6,2.67,0,0,0,0,0,0,No Failure,294.2
9859,L19858,L,296.96,307.4,1246.2,44.53,4.8,1.8,0,0,0,0,0,0,No Failure,293.8
9860,L19859,L,299.89,311.83,1319.4,41.9,204.7,2.71,0,0,0,0,0,0,No Failure,42.5
9861,H19860,H,298.85,307.53,1429.7,42.26,184.8,2.95,0,0,0,0,0,0,No Failure,60.8
9862,M19861,M,300.02,310.88,1654.8,26.83,134.0,2.72,0,0,0,0,0,0,No Failure,143.8
9863,H19862,H,301.45,312.32,1648.7,48.89,62.2,2.82,0,0,0,0,0,0,No Failure,214.7
9864,H19863,H,302.99,312.35,1493.4,41.3,21.7,1.46,0,0,0,0,0,0,No Failure,272.8
9865,M19864,M,301.82,312.42,1960.4,29.2,41.1,3.85,0,0,0,0,0,0,No Failure,251.6
9866,L19865,L,298.56,310.2,1817.5,47.61,145.1,7.59,0,0,1,0,0,1,PWF,12.7
9867,L19866,L,300.74,309.97,1759.9,26.38,136.5,3.36,0,0,0,0,0,0,No Failure,141.4
9868,L19867,L,300.13,310.37,1663.4,46.82,235.3,5.03,1,0,0,1,0,1,TWF,1.8
9869,H19868,H,297.34,307.74,1620.1,42.73,239.3,5.09,1,0,0,0,0,1,TWF,5.6
9870,L19869,L,300.8,311.33,1607.0,45.16,144.0,2.27,0,0,0,0,0,0,No Failure,116.0
9871,L19870,L,303.71,314.48,1214.9,48.16,210.4,2.97,0,0,0,0,0,0,No Failure,27.3
9872,M19871,M,300.06,310.23,1349.8,44.84,203.1,3.14,0,0,0,0,0,0,No Failure,40.9
9873,L19872,L,296.81,307.33,1498.2,37.64,188.1,2.11,0,0,0,0,0,0,No Failure,68.3
9874,L19873,L,300.06,309.15,1560.9,45.41,109.3,2.49,0,0,0,0,0,0,No Failure,160.1
9875,M19874,M,297.57,307.74,1515.7,42.33,97.4,3.25,0,0,0,0,0,0,No Failure,177.3
9876,L19875,L,301.73,311.25,1586.7,33.9,66.0,2.44,0,0,0,0,0,0,No Failure,220.2
9877,L19876,L,301.05,309.82,1161.5,48.07,234.3,5.05,1,0,0,1,0,1,TWF,2.1
9878,L19877,L,299.66,309.15,1628.5,36.74,208.6,3.33,0,0,0,0,0,0,No Failure,44.2
9879,M19878,M,299.34,309.61,1549.1,36.41,44.3,3.23,0,0,0,0,0,0,No Failure,245.8
9880,M19879,M,299.58,310.01,1504.4,49.97,63.1,2.98,0,0,0,0,0,0,No Failure,217.5
9881,L19880,L,300.02,308.75,1704.0,40.87,145.3,1.86,0,0,0,0,0,0,No Failure,112.7
9882,M19881,M,298.46,307.52,1350.8,50.06,103.4,1.87,0,0,0,0,0,0,No Failure,164.7
9883,L19882,L,297.22,307.95,1495.6,41.76,53.5,2.06,0,0,0,0,0,0,No Failure,232.8
9884,H19883,H,302.28,312.79,1588.9,31.98,197.8,2.19,0,0,0,0,0,0,No Failure,63.3
9885,L19884,L,299.23,310.12,1385.3,48.18,0.4,2.63,0,0,0,0,0,0,No Failure,299.5
9886,M19885,M,300.33,311.7,1179.4,36.19,85.8,2.44,0,0,0,0,0,0,No Failure,195.1
9887,H19886,H,300.57,311.11,1331.6,46.28,232.3,4.72,1,0,0,0,0,1,TWF,6.9
9888,H19887,H,300.64,310.23,1526.4,33.62,190.2,2.35,0,0,0,0,0,0,No Failure,70.5
9889,L19888,L,297.65,307.77,1493.4,33.95,100.3,1.97,0,0,0,0,0,0,No Failure,178.7
9890,L19889,L,296.65,308.31,1534.7,35.85,232.2,4.05,1,0,0,0,0,1,TWF,1.0
9891,M19890,M,298.82,311.59,1420.0,41.67,225.2,5.85,1,0,0,0,0,1,TWF,3.2
9892,L19891,L,300.79,311.25,1303.1,45.88,13.1,2.92,0,0,0,0,0,0,No Failure,283.1
9893,H19892,H,298.54,309.08,1562.5,43.93,32.0,2.51,0,0,0,0,0,0,No Failure,259.4
9894,M19893,M,299.29,310.02,1508.2,38.57,96.8,1.6,0,0,0,0,0,0,No Failure,180.2
9895,M19894,M,304.25,314.28,1652.2,35.6,232.3,5.16,1,0,0,0,0,1,TWF,8.4
9896,L19895,L,296.31,307.47,1404.2,32.96,211.1,2.47,0,0,0,0,0,0,No Failure,46.1
9897,M19896,M,298.49,309.5,1176.3,42.15,11.9,3.32,0,0,0,0,0,0,No Failure,285.0
9898,M19897,M,303.79,314.15,1100.0,56.55,128.1,2.64,0,0,0,0,0,0,No Failure,127.3
9899,H19898,H,299.91,309.59,1466.1,45.34,180.1,2.63,0,0,0,0,0,0,No Failure,69.7
9900,L19899,L,298.59,307.07,1560.9,36.62,69.0,3.17,0,0,0,0,0,0,No Failure,205.1
9901,L19900,L,302.34,313.07,1496.4,46.63,180.6,1.92,0,0,0,0,0,0,No Failure,67.5
9902,L19901,L,300.11,310.32,1436.8,31.9,92.4,3.34,0,0,0,0,0,0,No Failure,189.4
9903,L19902,L,299.3,308.57,1253.1,50.67,68.5,2.27,0,0,0,0,0,0,No Failure,210.1
9904,M19903,M,300.38,309.25,1199.8,44.05,98.1,3.19,0,0,0,0,0,0,No Failure,172.7
9905,H19904,H,298.68,309.35,1603.7,30.9,237.7,3.5,0,0,0,0,0,0,No Failure,17.1
9906,L19905,L,297.97,306.36,1497.3,34.72,226.3,3.89,1,0,0,0,0,1,TWF,4.9
9907,H19906,H,299.77,310.07,1472.9,40.17,228.5,5.52,1,0,0,0,0,1,TWF,1.0
9908,L19907,L,297.98,308.82,1262.0,50.61,229.3,4.67,0,0,0,1,0,1,OSF,13.8
9909,L19908,L,300.02,310.57,1365.0,46.5,44.6,2.33,0,0,0,0,0,0,No Failure,242.7
9910,L19909,L,300.71,310.32,1546.1,36.77,224.0,4.96,1,0,0,0,0,1,TWF,1.0
9911,L19910,L,301.71,310.46,1588.9,42.19,53.1,2.26,0,0,0,0,0,0,No Failure,228.2
9912,H19911,H,302.26,312.84,1508.6,51.58,209.5,1.38,0,0,0,0,0,0,No Failure,22.5
9913,L19912,L,299.19,310.39,1784.9,32.78,135.5,3.13,0,0,0,0,0,0,No Failure,137.2
9914,M19913,M,301.0,310.43,1435.0,42.48,60.0,1.89,0,0,0,0,0,0,No Failure,224.3
9915,L19914,L,300.99,311.49,1768.4,29.65,99.6,1.13,0,0,0,0,0,0,No Failure,182.2
9916,H19915,H,300.66,312.24,1576.8,35.31,108.3,3.13,0,0,0,0,0,0,No Failure,168.1
9917,L19916,L,299.04,309.38,1557.4,47.27,183.3,2.79,0,0,0,0,0,0,No Failure,63.4
9918,L19917,L,297.94,307.55,1704.9,44.0,151.5,1.71,0,0,0,0,0,0,No Failure,107.5
9919,L19918,L,301.0,312.04,1426.3,40.66,204.2,3.15,0,0,0,0,0,0,No Failure,44.7
9920,L19919,L,296.59,305.85,1479.1,44.0,99.2,2.9,0,0,0,0,0,0,No Failure,173.9
9921,L19920,L,299.46,308.17,1319.0,51.93,185.9,2.5,0,0,0,0,0,0,No Failure,48.7
9922,H19921,H,294.89,305.71,1705.4,32.06,198.2,2.29,0,0,0,0,0,0,No Failure,62.7
9923,M19922,M,297.33,306.92,1598.1,28.4,15.8,2.43,0,0,0,0,0,0,No Failure,281.5
9924,M19923,M,298.25,307.93,1734.5,39.42,93.9,2.62,0,0,0,0,0,0,No Failure,183.3
9925,M19924,M,302.19,311.57,1574.7,44.38,221.5,2.03,0,0,0,0,0,0,No Failure,18.0
9926,L19925,L,301.38,310.9,1735.4,39.82,176.2,3.17,0,0,0,0,0,0,No Failure,80.6
9927,L19926,L,298.89,310.3,1404.2,40.11,104.6,2.83,0,0,0,0,0,0,No Failure,169.6
9928,H19927,H,301.46,313.12,1714.7,45.65,45.7,2.42,0,0,0,0,0,0,No Failure,239.4
9929,H19928,H,301.78,313.57,1466.8,42.9,24.2,3.55,0,0,0,0,0,0,No Failure,269.5
9930,H19929,H,299.68,310.77,1538.5,30.97,57.3,2.32,0,0,0,0,0,0,No Failure,231.7
9931,H19930,H,297.23,307.7,1668.4,24.79,61.2,3.43,0,0,0,0,0,0,No Failure,229.5
9932,L19931,L,299.58,308.15,1954.7,28.62,92.7,2.68,0,0,0,0,0,0,No Failure,182.4
9933,L19932,L,299.8,309.62,1684.8,37.19,44.2,2.95,0,0,0,0,0,0,No Failure,245.6
9934,L19933,L,297.54,309.69,1701.7,33.24,36.5,2.28,0,0,0,0,0,0,No Failure,256.0
9935,L19934,L,300.73,310.3,1440.4,55.61,211.0,3.91,1,0,0,1,0,1,TWF,13.6
9936,L19935,L,300.56,312.07,1566.1,41.14,62.4,2.79,0,0,0,0,0,0,No Failure,221.8
9937,L19936,L,300.89,310.95,1520.8,32.64,140.4,1.79,0,0,0,0,0,0,No Failure,131.4
9938,M19937,M,300.56,307.88,1790.0,17.63,49.8,5.12,0,0,1,0,0,1,PWF,6.7
9939,H19938,H,301.46,312.1,1511.9,41.33,122.9,2.55,0,0,0,0,0,0,No Failure,145.8
9940,M19939,M,299.64,310.91,1775.8,40.71,69.2,2.11,0,0,0,0,0,0,No Failure,213.5
9941,H19940,H,300.4,310.35,1305.0,59.02,21.7,2.48,0,0,0,0,0,0,No Failure,269.8
9942,L19941,L,299.2,310.44,1788.4,32.13,245.5,4.88,1,0,0,0,0,1,TWF,12.9
9943,L19942,L,298.83,307.16,1383.8,55.41,114.5,1.62,0,0,0,0,0,0,No Failure,132.9
9944,M19943,M,302.68,311.29,1690.8,25.97,98.3,2.66,0,0,0,0,0,0,No Failure,178.3
9945,L19944,L,295.91,306.12,1383.3,40.97,49.8,2.13,0,0,0,0,0,0,No Failure,237.7
9946,L19945,L,301.75,312.23,1648.7,29.29,123.8,1.86,0,0,0,0,0,0,No Failure,153.8
9947,L19946,L,298.76,310.12,1365.7,49.48,158.8,1.3,0,0,0,0,0,0,No Failure,92.8
9948,L19947,L,298.5,309.14,1723.5,25.7,76.2,1.57,0,0,0,0,0,0,No Failure,211.8
9949,M19948,M,300.52,309.33,1689.3,38.33,120.1,2.51,0,0,0,0,0,0,No Failure,147.7
9950,L19949,L,297.02,307.23,1430.5,33.25,59.3,2.53,0,0,0,0,0,0,No Failure,228.6
9951,M19950,M,298.37,308.97,1641.5,48.86,131.9,2.81,0,0,0,0,0,0,No Failure,124.4
9952,M19951,M,298.3,306.43,1707.6,32.52,196.8,3.53,0,0,0,0,0,0,No Failure,46.3
9953,L19952,L,299.56,309.51,1372.7,46.35,15.1,3.31,0,0,0,0,0,0,No Failure,280.7
9954,L19953,L,298.39,308.06,1352.9,31.83,129.5,3.1,0,0,0,0,0,0,No Failure,145.2
9955,L19954,L,303.2,312.55,1346.2,34.11,99.8,3.21,0,0,0,0,0,0,No Failure,179.2
9956,L19955,L,303.59,314.09,1320.9,40.01,18.5,2.61,0,0,0,0,0,0,No Failure,276.9
9957,M19956,M,295.96,304.81,1345.4,50.55,235.1,2.6,0,0,0,0,0,0,No Failure,1.0
9958,M19957,M,301.09,311.51,1703.5,39.83,65.0,3.42,0,0,0,0,0,0,No Failure,219.1
9959,M19958,M,301.72,312.28,1637.9,44.23,141.2,2.63,0,0,0,0,0,0,No Failure,120.4
9960,L19959,L,301.09,312.17,1234.4,38.04,93.2,2.64,0,0,0,0,0,0,No Failure,185.0
9961,M19960,M,298.68,307.56,1446.7,45.02,67.8,3.2,0,0,0,0,0,0,No Failure,211.0
9962,M19961,M,299.51,308.01,1330.7,41.17,131.8,4.64,0,1,0,0,0,1,HDF,10.9
9963,L19962,L,298.5,308.78,1692.2,29.8,172.3,2.42,0,0,0,0,0,0,No Failure,96.2
9964,M19963,M,299.16,308.87,1457.5,37.41,196.4,1.68,0,0,0,0,0,0,No Failure,58.4
9965,L19964,L,297.58,310.48,1261.5,46.75,158.5,2.22,0,0,0,0,0,0,No Failure,95.9
9966,M19965,M,299.77,310.23,1568.5,42.88,131.6,2.3,0,0,0,0,0,0,No Failure,133.7
9967,M19966,M,296.99,307.05,1646.6,44.3,194.3,2.34,0,0,0,0,0,0,No Failure,52.7
9968,L19967,L,299.6,309.43,1367.3,47.53,129.4,2.99,0,0,0,0,0,0,No Failure,132.8
9969,M19968,M,297.5,306.28,1490.6,44.69,243.6,1.89,0,0,0,0,0,0,No Failure,1.0
9970,L19969,L,300.41,310.98,1376.5,56.35,131.7,3.39,0,0,0,0,0,0,No Failure,121.4
9971,L19970,L,298.64,308.56,1760.7,38.96,79.3,1.26,0,0,0,0,0,0,No Failure,201.7
9972,H19971,H,300.58,310.5,1460.8,39.58,111.6,2.86,0,0,0,0,0,0,No Failure,161.2
9973,H19972,H,302.16,312.26,1408.8,46.66,122.5,2.99,0,0,0,0,0,0,No Failure,142.3
9974,L19973,L,303.18,313.4,1528.8,51.2,70.9,2.92,0,0,0,0,0,0,No Failure,204.8
9975,L19974,L,294.94,303.2,1500.8,33.88,39.7,3.16,0,0,0,0,0,0,No Failure,237.3
9976,L19975,L,298.33,309.17,1661.2,33.1,107.8,2.37,0,0,0,0,0,0,No Failure,170.2
9977,L19976,L,299.39,308.55,1755.7,44.33,224.3,3.25,0,0,0,0,0,0,No Failure,13.1
9978,H19977,H,300.92,310.78,1757.0,32.12,63.9,2.09,0,0,0,0,0,0,No Failure,223.5
9979,H19978,H,296.7,307.99,1469.6,46.18,90.5,2.14,0,0,0,0,0,0,No Failure,183.8
9980,M19979,M,298.04,309.82,1592.6,46.7,189.4,3.74,0,0,0,0,0,0,No Failure,56.1
9981,L19980,L,300.26,308.56,1804.4,24.46,20.6,2.61,0,0,0,0,0,0,No Failure,262.3
9982,M19981,M,300.17,310.2,1811.3,30.27,206.3,3.07,0,0,0,0,0,0,No Failure,55.3
9983,L19982,L,300.76,311.03,1381.2,51.87,180.1,2.8,0,0,0,0,0,0,No Failure,62.4
9984,H19983,H,300.89,309.38,1644.0,35.61,137.4,2.93,0,0,0,0,0,0,No Failure,122.3
9985,H19984,H,300.68,311.48,1613.8,23.05,52.4,1.3,0,0,0,0,0,0,No Failure,240.2
9986,M19985,M,300.39,310.5,1703.8,31.65,23.2,2.73,0,0,0,0,0,0,No Failure,272.3
9987,L19986,L,300.11,310.31,1760.6,39.64,57.9,2.51,0,0,0,0,0,0,No Failure,227.9
9988,L19987,L,301.33,310.41,1351.7,53.33,190.4,3.08,0,0,0,0,0,0,No Failure,47.2
9989,L19988,L,295.52,305.93,1414.4,42.78,233.4,4.82,1,0,0,0,0,1,TWF,2.9
9990,H19989,H,303.09,313.93,1700.5,38.67,184.5,3.22,0,0,0,0,0,0,No Failure,71.6
9991,L19990,L,295.59,305.72,1564.5,35.77,131.9,1.78,0,0,0,0,0,0,No Failure,139.1
9992,L19991,L,297.84,307.33,1139.3,58.99,237.7,4.05,1,0,0,1,0,1,TWF,10.6
9993,L19992,L,299.55,309.11,1239.7,58.37,207.1,4.11,1,0,0,1,0,1,TWF,11.6
9994,H19993,H,301.35,311.57,1656.6,41.6,164.0,1.85,0,0,0,0,0,0,No Failure,94.1
9995,L19994,L,294.01,304.06,1688.2,34.71,9.5,2.5,0,0,0,0,0,0,No Failure,288.5
9996,H19995,H,299.94,310.85,1296.4,49.32,71.9,3.32,0,0,0,0,0,0,No Failure,206.2
9997,H19996,H,301.58,311.1,1734.8,41.25,77.1,2.52,0,0,0,0,0,0,No Failure,203.4
9998,H19997,H,301.99,310.77,1502.7,40.12,86.8,1.73,0,0,0,0,0,0,No Failure,187.4
9999,L19998,L,298.61,308.96,1355.0,49.88,97.3,1.23,0,0,0,0,0,0,No Failure,172.8
10000,L19999,L,299.4,308.92,1437.7,44.33,234.8,2.9,0,0,0,0,0,0,No Failure,1.1
